{
	"1": { "startX":0, "startY":6, "height":10, "width":14, "data":[1, 1, 1, 1, 1, 1, 1, 1, 1, 1, 1, 1, 1, 1, 5, 6, 0, 0, 0, 0, 0, 0, 0, 0, 0, 0, 0, 0, 0, 11, 7, 0, 0, 8, 0, 0, 0, 0, 0, 9, 0, 0, 0, 0, 0, 0, 0, 0, 0, 0, 0, 0, 13, 0, 0, 14, 0, 0, 0, 0, 0, 0, 0, 0, 0, 5, 16, 0, 0, 6, 0, 0, 7, 0, 0, 0, 0, 0, 8, 0, 0, 0, 0, 18, 0, 0, 0, 0, 0, 0, 9, 0, 0, 0, 0, 0, 13, 14, 0, 0, 0, 0, 0, 0, 0, 0, 0, 0, 0, 0, 0, 0, 0, 0, 0, 0, 0, 0, 19, 0, 0, 0, 0, 0, 0, 0, 0, 9, 0, 0, 0, 0, 3, 0, 0, 0, 0, 12, 0, 0], "unlock":0 },

	"2": { "startX":5, "startY":3, "height":10, "width":14, "data":[1, 1, 1, 1, 1, 1, 1, 2, 1, 1, 1, 1, 1, 1, 0, 0, 10, 0, 0, 0, 0, 4, 0, 0, 0, 0, 0, 17, 0, 0, 0, 0, 0, 0, 0, 0, 0, 0, 0, 0, 0, 0, 0, 0, 0, 0, 0, 0, 0, 5, 0, 0, 0, 0, 0, 0, 0, 0, 0, 0, 0, 0, 0, 0, 0, 12, 0, 0, 0, 0, 0, 6, 0, 0, 0, 0, 0, 0, 0, 0, 0, 0, 0, 0, 0, 0, 14, 0, 0, 0, 0, 0, 0, 0, 0, 0, 0, 0, 0, 8, 0, 0, 0, 0, 0, 0, 9, 0, 0, 0, 0, 0, 0, 0, 0, 19, 0, 6, 0, 0, 0, 0, 0, 0, 0, 7, 18, 0, 13, 3, 0, 0, 0, 0, 0, 0, 0, 0, 0, 0], "unlock":0 },

	"8": { "startX":0, "startY":2, "height":10, "width":14, "data":[1, 2, 1, 1, 1, 1, 1, 1, 1, 1, 1, 1, 1, 1, 0, 4, 0, 0, 0, 0, 18, 0, 0, 0, 0, 0, 0, 0, 0, 0, 0, 0, 0, 0, 5, 0, 0, 0, 0, 13, 0, 0, 0, 0, 0, 0, 0, 0, 0, 0, 19, 0, 0, 0, 0, 0, 0, 0, 10, 15, 0, 0, 0, 0, 4, 0, 0, 0, 0, 0, 0, 0, 0, 0, 0, 0, 0, 6, 0, 0, 0, 18, 14, 0, 0, 0, 0, 0, 0, 8, 0, 0, 0, 0, 0, 0, 0, 0, 0, 18, 12, 0, 0, 0, 0, 0, 0, 9, 0, 0, 0, 0, 7, 0, 0, 0, 0, 0, 10, 0, 0, 0, 0, 0, 0, 0, 0, 0, 0, 0, 0, 0, 19, 0, 0, 0, 0, 19, 10, 0], "enemies":[{"type":"monster", "fromX":0, "toX":0, "fromY":3, "toY":5}, {"type":"monster", "fromX":5, "toX":5, "fromY":1, "toY":2}], "unlock":8 },

	"6": { "startX":13, "startY":9, "height":10, "width":14, "data":[1, 1, 1, 1, 1, 2, 1, 1, 1, 1, 1, 1, 2, 1, 0, 0, 0, 0, 0, 4, 0, 0, 0, 0, 0, 0, 4, 0, 0, 0, 0, 15, 0, 18, 12, 0, 0, 0, 0, 0, 0, 16, 0, 0, 0, 0, 5, 0, 0, 0, 0, 0, 0, 0, 0, 0, 8, 18, 0, 0, 0, 0, 0, 0, 0, 0, 6, 0, 0, 0, 15, 0, 0, 0, 0, 16, 0, 0, 0, 14, 0, 0, 0, 0, 0, 0, 0, 13, 0, 0, 0, 0, 0, 0, 0, 0, 0, 9, 0, 0, 0, 0, 0, 0, 0, 0, 0, 0, 0, 0, 0, 15, 0, 0, 0, 0, 0, 0, 0, 0, 0, 0, 0, 0, 18, 0, 0, 0, 19, 0, 0, 0, 0, 16, 19, 0, 0, 0, 0, 0], "enemies":[{"type":"monster", "fromX":0, "toX":2, "fromY":3, "toY":3}, {"type":"monster", "fromX":5, "toX":7, "fromY":5, "toY":5}, {"type":"monster", "fromX":11, "toX":13, "fromY":4, "toY":4}], "unlock":4 },

	"3": { "startX":2, "startY":8, "height":10, "width":14, "data":[1, 1, 1, 1, 1, 2, 1, 1, 1, 1, 1, 1, 1, 1, 0, 0, 0, 0, 11, 4, 18, 0, 0, 0, 0, 0, 0, 0, 0, 0, 0, 0, 15, 0, 0, 5, 0, 0, 0, 0, 0, 0, 0, 0, 0, 0, 0, 0, 0, 0, 0, 0, 0, 0, 0, 18, 0, 0, 0, 0, 0, 0, 0, 0, 0, 0, 0, 0, 6, 0, 0, 0, 0, 0, 0, 0, 9, 0, 0, 0, 0, 0, 0, 0, 0, 0, 0, 0, 0, 0, 0, 0, 0, 12, 0, 0, 0, 0, 13, 0, 0, 0, 7, 0, 0, 0, 0, 18, 0, 0, 0, 0, 0, 0, 0, 0, 0, 15, 0, 0, 11, 0, 0, 0, 0, 0, 0, 0, 0, 0, 0, 0, 0, 0, 14, 0, 0, 0, 0, 11], "enemies":[{"type":"monster", "fromX":0, "toX":1, "fromY":4, "toY":4}, {"type":"monster", "fromX":2, "toX":2, "fromY":5, "toY":7}, {"type":"monster", "fromX":7, "toX":9, "fromY":8, "toY":8}] , "unlock":0},

	"16": { "startX":7, "startY":3, "height":10, "width":14, "data":[1, 1, 1, 1, 1, 1, 2, 1, 1, 1, 1, 1, 1, 1, 0, 0, 17, 0, 0, 0, 4, 0, 0, 0, 0, 0, 0, 0, 0, 5, 0, 0, 0, 0, 0, 0, 0, 0, 0, 0, 0, 0, 15, 0, 0, 0, 6, 0, 0, 0, 0, 0, 0, 0, 9, 0, 0, 0, 0, 0, 0, 18, 0, 0, 0, 13, 0, 0, 0, 15, 0, 0, 0, 0, 0, 14, 0, 0, 0, 17, 0, 0, 0, 0, 0, 0, 7, 0, 0, 0, 0, 15, 0, 0, 0, 18, 0, 0, 0, 0, 0, 0, 0, 0, 0, 0, 8, 0, 0, 0, 0, 0, 0, 0, 13, 0, 0, 18, 0, 5, 0, 0, 0, 13, 0, 12, 9, 0, 17, 14, 19, 0, 0, 0, 0, 0, 0, 0, 0, 0], "enemies":[{"type":"monster", "fromX":1, "toX":4, "fromY":1, "toY":1}, {"type":"monster", "fromX":5, "toX":6, "fromY":3, "toY":3}, {"type":"monster", "fromX":11, "toX":13, "fromY":7, "toY":7}, {"type":"monster", "fromX":6, "toX":8, "fromY":5, "toY":5}], "unlock":23 },

	"7": { "startX":10, "startY":6, "height":10, "width":14, "data":[1, 1, 1, 1, 1, 1, 1, 1, 1, 0, 10, 0, 2, 1, 0, 0, 0, 0, 0, 12, 0, 0, 0, 0, 0, 0, 4, 0, 0, 0, 0, 0, 0, 0, 0, 0, 0, 0, 0, 0, 0, 0, 0, 0, 0, 10, 0, 0, 0, 0, 0, 0, 5, 0, 0, 0, 0, 0, 0, 0, 6, 0, 0, 0, 0, 0, 0, 0, 0, 0, 0, 0, 0, 0, 0, 0, 0, 0, 0, 0, 0, 0, 0, 0, 0, 9, 0, 0, 0, 0, 10, 0, 0, 0, 0, 0, 0, 0, 0, 0, 0, 0, 7, 0, 0, 0, 0, 13, 0, 0, 0, 0, 0, 0, 0, 0, 0, 14, 0, 0, 0, 0, 0, 0, 0, 0, 0, 18, 19, 0, 0, 0, 0, 0, 0, 0, 0, 0, 0, 0], "enemies":[{"type":"monster", "fromX":8, "toX":9, "fromY":3, "toY":3}, {"type":"monster", "fromX":0, "toX":0, "fromY":7, "toY":9}], "unlock":5 },

	"4": { "startX":2, "startY":7, "height":10, "width":14, "data":[11, 0, 0, 0, 0, 0, 13, 0, 0, 0, 0, 0, 0, 0, 5, 21, 0, 0, 0, 0, 0, 0, 6, 0, 0, 0, 7, 0, 0, 0, 8, 0, 0, 0, 0, 0, 0, 0, 0, 9, 0, 12, 0, 0, 0, 0, 0, 0, 0, 19, 0, 0, 0, 0, 0, 0, 0, 0, 0, 0, 0, 0, 6, 4, 0, 0, 0, 0, 0, 0, 13, 0, 0, 0, 8, 0, 0, 0, 0, 18, 0, 0, 0, 9, 0, 0, 0, 0, 0, 0, 0, 0, 0, 0, 0, 0, 0, 0, 0, 0, 0, 0, 0, 0, 0, 5, 0, 0, 0, 0, 0, 0, 7, 0, 0, 0, 0, 0, 0, 0, 0, 11, 5, 0, 0, 0, 0, 0, 0, 11, 0, 14, 0, 0, 0, 0, 0, 0, 0, 0], "toggles":[{"fromX":7, "toX":6, "fromY":3, "toY":8}, {"fromX":0, "toX":9, "fromY":5, "toY":6}, {"fromX":5, "toX":13, "fromY":9, "toY":7}], "unlock":2 },

	"14": { "startX":2, "startY":4, "height":10, "width":14, "data":[1, 20, 1, 1, 1, 1, 20, 1, 2, 1, 1, 20, 1, 1, 12, 0, 0, 0, 0, 0, 0, 0, 4, 0, 0, 0, 0, 0, 0, 0, 0, 0, 0, 0, 0, 0, 18, 0, 0, 0, 0, 0, 0, 17, 0, 0, 0, 0, 0, 0, 0, 7, 0, 0, 0, 0, 0, 0, 0, 0, 0, 7, 0, 0, 0, 0, 0, 0, 0, 0, 0, 0, 0, 0, 0, 0, 0, 15, 6, 0, 0, 18, 0, 0, 0, 0, 8, 17, 0, 0, 0, 0, 0, 0, 5, 0, 0, 0, 0, 0, 0, 0, 0, 0, 0, 13, 0, 0, 0, 0, 0, 14, 0, 0, 0, 0, 0, 0, 6, 0, 0, 0, 0, 0, 17, 0, 13, 0, 0, 0, 0, 0, 0, 18, 0, 15, 8, 0, 0, 0], "toggles":[{"fromX":7, "toX":6, "fromY":3, "toY":8}, {"fromX":0, "toX":9, "fromY":5, "toY":6}, {"fromX":5, "toX":13, "fromY":9, "toY":7}], "unlock":20 },

	"22": { "startX":6, "startY":7, "height":10, "width":14, "data":[1, 1, 20, 1, 1, 1, 20, 1, 1, 1, 20, 1, 1, 1, 16, 0, 0, 5, 0, 0, 0, 0, 0, 0, 17, 0, 0, 0, 6, 0, 0, 0, 0, 0, 0, 0, 0, 0, 0, 0, 0, 13, 0, 12, 0, 0, 0, 0, 0, 0, 0, 0, 0, 0, 0, 0, 0, 0, 18, 0, 0, 0, 14, 0, 0, 0, 0, 0, 0, 0, 0, 0, 9, 0, 0, 0, 0, 0, 0, 18, 0, 0, 0, 0, 0, 0, 0, 0, 0, 0, 0, 0, 0, 0, 0, 0, 0, 0, 0, 0, 0, 0, 0, 0, 0, 0, 0, 0, 0, 8, 11, 0, 18, 0, 0, 0, 0, 14, 0, 0, 0, 0, 0, 0, 7, 0, 0, 0, 0, 0, 0, 0, 0, 0, 0, 0, 0, 0, 0, 15], "enemies":[{"type":"monster", "fromX":4, "toX":4, "fromY":3, "toY":5}, {"type":"monster", "fromX":8, "toX":13, "fromY":4, "toY":4}], "unlock":40 },

	"20": { "startX":5, "startY":7, "height":10, "width":14, "data":[1, 1, 20, 1, 1, 1, 20, 1, 2, 1, 20, 1, 1, 1, 0, 0, 0, 0, 0, 0, 0, 0, 3, 0, 0, 5, 0, 0, 0, 0, 18, 0, 0, 0, 0, 0, 3, 0, 0, 21, 11, 0, 14, 0, 0, 0, 0, 0, 0, 0, 3, 0, 0, 0, 0, 0, 0, 0, 0, 6, 0, 16, 0, 0, 3, 18, 0, 0, 0, 0, 0, 0, 0, 0, 0, 0, 0, 12, 3, 0, 0, 0, 0, 0, 0, 0, 0, 19, 18, 0, 0, 0, 4, 0, 0, 0, 0, 0, 0, 21, 9, 4, 0, 0, 0, 0, 0, 0, 6, 0, 0, 0, 0, 0, 0, 0, 0, 0, 0, 0, 0, 0, 0, 0, 0, 5, 15, 10, 0, 19, 0, 0, 0, 0, 0, 15, 9, 0, 0, 0], "toggles":[{"fromX":0, "toX":0, "fromY":3, "toY":1}, {"fromX":10, "toX":11, "fromY":9, "toY":9}], "enemies":[{"type":"monster", "fromX":5, "toX":5, "fromY":1, "toY":3}, {"type":"monster", "fromX":9, "toX":13, "fromY":5, "toY":5}], "unlock":32 },

	"18": { "startX":0, "startY":5, "height":10, "width":14, "data":[1, 1, 1, 20, 1, 1, 1, 20, 1, 1, 1, 20, 1, 2, 0, 11, 0, 0, 0, 0, 0, 0, 0, 0, 0, 0, 0, 4, 0, 6, 19, 0, 9, 0, 0, 0, 0, 0, 0, 0, 0, 0, 0, 0, 4, 0, 0, 0, 0, 0, 0, 0, 0, 0, 12, 0, 0, 0, 0, 0, 0, 0, 0, 0, 0, 0, 0, 15, 0, 0, 0, 0, 21, 0, 0, 0, 0, 0, 0, 0, 0, 0, 0, 18, 0, 0, 0, 0, 0, 5, 0, 0, 0, 0, 0, 0, 0, 0, 0, 0, 19, 14, 0, 16, 0, 0, 0, 0, 0, 0, 0, 0, 0, 7, 4, 0, 0, 0, 0, 0, 0, 0, 0, 0, 8, 0, 0, 11, 0, 0, 0, 0, 0, 0, 0, 0, 0, 18, 0, 15], "toggles":[{"fromX":1, "toX":0, "fromY":2, "toY":2}, {"fromX":12, "toX":12, "fromY":8, "toY":9}], "enemies":[{"type":"monster", "fromX":8, "toX":8, "fromY":1, "toY":5}, {"type":"monster", "fromX":2, "toX":4, "fromY":6, "toY":6}], "unlock":28 }, 

	"5": { "startX":3, "startY":6, "height":10, "width":14, "data":[1, 1, 1, 1, 1, 1, 1, 1, 1, 1, 1, 1, 1, 1, 11, 6, 0, 0, 0, 0, 0, 0, 0, 0, 13, 0, 15, 0, 0, 0, 0, 0, 0, 0, 0, 0, 0, 0, 0, 0, 18, 0, 0, 0, 0, 0, 0, 0, 12, 13, 0, 0, 0, 0, 0, 0, 9, 0, 0, 0, 0, 0, 0, 0, 0, 0, 0, 0, 5, 0, 0, 0, 7, 0, 0, 0, 0, 0, 0, 0, 0, 0, 0, 0, 0, 0, 15, 0, 0, 0, 0, 0, 14, 0, 0, 0, 0, 0, 0, 18, 0, 7, 0, 0, 0, 0, 0, 0, 0, 0, 0, 0, 0, 0, 0, 0, 0, 0, 0, 0, 0, 7, 0, 0, 0, 0, 0, 0, 0, 0, 10, 0, 0, 0, 0, 0, 0, 0, 0, 13], "enemies":[{"type":"monster", "fromX":4, "toX":4, "fromY":2, "toY":4},{"type":"monster", "fromX":4, "toX":7, "fromY":8, "toY":8},  {"type":"monster", "fromX":11, "toX":11, "fromY":4, "toY":8}], "unlock":3 },

	"9": { "startX":1, "startY":3, "height":10, "width":14, "data": [1, 20, 1, 1, 1, 1, 20, 2, 1, 1, 1, 20, 1, 1, 0, 0, 0, 0, 0, 0, 0, 3, 0, 0, 0, 0, 0, 0, 0, 0, 0, 0, 0, 0, 0, 3, 0, 18, 0, 0, 12, 0, 0, 0, 11, 15, 0, 14, 0, 3, 0, 0, 7, 0, 0, 0, 0, 5, 0, 0, 0, 0, 0, 4, 7, 0, 0, 0, 10, 0, 0, 0, 0, 0, 0, 0, 0, 6, 0, 0, 0, 0, 0, 0, 0, 0, 0, 0, 9, 0, 0, 18, 0, 14, 0, 0, 0, 0, 0, 0, 6, 0, 19, 0, 0, 0, 13, 0, 0, 0, 0, 0, 0, 0, 18, 0, 3, 0, 0, 0, 0, 0, 19, 0, 0, 0, 0, 0, 0, 6, 3, 0, 0, 5, 0, 0, 3, 14, 0, 0], "enemies":[{"type":"monster", "fromX":5, "toX":9, "fromY":8, "toY":8}, {"type":"monster", "fromX":8, "toX":13, "fromY":5, "toY":5}], "unlock":10 }, 

	"23": { "startX":6, "startY":4, "height":10, "width":14, "data":[1, 1, 1, 1, 1, 1, 1, 1, 1, 1, 1, 20, 1, 1, 17, 0, 0, 9, 0, 0, 0, 0, 8, 10, 0, 0, 0, 6, 0, 0, 21, 0, 0, 0, 0, 0, 8, 9, 0, 0, 0, 0, 0, 0, 0, 0, 0, 0, 0, 0, 0, 0, 0, 0, 15, 0, 6, 6, 0, 0, 0, 14, 0, 0, 0, 11, 0, 0, 13, 0, 0, 0, 0, 0, 0, 0, 14, 0, 0, 0, 0, 0, 0, 0, 0, 0, 0, 0, 0, 0, 0, 0, 21, 0, 0, 7, 18, 0, 0, 0, 0, 0, 0, 5, 0, 0, 0, 0, 0, 0, 0, 0, 0, 0, 18, 7, 0, 0, 9, 0, 0, 0, 0, 0, 12, 15, 13, 0, 0, 0, 0, 0, 0, 0, 13, 0, 0, 0, 0, 0], "enemies":[{"type":"monster", "fromX":4, "toX":7, "fromY":1, "toY":1}, {"type":"monster", "fromX":3, "toX":3, "fromY":2, "toY":7}, {"type":"monster", "fromX":7, "toX":11, "fromY":8, "toY":8}], "toggles":[{"fromX":9, "toX":9, "fromY":2, "toY":3}, {"fromX":13, "toX":13, "fromY":1, "toY":7}], "unlock":43 },

	"21": { "startX":11, "startY":3, "height":10, "width":14, "data":[2, 1, 20, 1, 1, 20, 1, 1, 20, 1, 1, 20, 1, 2, 4, 0, 0, 0, 12, 0, 0, 0, 0, 0, 0, 0, 0, 4, 0, 0, 0, 0, 0, 6, 0, 0, 0, 0, 0, 0, 0, 0, 0, 0, 9, 0, 15, 11, 0, 0, 13, 0, 0, 0, 0, 0, 0, 0, 0, 0, 0, 5, 0, 18, 0, 0, 14, 0, 0, 0, 0, 15, 0, 0, 0, 0, 0, 0, 0, 0, 11, 0, 15, 0, 0, 0, 0, 0, 0, 0, 0, 0, 0, 0, 0, 0, 0, 18, 0, 8, 0, 0, 21, 0, 0, 0, 0, 0, 0, 7, 0, 0, 0, 0, 0, 11, 0, 0, 0, 14, 0, 0, 0, 0, 0, 0, 0, 0, 0, 0, 19, 0, 0, 0, 0, 19, 0, 0, 21, 0], "enemies":[{"type":"monster", "fromX":13, "toX":13, "fromY":6, "toY":9}], "toggles":[{"fromX":5, "toX":4, "fromY":4, "toY":5}], "unlock":34 },

	"10": { "startX":6, "startY":5, "height":10, "width":14, "data":[1, 1, 1, 1, 1, 2, 1, 1, 1, 1, 1, 1, 1, 1, 0, 21, 0, 0, 0, 4, 0, 0, 0, 0, 0, 0, 0, 0, 0, 0, 0, 0, 0, 0, 0, 0, 0, 10, 6, 0, 0, 0, 0, 0, 18, 0, 0, 0, 0, 0, 0, 0, 0, 0, 0, 0, 0, 0, 0, 0, 0, 0, 0, 0, 0, 0, 0, 0, 0, 0, 0, 9, 0, 0, 0, 0, 0, 0, 0, 0, 18, 13, 0, 0, 0, 0, 0, 0, 0, 0, 0, 0, 14, 0, 0, 0, 0, 0, 0, 0, 0, 0, 0, 0, 7, 0, 0, 0, 0, 0, 10, 8, 13, 0, 10, 0, 21, 0, 0, 0, 0, 0, 12, 0, 0, 0, 0, 0, 19, 0, 0, 0, 0, 0, 0, 5, 0, 0, 0, 0], "enemies":[{"type":"monster", "fromX":9, "toX":9, "fromY":1, "toY":3}, {"type":"monster", "fromX":1, "toX":1, "fromY":6, "toY":7}], "toggles":[{"fromX":9, "toX":2, "fromY":9, "toY":2}] , "unlock":12 },

	"17": { "startX":11, "startY":7, "height":10, "width":14, "data":[1, 1, 1, 1, 1, 1, 1, 1, 1, 1, 1, 1, 1, 1, 5, 0, 0, 0, 0, 0, 0, 16, 0, 0, 0, 0, 0, 15, 0, 0, 21, 0, 0, 0, 0, 0, 0, 9, 0, 0, 0, 0, 0, 0, 0, 13, 0, 0, 0, 0, 0, 0, 0, 0, 15, 5, 0, 0, 0, 0, 0, 0, 14, 18, 21, 0, 0, 0, 0, 0, 0, 0, 0, 0, 0, 0, 0, 0, 0, 0, 0, 0, 0, 0, 0, 0, 7, 0, 0, 0, 0, 0, 0, 0, 8, 0, 0, 0, 0, 0, 0, 0, 0, 0, 0, 14, 13, 0, 0, 0, 0, 0, 0, 0, 0, 0, 6, 0, 15, 0, 0, 18, 0, 0, 0, 0, 16, 9, 16, 0, 0, 0, 0, 12, 0, 0, 0, 0, 0, 0], "enemies":[{"type":"monster", "fromX":9, "toX":9, "fromY":8, "toY":9}, {"type":"monster", "fromX":9, "toX":9, "fromY":4, "toY":5}, {"type":"monster", "fromX":6, "toX":8, "fromY":1, "toY":1}], "toggles":[{"fromX":0, "toX":1, "fromY":1, "toY":1}, {"fromX":5, "toX":3, "fromY":2, "toY":3}, {"fromX":13, "toX":6, "fromY":3, "toY":5}], "unlock":26 },

	"24": { "startX":13, "startY":7, "height":10, "width":14, "data":[1, 1, 1, 1, 1, 1, 1, 1, 1, 1, 1, 1, 1, 2, 0, 0, 0, 0, 0, 0, 0, 0, 0, 0, 0, 17, 0, 4, 0, 0, 0, 0, 0, 13, 18, 0, 0, 0, 0, 0, 0, 0, 0, 0, 0, 0, 5, 0, 0, 0, 0, 0, 0, 0, 15, 0, 0, 0, 0, 0, 0, 0, 0, 0, 0, 0, 0, 0, 8, 0, 0, 0, 0, 0, 0, 0, 0, 0, 0, 0, 0, 0, 0, 0, 0, 0, 0, 0, 0, 0, 0, 0, 14, 0, 0, 0, 0, 0, 0, 0, 0, 0, 0, 0, 0, 0, 5, 0, 0, 0, 0, 0, 7, 0, 0, 21, 0, 13, 0, 18, 0, 0, 21, 0, 0, 0, 17, 12, 0, 0, 19, 17, 0, 19, 0, 0, 0, 0, 0, 0], "enemies":[{"type":"monster", "fromX":0, "toX":0, "fromY":4, "toY":6}], "toggles":[{"fromX":5, "toX":7, "fromY":2, "toY":2}, {"fromX":0, "toX":0, "fromY":8, "toY":7}, {"fromX":5, "toX":6, "fromY":8, "toY":6}], "unlock":46 },

	"15": { "startX":12, "startY":1, "height":10, "width":14, "data":[1, 1, 1, 1, 1, 1, 2, 20, 1, 1, 1, 1, 1, 1, 0, 0, 8, 0, 0, 17, 3, 0, 0, 0, 0, 0, 0, 0, 18, 0, 0, 0, 0, 14, 3, 8, 18, 9, 0, 0, 0, 0, 0, 9, 0, 0, 0, 13, 4, 0, 0, 0, 0, 0, 0, 0, 0, 0, 0, 0, 0, 0, 0, 0, 0, 0, 0, 0, 0, 12, 6, 0, 0, 0, 0, 0, 3, 0, 6, 0, 0, 0, 0, 0, 0, 0, 18, 0, 0, 0, 3, 0, 0, 0, 0, 0, 9, 0, 0, 0, 0, 0, 0, 0, 3, 0, 0, 0, 7, 11, 0, 0, 0, 7, 0, 5, 0, 0, 4, 14, 0, 0, 0, 13, 0, 0, 0, 0, 0, 0, 0, 0, 21, 0, 0, 0, 0, 0, 0, 6], "enemies":[{"type":"monster", "fromX":4, "toX":4, "fromY":1, "toY":3}, {"type":"monster", "fromX":9, "toX":9, "fromY":6, "toY":7}, {"type":"monster", "fromX":1, "toX":5, "fromY":5, "toY":5}, {"type":"monster", "fromX":13, "toX":13, "fromY":5, "toY":8}], "toggles":[{"fromX":0, "toX":0, "fromY":5, "toY":6}, {"fromX":1, "toX":2, "fromY":3, "toY":4}, {"fromX":7, "toX":7, "fromY":2, "toY":3}, {"fromX":8, "toX":8, "fromY":5, "toY":6}], "unlock":22 }, 

 	"19":  { "startX":1, "startY":3, "height":10, "width":14, "data":[1, 20, 1, 1, 2, 1, 1, 1, 2, 1, 1, 1, 20, 1, 0, 0, 0, 0, 3, 6, 0, 0, 3, 0, 0, 0, 0, 0, 10, 0, 18, 21, 4, 0, 11, 21, 3, 0, 0, 0, 9, 18, 0, 0, 0, 0, 0, 0, 0, 0, 4, 0, 0, 0, 0, 19, 0, 9, 0, 0, 0, 0, 0, 0, 23, 0, 0, 0, 0, 3, 13, 13, 13, 13, 0, 0, 0, 0, 0, 0, 0, 0, 0, 4, 0, 0, 0, 0, 0, 0, 0, 0, 0, 0, 0, 0, 0, 15, 0, 0, 0, 7, 0, 0, 0, 0, 0, 8, 0, 0, 0, 14, 0, 18, 0, 12, 0, 0, 0, 0, 0, 0, 0, 0, 0, 0, 8, 0, 19, 0, 0, 0, 0, 0, 0, 11, 0, 0, 0, 14],"toggles":[{"fromX":2, "toX":4, "fromY":5, "toY":5}], "enemies":[{"type":"monster", "fromX":7, "toX":7, "fromY":7, "toY":9}, {"type":"monster", "fromX":10, "toX":10, "fromY":1, "toY":3}], "unlock":30 },

 	"11": { "startX":0, "startY":5, "height":10, "width":14, "data":[1, 20, 1, 1, 20, 1, 1, 1, 1, 1, 1, 20, 1, 2, 0, 11, 0, 0, 0, 0, 0, 0, 0, 0, 0, 0, 0, 4, 0, 6, 19, 0, 9, 0, 0, 0, 0, 0, 0, 0, 0, 0, 0, 0, 4, 0, 0, 0, 0, 0, 0, 0, 0, 0, 12, 0, 0, 0, 0, 0, 0, 0, 0, 0, 0, 0, 0, 15, 0, 0, 0, 0, 21, 0, 0, 0, 0, 0, 0, 0, 0, 0, 0, 18, 0, 0, 0, 0, 0, 5, 0, 0, 0, 0, 0, 0, 0, 0, 0, 0, 19, 14, 0, 16, 0, 0, 0, 0, 0, 0, 0, 0, 0, 7, 4, 0, 0, 0, 0, 0, 0, 0, 0, 0, 8, 0, 0, 11, 0, 0, 0, 0, 0, 0, 0, 0, 0, 18, 0, 15], "toggles":[{"fromX":1, "toX":0, "fromY":2, "toY":2}, {"fromX":12, "toX":12, "fromY":8, "toY":9}], "enemies":[{"type":"monster", "fromX":8, "toX":8, "fromY":1, "toY":5}, {"type":"monster", "fromX":2, "toX":4, "fromY":6, "toY":6}], "unlock":13 },
	
	"12": { "startX":7, "startY":5, "height":10, "width":14, "data":[1, 1, 20, 1, 1, 2, 1, 20, 1, 1, 1, 20, 1, 1, 7, 6, 0, 0, 18, 3, 10, 0, 0, 0, 5, 18, 0, 0, 0, 0, 0, 0, 0, 3, 0, 0, 13, 0, 0, 0, 0, 0, 0, 0, 0, 0, 13, 4, 9, 0, 0, 0, 0, 0, 0, 0, 12, 9, 0, 0, 0, 0, 0, 0, 0, 0, 0, 0, 0, 0, 15, 0, 0, 0, 0, 0, 0, 0, 0, 0, 0, 0, 0, 0, 0, 0, 0, 0, 0, 0, 0, 0, 19, 8, 0, 0, 0, 0, 0, 0, 14, 0, 0, 0, 0, 5, 3, 0, 0, 0, 0, 0, 0, 0, 0, 0, 0, 13, 0, 0, 3, 21, 0, 0, 0, 15, 0, 8, 11, 0, 0, 0, 0, 18, 3, 0, 0, 0, 0, 11], "toggles":[{"fromX":1, "toX":0, "fromY":9, "toY":9}], "enemies":[{"type":"monster", "fromX":3, "toX":3, "fromY":5, "toY":7},{"type":"monster", "fromX":10, "toX":10, "fromY":8, "toY":9}, {"type":"monster", "fromX":10, "toX":12, "fromY":4, "toY":4}], "unlock":15 },

	"13": { "startX":1, "startY":8, "height":10, "width":14, "data":[1, 1, 1, 1, 2, 1, 1, 1, 1, 1, 2, 1, 1, 1, 0, 0, 0, 0, 3, 0, 0, 0, 0, 0, 4, 0, 0, 0, 0, 0, 0, 0, 4, 0, 0, 0, 0, 0, 0, 0, 0, 0, 0, 16, 0, 0, 0, 0, 0, 9, 15, 0, 0, 0, 0, 0, 0, 15, 0, 0, 0, 0, 0, 0, 0, 0, 0, 0, 18, 12, 0, 9, 0, 0, 0, 0, 0, 0, 0, 14, 0, 13, 0, 0, 0, 0, 0, 14, 0, 0, 0, 0, 0, 0, 0, 0, 0, 0, 0, 0, 0, 0, 0, 0, 18, 0, 0, 0, 5, 0, 0, 0, 0, 17, 0, 0, 0, 0, 0, 0, 0, 0, 0, 0, 0, 0, 0, 0, 13, 0, 0, 0, 0, 0, 0, 8, 15, 0, 0, 11], "enemies":[{"type":"monster", "fromX":3, "toX":5, "fromY":3, "toY":3}, {"type":"monster", "fromX":11, "toX":11, "fromY":6, "toY":9}], "unlock":18 }
}