{"level": [
{"type":"box", "material":"ground", "x":332,"y":994,"rotation":0,"width":422,"height":422},
{"type":"chicken", "material":"blue", "x":576,"y":463,"rotation":0,"width":67,"height":59},
{"type":"linedark", "material":"wood", "x":436,"y":516,"rotation":0,"width":340,"height":48},
{"type":"box", "material":"wood", "x":170,"y":237,"rotation":0,"width":64,"height":66},
{"type":"trapeze", "material":"stone", "x":445,"y":566,"rotation":180,"width":103,"height":51},
{"type":"linedark", "material":"wood", "x":106,"y":186,"rotation":0,"width":255,"height":36},
{"type":"line", "material":"ground", "x":564,"y":625,"rotation":0,"width":340,"height":68},
{"type":"line", "material":"ground", "x":32,"y":304,"rotation":0,"width":340,"height":68},
{"type":"box", "material":"wood", "x":32,"y":237,"rotation":0,"width":64,"height":66},
{"type":"circle", "material":"stone", "x":93,"y":123,"rotation":0,"width":90,"height":90},
{"type":"box", "material":"tnt", "x":368,"y":738,"rotation":0,"width":90,"height":90}
]
}