{"level": [
{"type":"box", "material":"ground", "x":318,"y":872,"rotation":0,"width":256,"height":256},
{"type":"tshape", "material":"wood", "x":301,"y":373,"rotation":0,"width":170,"height":98},
{"type":"cross", "material":"wood", "x":310,"y":674,"rotation":45,"width":170,"height":170},
{"type":"linelight", "material":"wood", "x":303,"y":576,"rotation":0,"width":255,"height":51},
{"type":"box", "material":"glass", "x":306,"y":484,"rotation":0,"width":128,"height":128},
{"type":"chicken", "material":"blue", "x":309,"y":271,"rotation":0,"width":134,"height":120}
]
}