{"frames": {

"lavaFrame_01.png":
{
	"frame": {"x":186,"y":0,"w":64,"h":25},
	"rotated": false,
	"trimmed": true,
	"spriteSourceSize": {"x":23,"y":96,"w":64,"h":25},
	"sourceSize": {"w":110,"h":127}
},
"lavaFrame_02.png":
{
	"frame": {"x":84,"y":0,"w":100,"h":29},
	"rotated": false,
	"trimmed": true,
	"spriteSourceSize": {"x":5,"y":93,"w":100,"h":29},
	"sourceSize": {"w":110,"h":127}
},
"lavaFrame_03.png":
{
	"frame": {"x":0,"y":210,"w":82,"h":45},
	"rotated": false,
	"trimmed": true,
	"spriteSourceSize": {"x":13,"y":77,"w":82,"h":45},
	"sourceSize": {"w":110,"h":127}
},
"lavaFrame_04.png":
{
	"frame": {"x":186,"y":27,"w":60,"h":69},
	"rotated": false,
	"trimmed": true,
	"spriteSourceSize": {"x":22,"y":52,"w":60,"h":69},
	"sourceSize": {"w":110,"h":127}
},
"lavaFrame_05.png":
{
	"frame": {"x":68,"y":98,"w":58,"h":89},
	"rotated": false,
	"trimmed": true,
	"spriteSourceSize": {"x":24,"y":32,"w":58,"h":89},
	"sourceSize": {"w":110,"h":127}
},
"lavaFrame_06.png":
{
	"frame": {"x":0,"y":111,"w":40,"h":97},
	"rotated": false,
	"trimmed": true,
	"spriteSourceSize": {"x":33,"y":19,"w":40,"h":97},
	"sourceSize": {"w":110,"h":127}
},
"lavaFrame_07.png":
{
	"frame": {"x":0,"y":0,"w":40,"h":109},
	"rotated": false,
	"trimmed": true,
	"spriteSourceSize": {"x":33,"y":7,"w":40,"h":109},
	"sourceSize": {"w":110,"h":127}
},
"lavaFrame_08.png":
{
	"frame": {"x":42,"y":98,"w":24,"h":97},
	"rotated": false,
	"trimmed": true,
	"spriteSourceSize": {"x":42,"y":19,"w":24,"h":97},
	"sourceSize": {"w":110,"h":127}
},
"lavaFrame_09.png":
{
	"frame": {"x":128,"y":56,"w":26,"h":75},
	"rotated": false,
	"trimmed": true,
	"spriteSourceSize": {"x":40,"y":41,"w":26,"h":75},
	"sourceSize": {"w":110,"h":127}
},
"lavaFrame_10.png":
{
	"frame": {"x":42,"y":56,"w":20,"h":21},
	"rotated": false,
	"trimmed": true,
	"spriteSourceSize": {"x":41,"y":71,"w":20,"h":21},
	"sourceSize": {"w":110,"h":127}
},
"lavaFrame_11.png":
{
	"frame": {"x":42,"y":0,"w":36,"h":35},
	"rotated": false,
	"trimmed": true,
	"spriteSourceSize": {"x":34,"y":81,"w":36,"h":35},
	"sourceSize": {"w":110,"h":127}
},
"lavaFrame_12.png":
{
	"frame": {"x":128,"y":31,"w":44,"h":23},
	"rotated": false,
	"trimmed": true,
	"spriteSourceSize": {"x":29,"y":91,"w":44,"h":23},
	"sourceSize": {"w":110,"h":127}
}},
"meta": {
	"app": "http://www.texturepacker.com",
	"version": "1.0",
	"image": "SplashAssets-hd.png",
	"format": "RGBA8888",
	"size": {"w":250,"h":255},
	"scale": "1",
	"smartupdate": "$TexturePacker:SmartUpdate:854303dca7057c55bbfc20affad7b9ea$"
}
}
