{"frames": {

"lavaFrame_01.png":
{
	"frame": {"x":53,"y":26,"w":33,"h":14},
	"rotated": false,
	"trimmed": true,
	"spriteSourceSize": {"x":11,"y":47,"w":33,"h":14},
	"sourceSize": {"w":55,"h":64}
},
"lavaFrame_02.png":
{
	"frame": {"x":0,"y":110,"w":51,"h":16},
	"rotated": false,
	"trimmed": true,
	"spriteSourceSize": {"x":2,"y":46,"w":51,"h":16},
	"sourceSize": {"w":55,"h":64}
},
"lavaFrame_03.png":
{
	"frame": {"x":53,"y":0,"w":41,"h":24},
	"rotated": false,
	"trimmed": true,
	"spriteSourceSize": {"x":7,"y":38,"w":41,"h":24},
	"sourceSize": {"w":55,"h":64}
},
"lavaFrame_04.png":
{
	"frame": {"x":96,"y":0,"w":31,"h":36},
	"rotated": false,
	"trimmed": true,
	"spriteSourceSize": {"x":10,"y":25,"w":31,"h":36},
	"sourceSize": {"w":55,"h":64}
},
"lavaFrame_05.png":
{
	"frame": {"x":88,"y":38,"w":29,"h":46},
	"rotated": false,
	"trimmed": true,
	"spriteSourceSize": {"x":12,"y":15,"w":29,"h":46},
	"sourceSize": {"w":55,"h":64}
},
"lavaFrame_06.png":
{
	"frame": {"x":0,"y":58,"w":21,"h":50},
	"rotated": false,
	"trimmed": true,
	"spriteSourceSize": {"x":16,"y":9,"w":21,"h":50},
	"sourceSize": {"w":55,"h":64}
},
"lavaFrame_07.png":
{
	"frame": {"x":0,"y":0,"w":21,"h":56},
	"rotated": false,
	"trimmed": true,
	"spriteSourceSize": {"x":16,"y":3,"w":21,"h":56},
	"sourceSize": {"w":55,"h":64}
},
"lavaFrame_08.png":
{
	"frame": {"x":68,"y":42,"w":13,"h":50},
	"rotated": false,
	"trimmed": true,
	"spriteSourceSize": {"x":20,"y":9,"w":13,"h":50},
	"sourceSize": {"w":55,"h":64}
},
"lavaFrame_09.png":
{
	"frame": {"x":53,"y":86,"w":13,"h":40},
	"rotated": false,
	"trimmed": true,
	"spriteSourceSize": {"x":20,"y":19,"w":13,"h":40},
	"sourceSize": {"w":55,"h":64}
},
"lavaFrame_10.png":
{
	"frame": {"x":23,"y":38,"w":11,"h":12},
	"rotated": false,
	"trimmed": true,
	"spriteSourceSize": {"x":20,"y":35,"w":11,"h":12},
	"sourceSize": {"w":55,"h":64}
},
"lavaFrame_11.png":
{
	"frame": {"x":23,"y":16,"w":19,"h":20},
	"rotated": false,
	"trimmed": true,
	"spriteSourceSize": {"x":16,"y":39,"w":19,"h":20},
	"sourceSize": {"w":55,"h":64}
},
"lavaFrame_12.png":
{
	"frame": {"x":23,"y":0,"w":23,"h":14},
	"rotated": false,
	"trimmed": true,
	"spriteSourceSize": {"x":14,"y":44,"w":23,"h":14},
	"sourceSize": {"w":55,"h":64}
}},
"meta": {
	"app": "http://www.texturepacker.com",
	"version": "1.0",
	"image": "SplashAssets.png",
	"format": "RGBA8888",
	"size": {"w":127,"h":126},
	"scale": "0.5",
	"smartupdate": "$TexturePacker:SmartUpdate:a030d18cdcedc5f96bd71a74c503eda8$"
}
}
