{"project":"woblox","social_network":"kirk","subsystem":"palpatine","back_url":"m.softgames.de/?p=palpatine","game_description":"Slide the green block until it reaches the green arrows at the other side. Have fun in this crazy puzzle game!","game_title":"Woblox","banner_id":367,"locale":"cn","first_page":"<div class='voyager-page' id='voyager-first-page'>\n<div id='voyager-page-header'>\n<a class='header-link' href='m.softgames.de/?p=palpatine'></a>\n<div id='voyager-header-icon'></div>\n</div>\n<div id='voyager-page-body'>\n<div class='voyager-section voyager-bg-gradient'>\n<div class='voyager-wrapper'>\n<div id='voyager-game-container-1'>\n<div id='voyager-game-image'>\n<div class='rotated-image'>\n<img height='60px' src='//d1bjj4kazoovdg.cloudfront.net/assets/games/woblox/small_icon.jpg' width='60px'>\n</div>\n</div>\n<div id='voyager-game-info'>\n<div class='voyager-game-title' id='voyager-game-title'>\nWoblox\n</div>\n<div class='voyager-game-stars-container'>\n<div class=\"star-on\"></div><div class=\"star-on\"></div><div class=\"star-on\"></div><div class=\"star-on\"></div><div class=\"star-off\"></div>\n<div class='voyager-game-votes'>\n(96)\n</div>\n</div>\n\n</div>\n<div id='voyager-game-play-btn'>\n<a class='voyager-success-btn'>\nPlay\n</a>\n</div>\n</div>\n<div id='voyager-game-container-2'>\nSlide the green block until it reaches the green arrows at the other side. Have fun in this crazy puzzle game!\n</div>\n<div id='voyager-game-promo-text'>\n\n</div>\n</div>\n</div>\n<div class='voyager-section voyager-bg-stripes'>\n<div class='voyager-wrapper'>\n<div id='voyager-ad-container'>\nAdvertisement\n<div id='voyager-ad-content'></div>\n</div>\n</div>\n</div>\n<div class='voyager-section voyager-bg-gradient'>\n<div class='voyager-wrapper'>\n<div id='voyager-game-container-3'>\n...\n</div>\n<div id='voyager-game-container-4'>\n<div id='voyager-game-description-extra'>\n<div class='game_details'>\n<span class='bold'>Updated: </span>\n<span class='details' id='game_updated'>2014-05-21</span>\n<br>\n<span class='bold'>Language: </span>\n<span class='details' id='game_languages'>english</span>\n<br>\n<span class='bold'>Keywords: </span>\n<span class='details' id='keywords'>\nbrain teaser, unblock me puzzle\n</span>\n</div>\n\n</div>\n<div id='voyager-game-play-btn-2'>\n<a class='voyager-success-btn'>\nPlay\n</a>\n</div>\n</div>\n<div id='voyager-game-container-5'>\n<div class='voyager-game-stars-container'>\n<div class=\"star-on\"></div><div class=\"star-on\"></div><div class=\"star-on\"></div><div class=\"star-on\"></div><div class=\"star-off\"></div>\n<div class='voyager-game-votes'>\n(96)\n</div>\n</div>\n<span>\n96 Votes\n</span>\n</div>\n<div id='voyager-game-container-6'>\n<div id='voyager-game-images-gallery'>\n<div class='spacer10 gallery_wrapper' id='game_screens_gallery_wrapper'>\n<div class='gallery_scroller' id='game_screens_gallery_scroller'>\n<ul>\n<li>\n<img alt=\"Gal_01\" class=\"gallery_image lazy\" height=\"320\" src=\"//d1bjj4kazoovdg.cloudfront.net/assets/games/woblox/gal_01.jpg\" width=\"240\" />\n</li>\n</ul>\n</div>\n</div>\n\n</div>\n</div>\n</div>\n</div>\n</div>\n<div id='voyager-page-footer'>\n<div id='voyager-footer-container-1'>\n<a href='http://m.softgames.de/terms'>\nTerms\n</a>\n<span class='voyager-ad-container-game-footer-splitter'>\n&nbsp;|&nbsp;\n</span>\n<a href='http://m.softgames.de/imprint'>\nImprint\n</a>\n</div>\n<div id='voyager-footer-container-2'>\n<a href='http://www.softgames.de'>\n&copy; SOFTGAMES GmbH. Made in Berlin\n</a>\n</div>\n</div>\n</div>\n","ingame_ad_popup":"<div class='voyager-popup' id='voyager-ad-popup'>\n<div id='voyager-close-popup-container'>\n<a class='voyager-close-button voyager-circle-btn icon-cancel-circled-outline' id='voyager-close-popup-btn'></a>\n</div>\n<div id='voyager-ad-container'>\n<div id='voyager-ad-content'></div>\n</div>\n</div>\n","ingame_menu":"<div class='cbp-spmenu cbp-spmenu-left voyager-menu-container cbp-spmenu' id='voyager-menu-container'>\n<div class='cbp-spmenu-vertical voyager-menu' id='voyager-menu'>\n\n</div>\n<div class='voyager-menu-button-container' id='voyager-menu-button-container'>\n<a class='voyager-menu-button' href='' id='voyager-menu-button'></a>\n</div>\n</div>\n","ingame_header":"<div class=\"voyager-ingame-header\"></div>","ingame_footer":"<div class=\"voyager-ingame-footer\"></div>","loading_page":"<div class='voyager-popup'>\n<div id='voyager-loading-page'>\n<div id='voyager-loading-spinner'></div>\n</div>\n</div>\n","end_level_popup":"<div class='voyager-popup'>\n<div id='voyager-endlevel-popup'>\n<a class='voyager-close-button voyager-circle-btn icon-cancel-circled-outline' id='voyager-close-button'></a>\n<div id='voyager-current-game-container'>\n<img class='voyager-game-image' src='//d1bjj4kazoovdg.cloudfront.net/assets/games/woblox/teaser.jpg'>\n<div id='voyager-current-game-play-btn'>\n<a class='voyager-success-btn' id='voyager-more-games-btn'>\nplay more\n</a>\n</div>\n</div>\n<div id='voyager-game-social-container'>\n<div class='voyager-bg-gradient voyager-section-title' id='voyager-share-container'>\n<span>\nVote\n</span>\n</div>\n<div id='voyager-like-container'>\n<div id='voyager-rating-info-container'>\nGame is already rated\n</div>\n<div id='voyager-like-btn-container'>\n<a class='voyager-dislike-btn icon-thumbs-down' id='voyager-dislike-btn'></a>\n<a class='voyager-like-btn icon-thumbs-up' id='voyager-like-btn'></a>\n</div>\n<div id='voyager-like-info-container'>\nThank you for your vote!\n</div>\n</div>\n<div id='voyager-whatsapp-container'>\n<a class='voyager-whatsapp-btn'>\nWhatsapp\n</a>\n</div>\n</div>\n</div>\n</div>\n","more_games_page_a":"<div class='voyager-page' id='voyager-moregames-page'>\n<div id='voyager-page-header'>\n<a class='header-link' href='m.softgames.de/?p=palpatine'></a>\n<div id='voyager-header-icon'></div>\n</div>\n<div id='voyager-page-body'>\n<div class='voyager-wrapper'>\n<div class='voyager-section-title voyager-bg-gradient' id='voyager-similar-title'>\nSimilar games\n</div>\n<div class='voyager-similar-game voyager-bg-gradient'>\n<div class='rotated-image'>\n<img height='60px' src='//d1bjj4kazoovdg.cloudfront.net/assets/games/diving-kitties/small_icon.jpg' width='60px'>\n</div>\n<a class='voyager-game-info-container' href='http://games.softgames.de/diving-kitties/?p=palpatine'>\n<div class='voyager-game-name voyager-game-title'>\nDiving Kitties\n</div>\n<div class='voyager-game-stars-container'>\n<div class=\"star-on\"></div><div class=\"star-on\"></div><div class=\"star-on\"></div><div class=\"star-on\"></div><div class=\"star-off\"></div>\n</div>\n<div class='voyager-game-description'>\nPlay as a pair cats as you dive in the ocean, catch as many fishes as you can while avoiding dangerous ones in this fun fishing game!\n</div>\n</a>\n</div>\n<div class='voyager-similar-game voyager-bg-gradient'>\n<div class='rotated-image'>\n<img height='60px' src='//d1bjj4kazoovdg.cloudfront.net/assets/games/gridlock/small_icon.jpg' width='60px'>\n</div>\n<a class='voyager-game-info-container' href='http://games.softgames.de/gridlock/?p=palpatine'>\n<div class='voyager-game-name voyager-game-title'>\nGridlock\n</div>\n<div class='voyager-game-stars-container'>\n<div class=\"star-on\"></div><div class=\"star-on\"></div><div class=\"star-on\"></div><div class=\"star-on\"></div><div class=\"star-off\"></div>\n</div>\n<div class='voyager-game-description'>\nExiting brain teaser! Try to solve challenging puzzle in this free online game! Get the red brick outside the area to rule this free mobile game on...\n</div>\n</a>\n</div>\n<div class='voyager-similar-game voyager-bg-gradient'>\n<div class='rotated-image'>\n<img height='60px' src='//d1bjj4kazoovdg.cloudfront.net/assets/games/find-it/small_icon.jpg' width='60px'>\n</div>\n<a class='voyager-game-info-container' href='http://games.softgames.de/find-it/?p=palpatine'>\n<div class='voyager-game-name voyager-game-title'>\nFind it\n</div>\n<div class='voyager-game-stars-container'>\n<div class=\"star-on\"></div><div class=\"star-on\"></div><div class=\"star-on\"></div><div class=\"star-on\"></div><div class=\"star-off\"></div>\n</div>\n<div class='voyager-game-description'>\nTest your reflexes and train your eye-hand coordination! Find the shown object as fast as you can to collect some extra points and strive for a new...\n</div>\n</a>\n</div>\n<div class='voyager-bg-stripes' id='voyager-ad-container'>\n<div id='voyager-ad-label'>\nAdvertisement\n</div>\n<div id='voyager-ad-content'></div>\n</div>\n<div class='voyager-section-title voyager-bg-gradient' id='voyager-recent-title'>\nRecently played\n</div>\n<div id='voyager-current-game-container'>\n<img class='voyager-game-image' src='//d1bjj4kazoovdg.cloudfront.net/assets/games/woblox/teaser.jpg'>\n<div id='voyager-current-game-play-btn'>\n<a class='voyager-success-btn' id='voyager-play-again-btn'>\nplay again\n</a>\n</div>\n</div>\n<div class='voyager-bg-gradient voyager-section-title' id='voyager-share-container'>\n<span>\nShare\n</span>\n\n</div>\n<div id='voyager-game-status-container'>\n<div id='voyager-game-ranking-container'>\n<div id='voyager-ranking-title'>\nranking\n</div>\n<div id='voyager-ranking-value'>\nxxx\n</div>\n</div>\n<div id='voyager-game-score-container'>\n<div id='voyager-score-title'>\nscore\n</div>\n<div id='voyager-score-value'>\nxxx\n</div>\n</div>\n<div id='voyager-game-best-score-container'>\n<div id='voyager-best-score-title'>\nbest\n</div>\n<div id='voyager-best-score-value'>\n69246\n</div>\n</div>\n</div>\n</div>\n</div>\n<div id='voyager-page-footer'>\n<div id='voyager-footer-container-1'>\n<a href='http://m.softgames.de/terms'>\nTerms\n</a>\n<span class='voyager-ad-container-game-footer-splitter'>\n&nbsp;|&nbsp;\n</span>\n<a href='http://m.softgames.de/imprint'>\nImprint\n</a>\n</div>\n<div id='voyager-footer-container-2'>\n<a href='http://www.softgames.de'>\n&copy; SOFTGAMES GmbH. Made in Berlin\n</a>\n</div>\n</div>\n</div>\n","more_games_page_b":"<div class='voyager-page' id='voyager-moregames-page'>\n<div id='voyager-page-header'>\n<a class='header-link' href='m.softgames.de/?p=palpatine'></a>\n<div id='voyager-header-icon'></div>\n</div>\n<div id='voyager-page-body'>\n<div class='voyager-wrappe'>\n<div class='voyager-section-title voyager-bg-gradient' id='voyager-recent-title'>\nRecently played\n</div>\n<div id='voyager-current-game-container'>\n<img class='voyager-game-image' src='//d1bjj4kazoovdg.cloudfront.net/assets/games/woblox/teaser.jpg'>\n<div id='voyager-current-game-play-btn'>\n<a class='voyager-success-btn-gray' id='voyager-play-again-btn'>\nplay again\n</a>\n</div>\n</div>\n<div class='voyager-bg-gradient voyager-section-title' id='voyager-share-container'>\n<span>\nShare\n</span>\n\n</div>\n<div id='voyager-game-status-container'>\n<div id='voyager-game-ranking-container'>\n<div id='voyager-ranking-title'>\nranking\n</div>\n<div id='voyager-ranking-value'>\nxxx\n</div>\n</div>\n<div id='voyager-game-score-container'>\n<div id='voyager-score-title'>\nscore\n</div>\n<div id='voyager-score-value'>\nxxx\n</div>\n</div>\n<div id='voyager-game-best-score-container'>\n<div id='voyager-best-score-title'>\nbest\n</div>\n<div id='voyager-best-score-value'>\n69246\n</div>\n</div>\n</div>\n<div class='voyager-bg-stripes' id='voyager-ad-container'>\n<div id='voyager-ad-label'>\nAdvertisement\n</div>\n<div id='voyager-ad-content'></div>\n</div>\n<div class='voyager-section-title voyager-bg-gradient' id='voyager-similar-title'>\nSimilar games\n</div>\n<div class='voyager-similar-game voyager-bg-gradient'>\n<div class='rotated-image'>\n<img height='60px' src='//d1bjj4kazoovdg.cloudfront.net/assets/games/diving-kitties/small_icon.jpg' width='60px'>\n</div>\n<a class='voyager-game-info-container' href='http://games.softgames.de/diving-kitties/?p=palpatine'>\n<div class='voyager-game-name voyager-game-title'>\nDiving Kitties\n</div>\n<div class='voyager-game-stars-container'>\n<div class=\"star-on\"></div><div class=\"star-on\"></div><div class=\"star-on\"></div><div class=\"star-on\"></div><div class=\"star-off\"></div>\n</div>\n<div class='voyager-game-description'>\nPlay as a pair cats as you dive in the ocean, catch as many fishes as you can while avoiding dangerous ones in this fun fishing game!\n</div>\n</a>\n</div>\n<div class='voyager-similar-game voyager-bg-gradient'>\n<div class='rotated-image'>\n<img height='60px' src='//d1bjj4kazoovdg.cloudfront.net/assets/games/gridlock/small_icon.jpg' width='60px'>\n</div>\n<a class='voyager-game-info-container' href='http://games.softgames.de/gridlock/?p=palpatine'>\n<div class='voyager-game-name voyager-game-title'>\nGridlock\n</div>\n<div class='voyager-game-stars-container'>\n<div class=\"star-on\"></div><div class=\"star-on\"></div><div class=\"star-on\"></div><div class=\"star-on\"></div><div class=\"star-off\"></div>\n</div>\n<div class='voyager-game-description'>\nExiting brain teaser! Try to solve challenging puzzle in this free online game! Get the red brick outside the area to rule this free mobile game on...\n</div>\n</a>\n</div>\n<div class='voyager-similar-game voyager-bg-gradient'>\n<div class='rotated-image'>\n<img height='60px' src='//d1bjj4kazoovdg.cloudfront.net/assets/games/find-it/small_icon.jpg' width='60px'>\n</div>\n<a class='voyager-game-info-container' href='http://games.softgames.de/find-it/?p=palpatine'>\n<div class='voyager-game-name voyager-game-title'>\nFind it\n</div>\n<div class='voyager-game-stars-container'>\n<div class=\"star-on\"></div><div class=\"star-on\"></div><div class=\"star-on\"></div><div class=\"star-on\"></div><div class=\"star-off\"></div>\n</div>\n<div class='voyager-game-description'>\nTest your reflexes and train your eye-hand coordination! Find the shown object as fast as you can to collect some extra points and strive for a new...\n</div>\n</a>\n</div>\n</div>\n</div>\n<div id='voyager-page-footer'>\n<div id='voyager-footer-container-1'>\n<a href='http://m.softgames.de/terms'>\nTerms\n</a>\n<span class='voyager-ad-container-game-footer-splitter'>\n&nbsp;|&nbsp;\n</span>\n<a href='http://m.softgames.de/imprint'>\nImprint\n</a>\n</div>\n<div id='voyager-footer-container-2'>\n<a href='http://www.softgames.de'>\n&copy; SOFTGAMES GmbH. Made in Berlin\n</a>\n</div>\n</div>\n</div>\n","game_bubble_text":"Install Woblox! Tap %icon and then <strong>Add to Home Screen</strong>.","game_bubble_configs":[""],"skip_ads":true,"show_ad_page":"false","show_ad_preroll":"false","end_level_interval":1,"end_level_close_button_timer":5}