{"Level_1": [{"x":595,"y":35,"type":"GroundTile_3"},{"x":525,"y":35,"type":"GroundTile_1"},{"x":455,"y":35,"type":"GroundTile_1"},{"x":385,"y":35,"type":"GroundTile_1"},{"x":315,"y":35,"type":"GroundTile_2"},{"x":245,"y":35,"type":"GroundTile_3"},{"x":175,"y":35,"type":"GroundTile_1"},{"x":105,"y":35,"type":"GroundTile_2"},{"x":35,"y":35,"type":"GroundTile_1"},{"x":595,"y":105,"type":"GroundTile_1"},{"x":35,"y":105,"type":"GroundTile_2"},{"x":595,"y":175,"type":"GroundTile_1"},{"x":35,"y":175,"type":"GroundTile_3"},{"x":595,"y":245,"type":"GroundTile_3"},{"x":35,"y":245,"type":"GroundTile_1"},{"x":105,"y":315,"type":"GroundTile_3"},{"x":175,"y":315,"type":"GroundTile_2"},{"x":245,"y":315,"type":"SandTile"},{"x":315,"y":315,"type":"SandTile"},{"x":385,"y":315,"type":"SandTile"},{"x":455,"y":315,"type":"GroundTile_1"},{"x":525,"y":315,"type":"GroundTile_2"},{"x":595,"y":315,"type":"GroundTile_3"},{"x":35,"y":315,"type":"GroundTile_2"},{"x":595,"y":385,"type":"GroundTile_1"},{"x":35,"y":385,"type":"GroundTile_2"},{"x":595,"y":455,"type":"GroundTile_1"},{"x":35,"y":455,"type":"GroundTile_2"},{"x":595,"y":525,"type":"GroundTile_2"},{"x":35,"y":525,"type":"GroundTile_1"},{"x":35,"y":595,"type":"GroundTile_2"},{"x":105,"y":595,"type":"GroundTile_3"},{"x":175,"y":595,"type":"GroundTile_2"},{"x":245,"y":595,"type":"SandTile"},{"x":315,"y":595,"type":"SandTile"},{"x":385,"y":595,"type":"SandTile"},{"x":455,"y":595,"type":"GroundTile_1"},{"x":595,"y":595,"type":"GroundTile_3"},{"x":525,"y":595,"type":"GroundTile_2"},{"x":35,"y":665,"type":"GroundTile_3"},{"x":105,"y":665,"type":"WaterTile"},{"x":175,"y":665,"type":"WaterTile"},{"x":245,"y":665,"type":"WaterTile"},{"x":315,"y":665,"type":"WaterTile"},{"x":385,"y":665,"type":"WaterTile"},{"x":455,"y":665,"type":"WaterTile"},{"x":525,"y":665,"type":"WaterTile"},{"x":595,"y":665,"type":"GroundTile_2"},{"x":35,"y":735,"type":"GroundTile_3"},{"x":105,"y":735,"type":"WaterTile"},{"x":175,"y":735,"type":"WaterTile"},{"x":245,"y":735,"type":"WaterTile"},{"x":315,"y":735,"type":"WaterTile"},{"x":385,"y":735,"type":"WaterTile"},{"x":455,"y":735,"type":"WaterTile"},{"x":525,"y":735,"type":"WaterTile"},{"x":595,"y":735,"type":"GroundTile_3"},{"x":315,"y":455,"type":"GroundTile_2"},{"x":385,"y":455,"type":"GroundTile_2"},{"x":245,"y":455,"type":"GroundTile_2"},{"x":248,"y":445,"type":"Flower"},{"x":385,"y":175,"type":"GroundTile_1"},{"x":315,"y":175,"type":"GroundTile_2"},{"x":245,"y":175,"type":"GroundTile_3"},{"x":388,"y":165,"type":"Flower"},{"x":329,"y":625,"type":"Tutorial_Hand"},{"x":329,"y":350.5,"type":"Tutorial_Hand"}],
"Level_10": [{"x":315,"y":35,"type":"GroundTile_2"},{"x":455,"y":35,"type":"GroundTile_3"},{"x":525,"y":35,"type":"WaterTile"},{"x":595,"y":35,"type":"WaterTile"},{"x":105,"y":105,"type":"GroundTile_2"},{"x":315,"y":105,"type":"GroundTile_3"},{"x":455,"y":105,"type":"GroundTile_3"},{"x":525,"y":105,"type":"WaterTile"},{"x":595,"y":105,"type":"WaterTile"},{"x":105,"y":175,"type":"SandTile"},{"x":315,"y":175,"type":"GroundTile_2"},{"x":455,"y":175,"type":"GroundTile_3"},{"x":525,"y":175,"type":"SandTile"},{"x":595,"y":175,"type":"SandTile"},{"x":35,"y":245,"type":"SandTile"},{"x":175,"y":245,"type":"SandTile"},{"x":245,"y":245,"type":"SandTile"},{"x":315,"y":245,"type":"GroundTile_3"},{"x":315,"y":315,"type":"GroundTile_2"},{"x":105,"y":385,"type":"GroundTile_2"},{"x":315,"y":385,"type":"GroundTile_3"},{"x":315,"y":455,"type":"GroundTile_1"},{"x":385,"y":455,"type":"GroundTile_1"},{"x":455,"y":455,"type":"GroundTile_1"},{"x":525,"y":455,"type":"GroundTile_2"},{"x":595,"y":455,"type":"GroundTile_2"},{"x":35,"y":525,"type":"GroundTile_2"},{"x":105,"y":525,"type":"GroundTile_3"},{"x":175,"y":525,"type":"GroundTile_2"},{"x":245,"y":525,"type":"GroundTile_1"},{"x":315,"y":525,"type":"GroundTile_1"},{"x":35,"y":595,"type":"WaterTile"},{"x":105,"y":595,"type":"WaterTile"},{"x":175,"y":595,"type":"SandTile"},{"x":245,"y":595,"type":"WaterTile"},{"x":315,"y":595,"type":"GroundTile_1"},{"x":35,"y":665,"type":"WaterTile"},{"x":105,"y":665,"type":"WaterTile"},{"x":175,"y":665,"type":"SandTile"},{"x":245,"y":665,"type":"WaterTile"},{"x":315,"y":665,"type":"GroundTile_1"},{"x":525,"y":665,"type":"GroundTile_2"},{"x":595,"y":665,"type":"GroundTile_3"},{"x":455,"y":665,"type":"SandTile"},{"x":35,"y":735,"type":"WaterTile"},{"x":105,"y":735,"type":"WaterTile"},{"x":175,"y":735,"type":"SandTile"},{"x":245,"y":735,"type":"WaterTile"},{"x":315,"y":735,"type":"GroundTile_1"},{"x":525,"y":735,"type":"GroundTile_3"},{"x":595,"y":735,"type":"GroundTile_2"},{"x":455,"y":735,"type":"SandTile"},{"x":108,"y":375,"type":"Flower"},{"x":528,"y":655,"type":"Flower"},{"x":105,"y":231,"type":"Gnome"},{"x":595,"y":511,"type":"Gnome"},{"x":455,"y":440,"type":"Valve"},{"x":315,"y":650,"type":"Valve"},{"x":108,"y":95,"type":"Flower"},{"x":458,"y":165,"type":"Flower"},{"x":315,"y":90,"type":"Valve"}],
"Level_11": [{"x":595,"y":245,"type":"GroundTile_2"},{"x":525,"y":245,"type":"GroundTile_2"},{"x":455,"y":245,"type":"GroundTile_1"},{"x":175,"y":245,"type":"GroundTile_1"},{"x":105,"y":245,"type":"GroundTile_2"},{"x":35,"y":245,"type":"GroundTile_2"},{"x":595,"y":385,"type":"GroundTile_2"},{"x":525,"y":385,"type":"GroundTile_2"},{"x":105,"y":385,"type":"GroundTile_2"},{"x":35,"y":385,"type":"GroundTile_3"},{"x":595,"y":525,"type":"GroundTile_2"},{"x":525,"y":525,"type":"GroundTile_2"},{"x":455,"y":525,"type":"GroundTile_1"},{"x":385,"y":525,"type":"GroundTile_1"},{"x":315,"y":525,"type":"GroundTile_1"},{"x":245,"y":525,"type":"GroundTile_1"},{"x":175,"y":525,"type":"GroundTile_2"},{"x":105,"y":525,"type":"GroundTile_3"},{"x":35,"y":525,"type":"GroundTile_2"},{"x":245,"y":595,"type":"GroundTile_2"},{"x":175,"y":595,"type":"WaterTile"},{"x":105,"y":595,"type":"WaterTile"},{"x":35,"y":595,"type":"WaterTile"},{"x":385,"y":665,"type":"GroundTile_3"},{"x":245,"y":665,"type":"GroundTile_2"},{"x":175,"y":665,"type":"WaterTile"},{"x":105,"y":665,"type":"WaterTile"},{"x":35,"y":665,"type":"WaterTile"},{"x":245,"y":735,"type":"GroundTile_2"},{"x":175,"y":735,"type":"WaterTile"},{"x":105,"y":735,"type":"WaterTile"},{"x":35,"y":735,"type":"WaterTile"},{"x":108,"y":375,"type":"Flower"},{"x":525,"y":115,"pipeName":"p6","linkedPipe":"p5","type":"Pipe_Blue"},{"x":525,"y":675,"pipeName":"p2","linkedPipe":"p1","type":"Pipe_Red"},{"x":245,"y":650,"type":"Valve"},{"x":105,"y":115,"pipeName":"p1","linkedPipe":"p2","type":"Pipe_Red"},{"x":315,"y":395,"pipeName":"p5","linkedPipe":"p6","type":"Pipe_Blue"},{"x":528,"y":375,"type":"Flower"},{"x":387.6,"y":651.5,"type":"Flower"},{"x":315,"y":35,"type":"GroundTile_2"},{"x":315,"y":105,"type":"SandTile"},{"x":315,"y":175,"type":"GroundTile_1"},{"x":245,"y":245,"type":"GroundTile_2"},{"x":315,"y":245,"type":"GroundTile_3"},{"x":385,"y":245,"type":"GroundTile_2"}],
"Level_12": [{"x":595,"y":35,"type":"WaterTile"},{"x":525,"y":35,"type":"WaterTile"},{"x":455,"y":35,"type":"WaterTile"},{"x":385,"y":35,"type":"SandTile"},{"x":315,"y":35,"type":"SandTile"},{"x":245,"y":35,"type":"SandTile"},{"x":175,"y":35,"type":"WaterTile"},{"x":105,"y":35,"type":"WaterTile"},{"x":35,"y":35,"type":"WaterTile"},{"x":595,"y":105,"type":"WaterTile"},{"x":525,"y":105,"type":"WaterTile"},{"x":455,"y":105,"type":"WaterTile"},{"x":385,"y":105,"type":"SandTile"},{"x":315,"y":105,"type":"SandTile"},{"x":245,"y":105,"type":"SandTile"},{"x":175,"y":105,"type":"WaterTile"},{"x":105,"y":105,"type":"WaterTile"},{"x":35,"y":105,"type":"WaterTile"},{"x":595,"y":175,"type":"GroundTile_2"},{"x":525,"y":175,"type":"GroundTile_2"},{"x":455,"y":175,"type":"GroundTile_2"},{"x":385,"y":175,"type":"GroundTile_2"},{"x":315,"y":175,"type":"GroundTile_2"},{"x":245,"y":175,"type":"GroundTile_1"},{"x":175,"y":175,"type":"GroundTile_3"},{"x":105,"y":175,"type":"GroundTile_2"},{"x":35,"y":175,"type":"GroundTile_2"},{"x":385,"y":245,"type":"GroundTile_2"},{"x":315,"y":245,"type":"GroundTile_3"},{"x":245,"y":245,"type":"GroundTile_2"},{"x":105,"y":315,"type":"GroundTile_2"},{"x":315,"y":315,"type":"GroundTile_2"},{"x":595,"y":455,"type":"GroundTile_2"},{"x":525,"y":455,"type":"GroundTile_3"},{"x":455,"y":455,"type":"GroundTile_2"},{"x":385,"y":455,"type":"GroundTile_2"},{"x":315,"y":455,"type":"GroundTile_1"},{"x":245,"y":455,"type":"GroundTile_2"},{"x":175,"y":455,"type":"GroundTile_3"},{"x":105,"y":455,"type":"GroundTile_3"},{"x":35,"y":455,"type":"GroundTile_2"},{"x":105,"y":160,"type":"Valve"},{"x":525,"y":160,"type":"Valve"},{"x":525,"y":440,"type":"Valve"},{"x":105,"y":440,"type":"Valve"},{"x":318,"y":305,"type":"Flower"},{"x":525,"y":301,"type":"Gnome"},{"x":108,"y":305,"type":"Flower"},{"x":595,"y":665,"type":"GroundTile_3"},{"x":35,"y":665,"type":"GroundTile_3"},{"x":525,"y":665,"type":"GroundTile_2"},{"x":105,"y":665,"type":"GroundTile_3"},{"x":525,"y":735,"type":"GroundTile_3"},{"x":105,"y":735,"type":"GroundTile_3"},{"x":35,"y":735,"type":"GroundTile_3"},{"x":595,"y":735,"type":"GroundTile_2"},{"x":315,"y":651,"type":"Gnome"},{"x":108,"y":655,"type":"Flower"},{"x":528,"y":655,"type":"Flower"}],
"Level_13": [{"x":245,"y":35,"type":"GroundTile_2"},{"x":245,"y":105,"type":"GroundTile_3"},{"x":315,"y":105,"type":"GroundTile_2"},{"x":105,"y":175,"type":"GroundTile_3"},{"x":595,"y":175,"type":"GroundTile_2"},{"x":525,"y":175,"type":"GroundTile_2"},{"x":455,"y":175,"type":"GroundTile_2"},{"x":385,"y":175,"type":"GroundTile_2"},{"x":315,"y":175,"type":"GroundTile_2"},{"x":245,"y":175,"type":"GroundTile_1"},{"x":245,"y":245,"type":"GroundTile_2"},{"x":35,"y":315,"type":"GroundTile_2"},{"x":105,"y":315,"type":"GroundTile_2"},{"x":175,"y":315,"type":"GroundTile_1"},{"x":245,"y":315,"type":"GroundTile_1"},{"x":315,"y":385,"type":"SandTile"},{"x":385,"y":385,"type":"SandTile"},{"x":455,"y":385,"type":"SandTile"},{"x":525,"y":385,"type":"SandTile"},{"x":595,"y":385,"type":"SandTile"},{"x":245,"y":385,"type":"GroundTile_2"},{"x":245,"y":455,"type":"GroundTile_2"},{"x":245,"y":525,"type":"GroundTile_1"},{"x":455,"y":595,"type":"SandTile"},{"x":595,"y":595,"type":"SandTile"},{"x":525,"y":595,"type":"SandTile"},{"x":245,"y":595,"type":"GroundTile_2"},{"x":245,"y":665,"type":"GroundTile_2"},{"x":525,"y":665,"type":"WaterTile"},{"x":595,"y":665,"type":"WaterTile"},{"x":455,"y":665,"type":"SandTile"},{"x":35,"y":735,"type":"GroundTile_2"},{"x":105,"y":735,"type":"GroundTile_2"},{"x":175,"y":735,"type":"GroundTile_2"},{"x":245,"y":735,"type":"GroundTile_2"},{"x":595,"y":735,"type":"WaterTile"},{"x":455,"y":735,"type":"GroundTile_2"},{"x":385,"y":735,"type":"GroundTile_1"},{"x":315,"y":735,"type":"GroundTile_1"},{"x":525,"y":735,"type":"WaterTile"},{"x":105,"y":535,"pipeName":"p2","linkedPipe":"p1","type":"Pipe_Red"},{"x":455,"y":535,"pipeName":"p1","linkedPipe":"p2","type":"Pipe_Red"},{"x":318,"y":95,"type":"Flower"},{"x":388,"y":725,"type":"Flower"},{"x":248,"y":515,"type":"Flower"},{"x":455,"y":160,"type":"Valve"},{"x":315,"y":231,"type":"Gnome"},{"x":595,"y":301,"type":"Gnome"},{"x":105,"y":300,"type":"Valve"},{"x":108,"y":165,"type":"Flower"}],
"Level_14": [{"x":595,"y":35,"type":"WaterTile"},{"x":525,"y":35,"type":"WaterTile"},{"x":455,"y":35,"type":"WaterTile"},{"x":385,"y":35,"type":"GroundTile_3"},{"x":595,"y":105,"type":"WaterTile"},{"x":525,"y":105,"type":"WaterTile"},{"x":455,"y":105,"type":"WaterTile"},{"x":385,"y":105,"type":"GroundTile_1"},{"x":595,"y":175,"type":"WaterTile"},{"x":525,"y":175,"type":"WaterTile"},{"x":455,"y":175,"type":"WaterTile"},{"x":385,"y":175,"type":"GroundTile_2"},{"x":315,"y":175,"type":"GroundTile_2"},{"x":245,"y":175,"type":"GroundTile_1"},{"x":175,"y":175,"type":"GroundTile_3"},{"x":105,"y":175,"type":"GroundTile_2"},{"x":35,"y":175,"type":"GroundTile_2"},{"x":595,"y":245,"type":"GroundTile_2"},{"x":525,"y":245,"type":"SandTile"},{"x":455,"y":245,"type":"GroundTile_1"},{"x":385,"y":245,"type":"GroundTile_3"},{"x":175,"y":315,"type":"GroundTile_2"},{"x":595,"y":315,"type":"WaterTile"},{"x":525,"y":315,"type":"WaterTile"},{"x":455,"y":315,"type":"WaterTile"},{"x":385,"y":315,"type":"GroundTile_2"},{"x":595,"y":385,"type":"WaterTile"},{"x":525,"y":385,"type":"WaterTile"},{"x":455,"y":385,"type":"WaterTile"},{"x":385,"y":385,"type":"GroundTile_3"},{"x":595,"y":455,"type":"GroundTile_2"},{"x":525,"y":455,"type":"SandTile"},{"x":455,"y":455,"type":"GroundTile_2"},{"x":385,"y":455,"type":"GroundTile_2"},{"x":315,"y":455,"type":"GroundTile_1"},{"x":245,"y":455,"type":"GroundTile_2"},{"x":175,"y":455,"type":"GroundTile_3"},{"x":105,"y":455,"type":"GroundTile_3"},{"x":35,"y":455,"type":"GroundTile_2"},{"x":175,"y":595,"type":"SandTile"},{"x":105,"y":595,"type":"SandTile"},{"x":35,"y":595,"type":"SandTile"},{"x":175,"y":665,"type":"SandTile"},{"x":105,"y":665,"type":"GroundTile_3"},{"x":35,"y":665,"type":"GroundTile_1"},{"x":175,"y":735,"type":"SandTile"},{"x":105,"y":735,"type":"GroundTile_1"},{"x":35,"y":735,"type":"GroundTile_2"},{"x":175,"y":21,"type":"Gnome"},{"x":105,"y":160,"type":"Valve"},{"x":385,"y":90,"type":"Valve"},{"x":108,"y":655,"type":"Flower"},{"x":178,"y":305,"type":"Flower"},{"x":525,"y":651,"type":"Gnome"},{"x":458,"y":235,"type":"Flower"},{"x":245,"y":440,"type":"Valve"}],
"Level_15": [{"x":595,"y":35,"type":"WaterTile"},{"x":525,"y":35,"type":"WaterTile"},{"x":455,"y":35,"type":"WaterTile"},{"x":385,"y":35,"type":"GroundTile_2"},{"x":315,"y":35,"type":"GroundTile_2"},{"x":245,"y":35,"type":"GroundTile_2"},{"x":175,"y":35,"type":"WaterTile"},{"x":105,"y":35,"type":"WaterTile"},{"x":35,"y":35,"type":"WaterTile"},{"x":455,"y":105,"type":"WaterTile"},{"x":175,"y":105,"type":"WaterTile"},{"x":595,"y":105,"type":"WaterTile"},{"x":525,"y":105,"type":"WaterTile"},{"x":385,"y":105,"type":"SandTile"},{"x":245,"y":105,"type":"SandTile"},{"x":105,"y":105,"type":"WaterTile"},{"x":35,"y":105,"type":"WaterTile"},{"x":455,"y":175,"type":"WaterTile"},{"x":175,"y":175,"type":"WaterTile"},{"x":595,"y":175,"type":"WaterTile"},{"x":525,"y":175,"type":"WaterTile"},{"x":245,"y":175,"type":"SandTile"},{"x":105,"y":175,"type":"WaterTile"},{"x":35,"y":175,"type":"WaterTile"},{"x":385,"y":175,"type":"SandTile"},{"x":595,"y":245,"type":"GroundTile_2"},{"x":525,"y":245,"type":"GroundTile_2"},{"x":455,"y":245,"type":"GroundTile_1"},{"x":385,"y":245,"type":"GroundTile_2"},{"x":315,"y":245,"type":"GroundTile_3"},{"x":245,"y":245,"type":"GroundTile_2"},{"x":175,"y":245,"type":"GroundTile_1"},{"x":105,"y":245,"type":"GroundTile_2"},{"x":35,"y":245,"type":"GroundTile_2"},{"x":455,"y":315,"type":"GroundTile_2"},{"x":175,"y":315,"type":"GroundTile_1"},{"x":595,"y":385,"type":"GroundTile_2"},{"x":455,"y":385,"type":"GroundTile_2"},{"x":175,"y":385,"type":"GroundTile_1"},{"x":35,"y":385,"type":"GroundTile_3"},{"x":455,"y":455,"type":"GroundTile_2"},{"x":175,"y":455,"type":"GroundTile_3"},{"x":595,"y":525,"type":"SandTile"},{"x":525,"y":525,"type":"SandTile"},{"x":455,"y":525,"type":"GroundTile_1"},{"x":385,"y":525,"type":"GroundTile_1"},{"x":315,"y":525,"type":"GroundTile_1"},{"x":245,"y":525,"type":"GroundTile_1"},{"x":175,"y":525,"type":"GroundTile_2"},{"x":105,"y":525,"type":"SandTile"},{"x":35,"y":525,"type":"SandTile"},{"x":595,"y":735,"type":"GroundTile_2"},{"x":35,"y":735,"type":"GroundTile_2"},{"x":105,"y":91,"type":"Gnome"},{"x":525,"y":91,"type":"Gnome"},{"x":315,"y":581,"type":"Gnome"},{"x":38,"y":375,"type":"Flower"},{"x":598,"y":375,"type":"Flower"},{"x":318,"y":515,"type":"Flower"},{"x":315,"y":230,"type":"Valve"},{"x":455,"y":370,"type":"Valve"},{"x":175,"y":370,"type":"Valve"},{"x":105,"y":735,"type":"GroundTile_1"},{"x":525,"y":735,"type":"GroundTile_3"},{"x":108,"y":725,"type":"Flower"},{"x":528,"y":725,"type":"Flower"}],
"Level_16": [{"x":245,"y":35,"type":"GroundTile_1"},{"x":245,"y":105,"type":"GroundTile_2"},{"x":525,"y":105,"type":"GroundTile_2"},{"x":245,"y":175,"type":"GroundTile_2"},{"x":35,"y":245,"type":"GroundTile_2"},{"x":105,"y":245,"type":"GroundTile_2"},{"x":175,"y":245,"type":"GroundTile_1"},{"x":245,"y":245,"type":"GroundTile_2"},{"x":315,"y":245,"type":"GroundTile_3"},{"x":385,"y":245,"type":"GroundTile_2"},{"x":455,"y":245,"type":"GroundTile_1"},{"x":525,"y":245,"type":"GroundTile_2"},{"x":595,"y":245,"type":"GroundTile_2"},{"x":315,"y":315,"type":"GroundTile_1"},{"x":385,"y":385,"type":"GroundTile_2"},{"x":315,"y":385,"type":"GroundTile_2"},{"x":315,"y":455,"type":"GroundTile_2"},{"x":35,"y":525,"type":"SandTile"},{"x":105,"y":525,"type":"SandTile"},{"x":175,"y":525,"type":"GroundTile_2"},{"x":245,"y":525,"type":"GroundTile_1"},{"x":315,"y":525,"type":"GroundTile_1"},{"x":385,"y":525,"type":"GroundTile_1"},{"x":455,"y":525,"type":"GroundTile_1"},{"x":525,"y":525,"type":"GroundTile_2"},{"x":595,"y":525,"type":"GroundTile_2"},{"x":595,"y":595,"type":"SandTile"},{"x":35,"y":595,"type":"WaterTile"},{"x":105,"y":595,"type":"WaterTile"},{"x":175,"y":595,"type":"WaterTile"},{"x":245,"y":595,"type":"GroundTile_2"},{"x":595,"y":665,"type":"SandTile"},{"x":35,"y":665,"type":"WaterTile"},{"x":105,"y":665,"type":"WaterTile"},{"x":175,"y":665,"type":"WaterTile"},{"x":245,"y":665,"type":"GroundTile_2"},{"x":595,"y":735,"type":"SandTile"},{"x":35,"y":735,"type":"WaterTile"},{"x":105,"y":735,"type":"WaterTile"},{"x":175,"y":735,"type":"WaterTile"},{"x":245,"y":735,"type":"GroundTile_2"},{"x":105,"y":115,"pipeName":"p2","linkedPipe":"p1","type":"Pipe_Red"},{"x":245,"y":720,"type":"Valve"},{"x":245,"y":395,"pipeName":"p1","linkedPipe":"p2","type":"Pipe_Red"},{"x":248,"y":585,"type":"Flower"},{"x":525,"y":651,"type":"Gnome"},{"x":35,"y":91,"type":"Gnome"},{"x":528,"y":95,"type":"Flower"},{"x":385,"y":115,"pipeName":"p5","linkedPipe":"p6","type":"Pipe_Blue"},{"x":108,"y":235,"type":"Flower"},{"x":385,"y":675,"pipeName":"p3","linkedPipe":"p4","type":"Pipe_Yellow"},{"x":35,"y":395,"pipeName":"p6","linkedPipe":"p5","type":"Pipe_Blue"},{"x":525,"y":395,"pipeName":"p4","linkedPipe":"p3","type":"Pipe_Yellow"},{"x":388,"y":375,"type":"Flower"}],
"Level_17": [{"x":385,"y":35,"type":"GroundTile_2"},{"x":175,"y":35,"type":"GroundTile_2"},{"x":175,"y":105,"type":"GroundTile_2"},{"x":385,"y":105,"type":"GroundTile_2"},{"x":385,"y":175,"type":"GroundTile_2"},{"x":385,"y":245,"type":"GroundTile_1"},{"x":595,"y":315,"type":"GroundTile_2"},{"x":525,"y":315,"type":"GroundTile_1"},{"x":385,"y":315,"type":"GroundTile_2"},{"x":455,"y":315,"type":"GroundTile_1"},{"x":385,"y":385,"type":"GroundTile_2"},{"x":315,"y":385,"type":"GroundTile_3"},{"x":245,"y":385,"type":"GroundTile_2"},{"x":175,"y":385,"type":"GroundTile_1"},{"x":385,"y":455,"type":"GroundTile_2"},{"x":175,"y":455,"type":"GroundTile_3"},{"x":315,"y":455,"type":"SandTile"},{"x":245,"y":455,"type":"SandTile"},{"x":385,"y":525,"type":"GroundTile_1"},{"x":595,"y":595,"type":"GroundTile_2"},{"x":525,"y":595,"type":"GroundTile_3"},{"x":455,"y":595,"type":"GroundTile_2"},{"x":385,"y":595,"type":"GroundTile_2"},{"x":315,"y":595,"type":"GroundTile_1"},{"x":245,"y":595,"type":"GroundTile_2"},{"x":175,"y":595,"type":"GroundTile_2"},{"x":105,"y":595,"type":"GroundTile_2"},{"x":35,"y":595,"type":"GroundTile_1"},{"x":595,"y":665,"type":"WaterTile"},{"x":525,"y":665,"type":"WaterTile"},{"x":455,"y":665,"type":"WaterTile"},{"x":385,"y":665,"type":"WaterTile"},{"x":315,"y":665,"type":"WaterTile"},{"x":245,"y":665,"type":"WaterTile"},{"x":175,"y":665,"type":"WaterTile"},{"x":105,"y":665,"type":"WaterTile"},{"x":35,"y":665,"type":"WaterTile"},{"x":595,"y":735,"type":"WaterTile"},{"x":525,"y":735,"type":"WaterTile"},{"x":455,"y":735,"type":"WaterTile"},{"x":385,"y":735,"type":"WaterTile"},{"x":315,"y":735,"type":"WaterTile"},{"x":245,"y":735,"type":"WaterTile"},{"x":175,"y":735,"type":"WaterTile"},{"x":105,"y":735,"type":"WaterTile"},{"x":35,"y":735,"type":"WaterTile"},{"x":178,"y":445,"type":"Flower"},{"x":105,"y":21,"type":"Gnome"},{"x":525,"y":465,"pipeName":"p2","linkedPipe":"p1","type":"Pipe_Red"},{"x":245,"y":580,"type":"Valve"},{"x":175,"y":255,"pipeName":"p1","linkedPipe":"p2","type":"Pipe_Red"},{"x":388,"y":95,"type":"Flower"},{"x":525,"y":580,"type":"Valve"},{"x":245,"y":21,"type":"Gnome"},{"x":525,"y":161,"type":"Gnome"},{"x":385,"y":230,"type":"Valve"},{"x":178,"y":95,"type":"Flower"},{"x":528,"y":305,"type":"Flower"},{"x":35,"y":315,"type":"SandTile"},{"x":105,"y":315,"type":"SandTile"},{"x":35,"y":385,"type":"GroundTile_2"},{"x":105,"y":385,"type":"GroundTile_2"}],
"Level_18": [{"x":455,"y":35,"type":"GroundTile_2"},{"x":385,"y":35,"type":"GroundTile_3"},{"x":315,"y":35,"type":"GroundTile_2"},{"x":245,"y":35,"type":"GroundTile_2"},{"x":455,"y":105,"type":"GroundTile_2"},{"x":385,"y":105,"type":"GroundTile_1"},{"x":315,"y":105,"type":"GroundTile_3"},{"x":245,"y":105,"type":"GroundTile_3"},{"x":595,"y":315,"type":"GroundTile_2"},{"x":525,"y":315,"type":"GroundTile_1"},{"x":175,"y":315,"type":"GroundTile_1"},{"x":105,"y":315,"type":"GroundTile_2"},{"x":35,"y":315,"type":"GroundTile_3"},{"x":105,"y":385,"type":"WaterTile"},{"x":35,"y":385,"type":"WaterTile"},{"x":595,"y":385,"type":"GroundTile_2"},{"x":525,"y":385,"type":"GroundTile_2"},{"x":175,"y":385,"type":"GroundTile_1"},{"x":595,"y":455,"type":"GroundTile_2"},{"x":105,"y":455,"type":"WaterTile"},{"x":35,"y":455,"type":"WaterTile"},{"x":175,"y":455,"type":"GroundTile_3"},{"x":245,"y":455,"type":"SandTile"},{"x":525,"y":455,"type":"SandTile"},{"x":595,"y":525,"type":"GroundTile_2"},{"x":525,"y":525,"type":"GroundTile_2"},{"x":455,"y":525,"type":"GroundTile_1"},{"x":385,"y":525,"type":"GroundTile_1"},{"x":315,"y":525,"type":"GroundTile_1"},{"x":245,"y":525,"type":"GroundTile_1"},{"x":175,"y":525,"type":"GroundTile_2"},{"x":105,"y":525,"type":"SandTile"},{"x":35,"y":525,"type":"SandTile"},{"x":175,"y":595,"type":"GroundTile_2"},{"x":105,"y":595,"type":"WaterTile"},{"x":35,"y":595,"type":"WaterTile"},{"x":455,"y":665,"type":"GroundTile_3"},{"x":385,"y":665,"type":"GroundTile_3"},{"x":175,"y":665,"type":"GroundTile_1"},{"x":105,"y":665,"type":"WaterTile"},{"x":35,"y":665,"type":"WaterTile"},{"x":175,"y":735,"type":"GroundTile_2"},{"x":105,"y":735,"type":"WaterTile"},{"x":35,"y":735,"type":"WaterTile"},{"x":105,"y":91,"type":"Gnome"},{"x":525,"y":651,"type":"Gnome"},{"x":175,"y":650,"type":"Valve"},{"x":385,"y":510,"type":"Valve"},{"x":528,"y":305,"type":"Flower"},{"x":388,"y":655,"type":"Flower"},{"x":248,"y":95,"type":"Flower"},{"x":458,"y":95,"type":"Flower"}],
"Level_19": [{"x":525,"y":35,"type":"GroundTile_2"},{"x":455,"y":35,"type":"GroundTile_2"},{"x":385,"y":35,"type":"GroundTile_3"},{"x":315,"y":35,"type":"GroundTile_2"},{"x":245,"y":35,"type":"GroundTile_2"},{"x":175,"y":35,"type":"GroundTile_2"},{"x":105,"y":35,"type":"GroundTile_2"},{"x":455,"y":105,"type":"GroundTile_2"},{"x":385,"y":105,"type":"GroundTile_1"},{"x":315,"y":105,"type":"GroundTile_3"},{"x":245,"y":105,"type":"GroundTile_3"},{"x":175,"y":105,"type":"GroundTile_1"},{"x":525,"y":105,"type":"SandTile"},{"x":105,"y":105,"type":"SandTile"},{"x":595,"y":245,"type":"SandTile"},{"x":35,"y":245,"type":"SandTile"},{"x":595,"y":315,"type":"GroundTile_2"},{"x":35,"y":315,"type":"GroundTile_2"},{"x":595,"y":385,"type":"GroundTile_2"},{"x":35,"y":385,"type":"GroundTile_2"},{"x":595,"y":455,"type":"GroundTile_2"},{"x":35,"y":455,"type":"GroundTile_2"},{"x":525,"y":525,"type":"SandTile"},{"x":105,"y":525,"type":"SandTile"},{"x":35,"y":525,"type":"SandTile"},{"x":595,"y":525,"type":"SandTile"},{"x":35,"y":595,"type":"GroundTile_1"},{"x":105,"y":595,"type":"GroundTile_2"},{"x":175,"y":595,"type":"GroundTile_2"},{"x":455,"y":595,"type":"GroundTile_2"},{"x":525,"y":595,"type":"GroundTile_3"},{"x":595,"y":595,"type":"GroundTile_2"},{"x":35,"y":665,"type":"WaterTile"},{"x":105,"y":665,"type":"WaterTile"},{"x":175,"y":665,"type":"SandTile"},{"x":455,"y":665,"type":"SandTile"},{"x":525,"y":665,"type":"WaterTile"},{"x":595,"y":665,"type":"WaterTile"},{"x":35,"y":735,"type":"WaterTile"},{"x":105,"y":735,"type":"WaterTile"},{"x":175,"y":735,"type":"SandTile"},{"x":455,"y":735,"type":"SandTile"},{"x":525,"y":735,"type":"WaterTile"},{"x":595,"y":735,"type":"WaterTile"},{"x":178,"y":95,"type":"Flower"},{"x":458,"y":95,"type":"Flower"},{"x":315,"y":161,"type":"Gnome"},{"x":525,"y":371,"type":"Gnome"},{"x":38,"y":445,"type":"Flower"},{"x":105,"y":371,"type":"Gnome"},{"x":598,"y":445,"type":"Flower"}],
"Level_2": [{"x":315,"y":35,"type":"GroundTile_2"},{"x":245,"y":105,"type":"GroundTile_2"},{"x":315,"y":105,"type":"GroundTile_3"},{"x":385,"y":105,"type":"GroundTile_2"},{"x":245,"y":175,"type":"GroundTile_1"},{"x":315,"y":175,"type":"GroundTile_2"},{"x":385,"y":175,"type":"GroundTile_2"},{"x":35,"y":245,"type":"GroundTile_2"},{"x":105,"y":245,"type":"SandTile"},{"x":175,"y":245,"type":"GroundTile_1"},{"x":245,"y":245,"type":"GroundTile_2"},{"x":315,"y":245,"type":"WaterTile"},{"x":385,"y":245,"type":"GroundTile_2"},{"x":455,"y":245,"type":"GroundTile_1"},{"x":525,"y":245,"type":"SandTile"},{"x":595,"y":245,"type":"GroundTile_2"},{"x":245,"y":315,"type":"GroundTile_1"},{"x":315,"y":315,"type":"WaterTile"},{"x":385,"y":315,"type":"GroundTile_3"},{"x":245,"y":385,"type":"SandTile"},{"x":315,"y":385,"type":"WaterTile"},{"x":385,"y":385,"type":"SandTile"},{"x":245,"y":455,"type":"GroundTile_2"},{"x":315,"y":455,"type":"WaterTile"},{"x":385,"y":455,"type":"GroundTile_2"},{"x":35,"y":525,"type":"GroundTile_2"},{"x":105,"y":525,"type":"SandTile"},{"x":175,"y":525,"type":"GroundTile_2"},{"x":245,"y":525,"type":"GroundTile_1"},{"x":315,"y":525,"type":"WaterTile"},{"x":385,"y":525,"type":"GroundTile_1"},{"x":455,"y":525,"type":"GroundTile_1"},{"x":525,"y":525,"type":"SandTile"},{"x":595,"y":525,"type":"GroundTile_2"},{"x":245,"y":595,"type":"GroundTile_2"},{"x":315,"y":595,"type":"GroundTile_1"},{"x":385,"y":595,"type":"GroundTile_2"},{"x":245,"y":665,"type":"GroundTile_2"},{"x":315,"y":665,"type":"GroundTile_1"},{"x":385,"y":665,"type":"GroundTile_2"},{"x":315,"y":735,"type":"GroundTile_1"},{"x":388,"y":95,"type":"Flower"},{"x":248,"y":655,"type":"Flower"},{"x":388,"y":655,"type":"Flower"},{"x":248,"y":95,"type":"Flower"}],
"Level_20": [{"x":315,"y":35,"type":"WaterTile"},{"x":385,"y":35,"type":"SandTile"},{"x":175,"y":35,"type":"SandTile"},{"x":245,"y":35,"type":"WaterTile"},{"x":315,"y":105,"type":"WaterTile"},{"x":385,"y":105,"type":"SandTile"},{"x":175,"y":105,"type":"SandTile"},{"x":245,"y":105,"type":"WaterTile"},{"x":315,"y":175,"type":"GroundTile_2"},{"x":595,"y":175,"type":"GroundTile_2"},{"x":525,"y":175,"type":"GroundTile_2"},{"x":455,"y":175,"type":"GroundTile_2"},{"x":385,"y":175,"type":"GroundTile_2"},{"x":245,"y":175,"type":"GroundTile_2"},{"x":175,"y":175,"type":"GroundTile_2"},{"x":105,"y":175,"type":"GroundTile_3"},{"x":35,"y":175,"type":"GroundTile_2"},{"x":525,"y":315,"type":"GroundTile_2"},{"x":315,"y":315,"type":"GroundTile_2"},{"x":315,"y":385,"type":"GroundTile_2"},{"x":595,"y":455,"type":"GroundTile_2"},{"x":525,"y":455,"type":"GroundTile_2"},{"x":455,"y":455,"type":"GroundTile_2"},{"x":385,"y":455,"type":"GroundTile_1"},{"x":315,"y":455,"type":"GroundTile_3"},{"x":245,"y":455,"type":"GroundTile_2"},{"x":175,"y":455,"type":"GroundTile_3"},{"x":105,"y":455,"type":"GroundTile_2"},{"x":35,"y":455,"type":"GroundTile_2"},{"x":315,"y":595,"type":"GroundTile_3"},{"x":105,"y":665,"type":"GroundTile_2"},{"x":315,"y":665,"type":"GroundTile_2"},{"x":315,"y":735,"type":"GroundTile_3"},{"x":455,"y":675,"pipeName":"p1","linkedPipe":"p2","type":"Pipe_Red"},{"x":105,"y":301,"type":"Gnome"},{"x":108,"y":655,"type":"Flower"},{"x":315,"y":300,"type":"Valve"},{"x":315,"y":580,"type":"Valve"},{"x":525,"y":440,"type":"Valve"},{"x":528,"y":305,"type":"Flower"},{"x":525,"y":651,"type":"Gnome"},{"x":525,"y":115,"pipeName":"p2","linkedPipe":"p1","type":"Pipe_Red"},{"x":105,"y":160,"type":"Valve"}],
"Level_21": [{"x":315,"y":35,"type":"GroundTile_2"},{"x":315,"y":105,"type":"GroundTile_3"},{"x":525,"y":105,"type":"GroundTile_2"},{"x":315,"y":175,"type":"GroundTile_2"},{"x":595,"y":245,"type":"GroundTile_1"},{"x":385,"y":245,"type":"GroundTile_1"},{"x":245,"y":245,"type":"GroundTile_1"},{"x":35,"y":245,"type":"GroundTile_2"},{"x":105,"y":245,"type":"GroundTile_2"},{"x":175,"y":245,"type":"SandTile"},{"x":315,"y":245,"type":"GroundTile_3"},{"x":455,"y":245,"type":"SandTile"},{"x":525,"y":245,"type":"SandTile"},{"x":315,"y":315,"type":"GroundTile_2"},{"x":315,"y":385,"type":"GroundTile_3"},{"x":315,"y":455,"type":"GroundTile_1"},{"x":35,"y":525,"type":"GroundTile_2"},{"x":105,"y":525,"type":"GroundTile_3"},{"x":175,"y":525,"type":"GroundTile_2"},{"x":245,"y":525,"type":"GroundTile_1"},{"x":315,"y":525,"type":"GroundTile_1"},{"x":385,"y":525,"type":"GroundTile_1"},{"x":455,"y":525,"type":"GroundTile_1"},{"x":525,"y":525,"type":"GroundTile_2"},{"x":595,"y":525,"type":"GroundTile_2"},{"x":455,"y":595,"type":"GroundTile_3"},{"x":385,"y":595,"type":"GroundTile_3"},{"x":245,"y":595,"type":"GroundTile_3"},{"x":175,"y":595,"type":"GroundTile_3"},{"x":315,"y":595,"type":"WaterTile"},{"x":175,"y":665,"type":"SandTile"},{"x":245,"y":665,"type":"SandTile"},{"x":315,"y":665,"type":"WaterTile"},{"x":385,"y":665,"type":"SandTile"},{"x":455,"y":665,"type":"SandTile"},{"x":455,"y":735,"type":"GroundTile_3"},{"x":385,"y":735,"type":"GroundTile_3"},{"x":245,"y":735,"type":"GroundTile_3"},{"x":175,"y":735,"type":"GroundTile_3"},{"x":315,"y":735,"type":"WaterTile"},{"x":105,"y":395,"pipeName":"p6","linkedPipe":"p5","type":"Pipe_Blue"},{"x":525,"y":675,"pipeName":"p2","linkedPipe":"p1","type":"Pipe_Red"},{"x":105,"y":115,"pipeName":"p1","linkedPipe":"p2","type":"Pipe_Red"},{"x":105,"y":675,"pipeName":"p5","linkedPipe":"p6","type":"Pipe_Blue"},{"x":528,"y":95,"type":"Flower"},{"x":108,"y":235,"type":"Flower"},{"x":175,"y":371,"type":"Gnome"},{"x":525,"y":371,"type":"Gnome"},{"x":315,"y":90,"type":"Valve"},{"x":315,"y":370,"type":"Valve"}],
"Level_22": [{"x":175,"y":35,"type":"GroundTile_2"},{"x":105,"y":35,"type":"WaterTile"},{"x":35,"y":35,"type":"WaterTile"},{"x":175,"y":105,"type":"GroundTile_1"},{"x":105,"y":105,"type":"WaterTile"},{"x":35,"y":105,"type":"WaterTile"},{"x":175,"y":175,"type":"GroundTile_3"},{"x":105,"y":175,"type":"WaterTile"},{"x":35,"y":175,"type":"WaterTile"},{"x":385,"y":245,"type":"SandTile"},{"x":315,"y":245,"type":"SandTile"},{"x":245,"y":245,"type":"SandTile"},{"x":175,"y":245,"type":"GroundTile_1"},{"x":105,"y":245,"type":"GroundTile_2"},{"x":35,"y":245,"type":"GroundTile_2"},{"x":455,"y":315,"type":"SandTile"},{"x":175,"y":315,"type":"SandTile"},{"x":455,"y":385,"type":"SandTile"},{"x":315,"y":385,"type":"GroundTile_3"},{"x":175,"y":385,"type":"SandTile"},{"x":455,"y":455,"type":"SandTile"},{"x":175,"y":455,"type":"SandTile"},{"x":595,"y":525,"type":"GroundTile_2"},{"x":525,"y":525,"type":"GroundTile_2"},{"x":455,"y":525,"type":"GroundTile_1"},{"x":385,"y":525,"type":"SandTile"},{"x":315,"y":525,"type":"SandTile"},{"x":245,"y":525,"type":"SandTile"},{"x":595,"y":595,"type":"WaterTile"},{"x":525,"y":595,"type":"WaterTile"},{"x":455,"y":595,"type":"GroundTile_2"},{"x":595,"y":665,"type":"WaterTile"},{"x":525,"y":665,"type":"WaterTile"},{"x":455,"y":665,"type":"GroundTile_3"},{"x":595,"y":735,"type":"WaterTile"},{"x":525,"y":735,"type":"WaterTile"},{"x":455,"y":735,"type":"GroundTile_2"},{"x":105,"y":371,"type":"Gnome"},{"x":175,"y":90,"type":"Valve"},{"x":455,"y":650,"type":"Valve"},{"x":525,"y":371,"type":"Gnome"},{"x":318,"y":375,"type":"Flower"},{"x":525,"y":651,"type":"Gnome"},{"x":105,"y":91,"type":"Gnome"},{"x":105,"y":665,"type":"GroundTile_1"},{"x":108,"y":655,"type":"Flower"},{"x":525,"y":105,"type":"GroundTile_2"},{"x":528,"y":95,"type":"Flower"}],
"Level_23": [{"x":35,"y":245,"type":"GroundTile_2"},{"x":105,"y":245,"type":"GroundTile_2"},{"x":175,"y":245,"type":"GroundTile_1"},{"x":245,"y":245,"type":"SandTile"},{"x":315,"y":245,"type":"SandTile"},{"x":385,"y":245,"type":"SandTile"},{"x":455,"y":245,"type":"GroundTile_1"},{"x":525,"y":245,"type":"GroundTile_2"},{"x":595,"y":245,"type":"GroundTile_2"},{"x":35,"y":315,"type":"WaterTile"},{"x":105,"y":315,"type":"WaterTile"},{"x":175,"y":315,"type":"GroundTile_1"},{"x":455,"y":315,"type":"GroundTile_2"},{"x":525,"y":315,"type":"WaterTile"},{"x":595,"y":315,"type":"WaterTile"},{"x":35,"y":385,"type":"WaterTile"},{"x":105,"y":385,"type":"WaterTile"},{"x":175,"y":385,"type":"GroundTile_1"},{"x":455,"y":385,"type":"GroundTile_2"},{"x":525,"y":385,"type":"WaterTile"},{"x":595,"y":385,"type":"WaterTile"},{"x":35,"y":455,"type":"WaterTile"},{"x":105,"y":455,"type":"WaterTile"},{"x":175,"y":455,"type":"GroundTile_3"},{"x":455,"y":455,"type":"GroundTile_2"},{"x":525,"y":455,"type":"WaterTile"},{"x":595,"y":455,"type":"WaterTile"},{"x":35,"y":525,"type":"GroundTile_2"},{"x":105,"y":525,"type":"GroundTile_3"},{"x":175,"y":525,"type":"GroundTile_2"},{"x":245,"y":525,"type":"GroundTile_1"},{"x":315,"y":525,"type":"GroundTile_1"},{"x":385,"y":525,"type":"GroundTile_1"},{"x":455,"y":525,"type":"GroundTile_1"},{"x":525,"y":525,"type":"GroundTile_2"},{"x":595,"y":525,"type":"GroundTile_2"},{"x":35,"y":595,"type":"SandTile"},{"x":595,"y":595,"type":"SandTile"},{"x":385,"y":735,"type":"GroundTile_3"},{"x":315,"y":735,"type":"GroundTile_1"},{"x":245,"y":735,"type":"GroundTile_2"},{"x":525,"y":91,"type":"Gnome"},{"x":315,"y":395,"pipeName":"p6","linkedPipe":"p5","type":"Pipe_Blue"},{"x":315,"y":510,"type":"Valve"},{"x":175,"y":370,"type":"Valve"},{"x":455,"y":370,"type":"Valve"},{"x":105,"y":91,"type":"Gnome"},{"x":318,"y":725,"type":"Flower"},{"x":315,"y":115,"pipeName":"p5","linkedPipe":"p6","type":"Pipe_Blue"},{"x":178,"y":235,"type":"Flower"},{"x":458,"y":235,"type":"Flower"}],
"Level_24": [{"x":35,"y":35,"type":"WaterTile"},{"x":105,"y":35,"type":"WaterTile"},{"x":175,"y":35,"type":"GroundTile_2"},{"x":35,"y":105,"type":"WaterTile"},{"x":105,"y":105,"type":"WaterTile"},{"x":175,"y":105,"type":"SandTile"},{"x":35,"y":175,"type":"WaterTile"},{"x":105,"y":175,"type":"WaterTile"},{"x":175,"y":175,"type":"SandTile"},{"x":385,"y":175,"type":"GroundTile_2"},{"x":455,"y":175,"type":"GroundTile_2"},{"x":35,"y":245,"type":"SandTile"},{"x":105,"y":245,"type":"SandTile"},{"x":175,"y":245,"type":"SandTile"},{"x":385,"y":245,"type":"GroundTile_2"},{"x":455,"y":245,"type":"GroundTile_1"},{"x":175,"y":315,"type":"GroundTile_1"},{"x":175,"y":385,"type":"GroundTile_1"},{"x":245,"y":385,"type":"GroundTile_2"},{"x":315,"y":385,"type":"GroundTile_3"},{"x":385,"y":385,"type":"GroundTile_2"},{"x":455,"y":385,"type":"GroundTile_2"},{"x":525,"y":385,"type":"GroundTile_2"},{"x":595,"y":385,"type":"GroundTile_2"},{"x":385,"y":595,"type":"GroundTile_2"},{"x":455,"y":595,"type":"SandTile"},{"x":525,"y":595,"type":"SandTile"},{"x":595,"y":595,"type":"GroundTile_2"},{"x":385,"y":665,"type":"GroundTile_3"},{"x":385,"y":735,"type":"GroundTile_1"},{"x":458,"y":235,"type":"Flower"},{"x":105,"y":91,"type":"Gnome"},{"x":385,"y":91,"type":"Gnome"},{"x":385,"y":650,"type":"Valve"},{"x":595,"y":175,"type":"GroundTile_2"},{"x":175,"y":595,"type":"GroundTile_2"},{"x":175,"y":665,"type":"GroundTile_1"},{"x":178,"y":585,"type":"Flower"}],
"Level_25": [{"x":175,"y":35,"type":"GroundTile_2"},{"x":245,"y":35,"type":"WaterTile"},{"x":315,"y":35,"type":"WaterTile"},{"x":385,"y":35,"type":"WaterTile"},{"x":455,"y":35,"type":"GroundTile_2"},{"x":175,"y":105,"type":"GroundTile_1"},{"x":245,"y":105,"type":"WaterTile"},{"x":315,"y":105,"type":"WaterTile"},{"x":385,"y":105,"type":"WaterTile"},{"x":455,"y":105,"type":"GroundTile_2"},{"x":175,"y":175,"type":"GroundTile_3"},{"x":245,"y":175,"type":"GroundTile_1"},{"x":315,"y":175,"type":"GroundTile_2"},{"x":385,"y":175,"type":"GroundTile_2"},{"x":455,"y":175,"type":"GroundTile_2"},{"x":175,"y":245,"type":"SandTile"},{"x":455,"y":245,"type":"SandTile"},{"x":175,"y":315,"type":"SandTile"},{"x":455,"y":315,"type":"SandTile"},{"x":35,"y":385,"type":"SandTile"},{"x":105,"y":385,"type":"SandTile"},{"x":175,"y":385,"type":"SandTile"},{"x":455,"y":385,"type":"SandTile"},{"x":525,"y":385,"type":"SandTile"},{"x":595,"y":385,"type":"SandTile"},{"x":35,"y":455,"type":"GroundTile_2"},{"x":105,"y":455,"type":"GroundTile_3"},{"x":175,"y":455,"type":"GroundTile_3"},{"x":245,"y":455,"type":"GroundTile_2"},{"x":315,"y":455,"type":"GroundTile_1"},{"x":385,"y":455,"type":"GroundTile_2"},{"x":455,"y":455,"type":"GroundTile_2"},{"x":525,"y":455,"type":"GroundTile_3"},{"x":595,"y":455,"type":"GroundTile_2"},{"x":315,"y":735,"type":"GroundTile_1"},{"x":318,"y":725,"type":"Flower"},{"x":105,"y":91,"type":"Gnome"},{"x":385,"y":395,"pipeName":"p2","linkedPipe":"p1","type":"Pipe_Red"},{"x":315,"y":160,"type":"Valve"},{"x":245,"y":395,"pipeName":"p5","linkedPipe":"p6","type":"Pipe_Blue"},{"x":525,"y":91,"type":"Gnome"},{"x":105,"y":605,"pipeName":"p6","linkedPipe":"p5","type":"Pipe_Blue"},{"x":525,"y":605,"pipeName":"p1","linkedPipe":"p2","type":"Pipe_Red"},{"x":35,"y":581,"type":"Gnome"},{"x":315,"y":581,"type":"Gnome"},{"x":108,"y":445,"type":"Flower"}],
"Level_26": [{"x":595,"y":35,"type":"GroundTile_2"},{"x":525,"y":35,"type":"GroundTile_1"},{"x":315,"y":35,"type":"GroundTile_2"},{"x":315,"y":105,"type":"GroundTile_3"},{"x":595,"y":105,"type":"GroundTile_2"},{"x":315,"y":175,"type":"GroundTile_2"},{"x":315,"y":245,"type":"GroundTile_2"},{"x":315,"y":315,"type":"GroundTile_2"},{"x":385,"y":385,"type":"GroundTile_2"},{"x":595,"y":385,"type":"GroundTile_1"},{"x":525,"y":385,"type":"GroundTile_2"},{"x":455,"y":385,"type":"GroundTile_3"},{"x":175,"y":385,"type":"GroundTile_3"},{"x":105,"y":385,"type":"GroundTile_2"},{"x":35,"y":385,"type":"GroundTile_2"},{"x":245,"y":385,"type":"GroundTile_2"},{"x":315,"y":385,"type":"GroundTile_1"},{"x":455,"y":455,"type":"WaterTile"},{"x":525,"y":455,"type":"WaterTile"},{"x":595,"y":455,"type":"WaterTile"},{"x":385,"y":455,"type":"GroundTile_2"},{"x":455,"y":525,"type":"WaterTile"},{"x":525,"y":525,"type":"WaterTile"},{"x":595,"y":525,"type":"WaterTile"},{"x":385,"y":525,"type":"GroundTile_2"},{"x":595,"y":595,"type":"SandTile"},{"x":525,"y":595,"type":"SandTile"},{"x":455,"y":595,"type":"SandTile"},{"x":385,"y":595,"type":"GroundTile_2"},{"x":525,"y":665,"type":"SandTile"},{"x":385,"y":665,"type":"GroundTile_2"},{"x":595,"y":665,"type":"WaterTile"},{"x":455,"y":665,"type":"WaterTile"},{"x":175,"y":735,"type":"GroundTile_1"},{"x":105,"y":735,"type":"GroundTile_1"},{"x":245,"y":735,"type":"GroundTile_1"},{"x":455,"y":735,"type":"WaterTile"},{"x":525,"y":735,"type":"WaterTile"},{"x":595,"y":735,"type":"WaterTile"},{"x":385,"y":735,"type":"GroundTile_2"},{"x":598,"y":95,"type":"Flower"},{"x":105,"y":255,"pipeName":"p5","linkedPipe":"p6","type":"Pipe_Blue"},{"x":175,"y":161,"type":"Gnome"},{"x":175,"y":370,"type":"Valve"},{"x":105,"y":115,"pipeName":"p3","linkedPipe":"p4","type":"Pipe_Yellow"},{"x":525,"y":255,"pipeName":"p6","linkedPipe":"p5","type":"Pipe_Blue"},{"x":525,"y":370,"type":"Valve"},{"x":248,"y":725,"type":"Flower"},{"x":175,"y":675,"pipeName":"p4","linkedPipe":"p3","type":"Pipe_Yellow"},{"x":108,"y":725,"type":"Flower"}],
"Level_27": [{"x":315,"y":35,"type":"GroundTile_2"},{"x":525,"y":105,"type":"GroundTile_2"},{"x":595,"y":105,"type":"GroundTile_2"},{"x":315,"y":105,"type":"GroundTile_3"},{"x":315,"y":175,"type":"GroundTile_2"},{"x":595,"y":245,"type":"GroundTile_2"},{"x":525,"y":245,"type":"GroundTile_2"},{"x":455,"y":245,"type":"GroundTile_1"},{"x":385,"y":245,"type":"GroundTile_2"},{"x":315,"y":245,"type":"GroundTile_3"},{"x":245,"y":245,"type":"GroundTile_2"},{"x":175,"y":245,"type":"GroundTile_1"},{"x":105,"y":245,"type":"GroundTile_2"},{"x":35,"y":245,"type":"GroundTile_2"},{"x":595,"y":315,"type":"SandTile"},{"x":35,"y":315,"type":"SandTile"},{"x":595,"y":385,"type":"SandTile"},{"x":35,"y":385,"type":"SandTile"},{"x":385,"y":385,"type":"GroundTile_2"},{"x":315,"y":385,"type":"GroundTile_3"},{"x":245,"y":385,"type":"GroundTile_2"},{"x":595,"y":455,"type":"SandTile"},{"x":35,"y":455,"type":"SandTile"},{"x":595,"y":525,"type":"GroundTile_2"},{"x":525,"y":525,"type":"GroundTile_2"},{"x":455,"y":525,"type":"GroundTile_1"},{"x":385,"y":525,"type":"GroundTile_1"},{"x":315,"y":525,"type":"GroundTile_1"},{"x":245,"y":525,"type":"GroundTile_1"},{"x":175,"y":525,"type":"GroundTile_2"},{"x":105,"y":525,"type":"GroundTile_3"},{"x":35,"y":525,"type":"GroundTile_2"},{"x":595,"y":595,"type":"WaterTile"},{"x":525,"y":595,"type":"GroundTile_2"},{"x":105,"y":595,"type":"GroundTile_2"},{"x":35,"y":595,"type":"WaterTile"},{"x":595,"y":665,"type":"WaterTile"},{"x":525,"y":665,"type":"GroundTile_3"},{"x":105,"y":665,"type":"GroundTile_1"},{"x":35,"y":665,"type":"WaterTile"},{"x":595,"y":735,"type":"WaterTile"},{"x":525,"y":735,"type":"GroundTile_2"},{"x":105,"y":735,"type":"GroundTile_2"},{"x":35,"y":735,"type":"WaterTile"},{"x":318,"y":375,"type":"Flower"},{"x":105,"y":371,"type":"Gnome"},{"x":315,"y":510,"type":"Valve"},{"x":105,"y":115,"pipeName":"p1","linkedPipe":"p2","type":"Pipe_Red"},{"x":105,"y":650,"type":"Valve"},{"x":525,"y":650,"type":"Valve"},{"x":315,"y":90,"type":"Valve"},{"x":525,"y":371,"type":"Gnome"},{"x":175,"y":91,"type":"Gnome"},{"x":528,"y":95,"type":"Flower"},{"x":315,"y":735,"type":"GroundTile_1"},{"x":315,"y":675,"pipeName":"p2","linkedPipe":"p1","type":"Pipe_Red"},{"x":318,"y":725,"type":"Flower"}],
"Level_28": [{"x":35,"y":35,"type":"WaterTile"},{"x":105,"y":35,"type":"WaterTile"},{"x":175,"y":35,"type":"SandTile"},{"x":245,"y":35,"type":"WaterTile"},{"x":315,"y":35,"type":"WaterTile"},{"x":385,"y":35,"type":"GroundTile_3"},{"x":35,"y":105,"type":"WaterTile"},{"x":105,"y":105,"type":"WaterTile"},{"x":175,"y":105,"type":"SandTile"},{"x":245,"y":105,"type":"WaterTile"},{"x":315,"y":105,"type":"WaterTile"},{"x":385,"y":105,"type":"GroundTile_1"},{"x":525,"y":105,"type":"GroundTile_2"},{"x":35,"y":175,"type":"WaterTile"},{"x":105,"y":175,"type":"WaterTile"},{"x":175,"y":175,"type":"SandTile"},{"x":245,"y":175,"type":"WaterTile"},{"x":315,"y":175,"type":"WaterTile"},{"x":385,"y":175,"type":"GroundTile_2"},{"x":35,"y":245,"type":"GroundTile_2"},{"x":105,"y":245,"type":"GroundTile_2"},{"x":175,"y":245,"type":"GroundTile_1"},{"x":245,"y":245,"type":"GroundTile_2"},{"x":315,"y":245,"type":"GroundTile_3"},{"x":385,"y":245,"type":"GroundTile_2"},{"x":455,"y":245,"type":"GroundTile_1"},{"x":525,"y":245,"type":"GroundTile_2"},{"x":385,"y":315,"type":"GroundTile_3"},{"x":385,"y":385,"type":"GroundTile_2"},{"x":385,"y":455,"type":"GroundTile_2"},{"x":35,"y":525,"type":"GroundTile_2"},{"x":105,"y":525,"type":"GroundTile_3"},{"x":175,"y":525,"type":"GroundTile_2"},{"x":245,"y":525,"type":"GroundTile_1"},{"x":315,"y":525,"type":"GroundTile_1"},{"x":385,"y":525,"type":"GroundTile_1"},{"x":455,"y":525,"type":"GroundTile_1"},{"x":525,"y":525,"type":"GroundTile_2"},{"x":595,"y":525,"type":"GroundTile_2"},{"x":315,"y":595,"type":"GroundTile_2"},{"x":315,"y":665,"type":"GroundTile_3"},{"x":175,"y":665,"type":"GroundTile_2"},{"x":455,"y":665,"type":"GroundTile_2"},{"x":315,"y":735,"type":"GroundTile_1"},{"x":175,"y":395,"pipeName":"p2","linkedPipe":"p1","type":"Pipe_Red"},{"x":105,"y":675,"pipeName":"p1","linkedPipe":"p2","type":"Pipe_Red"},{"x":525,"y":371,"type":"Gnome"},{"x":315,"y":650,"type":"Valve"},{"x":385,"y":370,"type":"Valve"},{"x":385,"y":90,"type":"Valve"},{"x":525,"y":651,"type":"Gnome"},{"x":178,"y":655,"type":"Flower"},{"x":528,"y":95,"type":"Flower"},{"x":458,"y":655,"type":"Flower"}],
"Level_3": [{"x":245,"y":35,"type":"GroundTile_2"},{"x":525,"y":105,"type":"GroundTile_2"},{"x":455,"y":105,"type":"GroundTile_2"},{"x":245,"y":105,"type":"SandTile"},{"x":385,"y":105,"type":"GroundTile_2"},{"x":245,"y":175,"type":"GroundTile_2"},{"x":595,"y":245,"type":"GroundTile_2"},{"x":525,"y":245,"type":"GroundTile_2"},{"x":455,"y":245,"type":"GroundTile_1"},{"x":385,"y":245,"type":"GroundTile_2"},{"x":315,"y":245,"type":"GroundTile_3"},{"x":245,"y":245,"type":"GroundTile_2"},{"x":175,"y":245,"type":"GroundTile_2"},{"x":105,"y":245,"type":"SandTile"},{"x":35,"y":245,"type":"GroundTile_2"},{"x":315,"y":315,"type":"GroundTile_2"},{"x":315,"y":385,"type":"GroundTile_3"},{"x":315,"y":455,"type":"GroundTile_1"},{"x":595,"y":525,"type":"GroundTile_2"},{"x":525,"y":525,"type":"GroundTile_2"},{"x":455,"y":525,"type":"SandTile"},{"x":385,"y":525,"type":"GroundTile_1"},{"x":315,"y":525,"type":"GroundTile_1"},{"x":245,"y":525,"type":"GroundTile_1"},{"x":175,"y":525,"type":"GroundTile_2"},{"x":105,"y":525,"type":"GroundTile_3"},{"x":35,"y":525,"type":"GroundTile_2"},{"x":245,"y":595,"type":"GroundTile_2"},{"x":175,"y":595,"type":"WaterTile"},{"x":105,"y":595,"type":"WaterTile"},{"x":35,"y":595,"type":"WaterTile"},{"x":245,"y":665,"type":"GroundTile_2"},{"x":175,"y":665,"type":"WaterTile"},{"x":105,"y":665,"type":"WaterTile"},{"x":35,"y":665,"type":"WaterTile"},{"x":245,"y":735,"type":"GroundTile_2"},{"x":175,"y":735,"type":"WaterTile"},{"x":105,"y":735,"type":"WaterTile"},{"x":35,"y":735,"type":"WaterTile"},{"x":245,"y":650,"type":"Valve"},{"x":315,"y":370,"type":"Valve"},{"x":388,"y":95,"type":"Flower"},{"x":528,"y":95,"type":"Flower"},{"x":35,"y":385,"type":"GroundTile_1"},{"x":105,"y":385,"type":"GroundTile_2"},{"x":108,"y":375,"type":"Flower"},{"x":254.7,"y":689.05,"type":"Tutorial_Hand"}],
"Level_4": [{"x":35,"y":35,"type":"WaterTile"},{"x":105,"y":35,"type":"WaterTile"},{"x":175,"y":35,"type":"WaterTile"},{"x":245,"y":35,"type":"WaterTile"},{"x":315,"y":35,"type":"WaterTile"},{"x":385,"y":35,"type":"WaterTile"},{"x":455,"y":35,"type":"WaterTile"},{"x":525,"y":35,"type":"WaterTile"},{"x":595,"y":35,"type":"WaterTile"},{"x":35,"y":105,"type":"WaterTile"},{"x":105,"y":105,"type":"WaterTile"},{"x":175,"y":105,"type":"WaterTile"},{"x":245,"y":105,"type":"WaterTile"},{"x":315,"y":105,"type":"WaterTile"},{"x":385,"y":105,"type":"WaterTile"},{"x":455,"y":105,"type":"WaterTile"},{"x":525,"y":105,"type":"WaterTile"},{"x":595,"y":105,"type":"WaterTile"},{"x":35,"y":175,"type":"GroundTile_2"},{"x":105,"y":175,"type":"GroundTile_2"},{"x":175,"y":175,"type":"GroundTile_3"},{"x":245,"y":175,"type":"GroundTile_1"},{"x":315,"y":175,"type":"GroundTile_2"},{"x":385,"y":175,"type":"GroundTile_2"},{"x":455,"y":175,"type":"GroundTile_2"},{"x":525,"y":175,"type":"GroundTile_2"},{"x":595,"y":175,"type":"GroundTile_2"},{"x":385,"y":245,"type":"WaterTile"},{"x":315,"y":245,"type":"SandTile"},{"x":455,"y":245,"type":"WaterTile"},{"x":525,"y":245,"type":"WaterTile"},{"x":595,"y":245,"type":"WaterTile"},{"x":385,"y":315,"type":"WaterTile"},{"x":105,"y":315,"type":"GroundTile_2"},{"x":35,"y":315,"type":"GroundTile_3"},{"x":315,"y":315,"type":"SandTile"},{"x":455,"y":315,"type":"WaterTile"},{"x":525,"y":315,"type":"GroundTile_1"},{"x":595,"y":315,"type":"GroundTile_1"},{"x":385,"y":385,"type":"WaterTile"},{"x":315,"y":385,"type":"SandTile"},{"x":455,"y":385,"type":"WaterTile"},{"x":525,"y":385,"type":"WaterTile"},{"x":595,"y":385,"type":"WaterTile"},{"x":35,"y":455,"type":"GroundTile_2"},{"x":105,"y":455,"type":"GroundTile_3"},{"x":175,"y":455,"type":"GroundTile_3"},{"x":245,"y":455,"type":"GroundTile_2"},{"x":315,"y":455,"type":"GroundTile_1"},{"x":385,"y":455,"type":"GroundTile_2"},{"x":455,"y":455,"type":"GroundTile_2"},{"x":525,"y":455,"type":"GroundTile_3"},{"x":595,"y":455,"type":"GroundTile_2"},{"x":315,"y":525,"type":"SandTile"},{"x":315,"y":595,"type":"SandTile"},{"x":315,"y":665,"type":"SandTile"},{"x":105,"y":665,"type":"GroundTile_3"},{"x":525,"y":665,"type":"GroundTile_2"},{"x":315,"y":735,"type":"GroundTile_1"},{"x":105,"y":735,"type":"GroundTile_1"},{"x":525,"y":735,"type":"GroundTile_3"},{"x":175,"y":160,"type":"Valve"},{"x":175,"y":440,"type":"Valve"},{"x":528,"y":305,"type":"Flower"},{"x":528,"y":655,"type":"Flower"},{"x":108,"y":655,"type":"Flower"},{"x":108,"y":305,"type":"Flower"}],
"Level_5": [{"x":245,"y":35,"type":"GroundTile_2"},{"x":315,"y":35,"type":"GroundTile_2"},{"x":385,"y":35,"type":"GroundTile_2"},{"x":455,"y":35,"type":"WaterTile"},{"x":525,"y":35,"type":"WaterTile"},{"x":595,"y":35,"type":"WaterTile"},{"x":35,"y":35,"type":"WaterTile"},{"x":105,"y":35,"type":"WaterTile"},{"x":175,"y":35,"type":"WaterTile"},{"x":245,"y":105,"type":"WaterTile"},{"x":315,"y":105,"type":"GroundTile_2"},{"x":385,"y":105,"type":"WaterTile"},{"x":455,"y":105,"type":"WaterTile"},{"x":525,"y":105,"type":"WaterTile"},{"x":595,"y":105,"type":"WaterTile"},{"x":35,"y":105,"type":"WaterTile"},{"x":105,"y":105,"type":"WaterTile"},{"x":175,"y":105,"type":"WaterTile"},{"x":245,"y":175,"type":"WaterTile"},{"x":315,"y":175,"type":"WaterTile"},{"x":385,"y":175,"type":"WaterTile"},{"x":455,"y":175,"type":"WaterTile"},{"x":525,"y":175,"type":"WaterTile"},{"x":595,"y":175,"type":"WaterTile"},{"x":35,"y":175,"type":"WaterTile"},{"x":105,"y":175,"type":"WaterTile"},{"x":175,"y":175,"type":"WaterTile"},{"x":35,"y":245,"type":"GroundTile_1"},{"x":105,"y":245,"type":"GroundTile_2"},{"x":175,"y":245,"type":"GroundTile_3"},{"x":245,"y":245,"type":"GroundTile_2"},{"x":315,"y":245,"type":"GroundTile_3"},{"x":385,"y":245,"type":"GroundTile_3"},{"x":525,"y":245,"type":"GroundTile_2"},{"x":595,"y":245,"type":"GroundTile_3"},{"x":315,"y":230,"type":"Valve"},{"x":105,"y":91,"type":"Gnome"},{"x":455,"y":245,"type":"GroundTile_2"},{"x":245,"y":385,"type":"SandTile"},{"x":385,"y":385,"type":"SandTile"},{"x":394.8,"y":421,"type":"Tutorial_Hand"},{"x":315,"y":385,"type":"GroundTile_2"},{"x":315,"y":525,"type":"GroundTile_3"},{"x":175,"y":525,"type":"GroundTile_2"},{"x":35,"y":525,"type":"GroundTile_3"},{"x":595,"y":525,"type":"GroundTile_2"},{"x":455,"y":525,"type":"GroundTile_3"},{"x":245,"y":525,"type":"GroundTile_2"},{"x":385,"y":525,"type":"GroundTile_3"},{"x":119.5,"y":570.9,"type":"Tutorial_Hand"},{"x":318,"y":375,"type":"Flower"},{"x":315,"y":595,"type":"GroundTile_3"},{"x":315,"y":665,"type":"GroundTile_3"},{"x":315,"y":735,"type":"GroundTile_3"},{"x":525,"y":651,"type":"Gnome"},{"x":105,"y":651,"type":"Gnome"},{"x":535.1,"y":566.9,"type":"Tutorial_Hand"}],
"Level_6": [{"x":35,"y":245,"type":"GroundTile_2"},{"x":105,"y":245,"type":"GroundTile_2"},{"x":175,"y":245,"type":"GroundTile_1"},{"x":245,"y":245,"type":"GroundTile_2"},{"x":35,"y":525,"type":"GroundTile_2"},{"x":105,"y":525,"type":"GroundTile_3"},{"x":175,"y":525,"type":"GroundTile_2"},{"x":245,"y":525,"type":"GroundTile_1"},{"x":315,"y":525,"type":"GroundTile_2"},{"x":315,"y":595,"type":"GroundTile_2"},{"x":315,"y":665,"type":"GroundTile_1"},{"x":455,"y":665,"type":"SandTile"},{"x":315,"y":735,"type":"GroundTile_1"},{"x":385,"y":735,"type":"GroundTile_1"},{"x":455,"y":735,"type":"GroundTile_2"},{"x":525,"y":735,"type":"GroundTile_3"},{"x":595,"y":735,"type":"GroundTile_2"},{"x":315,"y":580,"type":"Valve"},{"x":105,"y":91,"type":"Gnome"},{"x":105,"y":371,"type":"Gnome"},{"x":458,"y":725,"type":"Flower"},{"x":245,"y":595,"type":"WaterTile"},{"x":175,"y":595,"type":"WaterTile"},{"x":105,"y":595,"type":"WaterTile"},{"x":35,"y":595,"type":"WaterTile"},{"x":245,"y":665,"type":"WaterTile"},{"x":175,"y":665,"type":"WaterTile"},{"x":105,"y":665,"type":"WaterTile"},{"x":35,"y":665,"type":"WaterTile"},{"x":245,"y":735,"type":"WaterTile"},{"x":175,"y":735,"type":"WaterTile"},{"x":105,"y":735,"type":"WaterTile"},{"x":35,"y":735,"type":"WaterTile"},{"x":595,"y":105,"type":"GroundTile_3"},{"x":525,"y":105,"type":"GroundTile_2"},{"x":455,"y":105,"type":"GroundTile_2"},{"x":595,"y":175,"type":"SandTile"},{"x":525,"y":175,"type":"SandTile"},{"x":455,"y":245,"type":"SandTile"},{"x":595,"y":245,"type":"GroundTile_2"},{"x":525,"y":245,"type":"GroundTile_2"},{"x":595,"y":315,"type":"SandTile"},{"x":525,"y":315,"type":"SandTile"},{"x":595,"y":385,"type":"GroundTile_2"},{"x":525,"y":385,"type":"GroundTile_2"},{"x":455,"y":385,"type":"GroundTile_2"},{"x":458,"y":95,"type":"Flower"},{"x":458,"y":375,"type":"Flower"},{"x":528,"y":235,"type":"Flower"}],
"Level_7": [{"x":35,"y":35,"type":"WaterTile"},{"x":105,"y":35,"type":"WaterTile"},{"x":175,"y":35,"type":"GroundTile_2"},{"x":315,"y":35,"type":"GroundTile_2"},{"x":455,"y":35,"type":"GroundTile_2"},{"x":525,"y":35,"type":"WaterTile"},{"x":595,"y":35,"type":"WaterTile"},{"x":35,"y":105,"type":"WaterTile"},{"x":105,"y":105,"type":"WaterTile"},{"x":175,"y":105,"type":"SandTile"},{"x":315,"y":105,"type":"SandTile"},{"x":455,"y":105,"type":"SandTile"},{"x":525,"y":105,"type":"WaterTile"},{"x":595,"y":105,"type":"WaterTile"},{"x":35,"y":175,"type":"WaterTile"},{"x":105,"y":175,"type":"WaterTile"},{"x":175,"y":175,"type":"GroundTile_3"},{"x":315,"y":175,"type":"SandTile"},{"x":455,"y":175,"type":"GroundTile_2"},{"x":525,"y":175,"type":"WaterTile"},{"x":595,"y":175,"type":"WaterTile"},{"x":35,"y":245,"type":"GroundTile_2"},{"x":105,"y":245,"type":"GroundTile_2"},{"x":175,"y":245,"type":"GroundTile_1"},{"x":315,"y":245,"type":"GroundTile_3"},{"x":455,"y":245,"type":"GroundTile_1"},{"x":525,"y":245,"type":"GroundTile_2"},{"x":595,"y":245,"type":"GroundTile_2"},{"x":315,"y":315,"type":"GroundTile_2"},{"x":105,"y":385,"type":"GroundTile_2"},{"x":315,"y":385,"type":"GroundTile_3"},{"x":315,"y":455,"type":"GroundTile_1"},{"x":35,"y":525,"type":"GroundTile_2"},{"x":105,"y":525,"type":"GroundTile_3"},{"x":175,"y":525,"type":"GroundTile_2"},{"x":245,"y":525,"type":"GroundTile_1"},{"x":315,"y":525,"type":"GroundTile_1"},{"x":385,"y":525,"type":"GroundTile_1"},{"x":455,"y":525,"type":"GroundTile_1"},{"x":525,"y":525,"type":"GroundTile_2"},{"x":595,"y":525,"type":"GroundTile_2"},{"x":315,"y":595,"type":"SandTile"},{"x":105,"y":665,"type":"GroundTile_3"},{"x":175,"y":665,"type":"GroundTile_1"},{"x":315,"y":665,"type":"SandTile"},{"x":455,"y":665,"type":"GroundTile_3"},{"x":525,"y":665,"type":"GroundTile_2"},{"x":315,"y":735,"type":"SandTile"},{"x":178,"y":655,"type":"Flower"},{"x":458,"y":655,"type":"Flower"},{"x":108,"y":375,"type":"Flower"},{"x":315,"y":370,"type":"Valve"},{"x":105,"y":510,"type":"Valve"}],
"Level_8": [{"x":595,"y":35,"type":"WaterTile"},{"x":525,"y":35,"type":"WaterTile"},{"x":455,"y":35,"type":"WaterTile"},{"x":385,"y":35,"type":"SandTile"},{"x":315,"y":35,"type":"GroundTile_2"},{"x":245,"y":35,"type":"SandTile"},{"x":175,"y":35,"type":"WaterTile"},{"x":105,"y":35,"type":"WaterTile"},{"x":35,"y":35,"type":"WaterTile"},{"x":595,"y":105,"type":"WaterTile"},{"x":525,"y":105,"type":"WaterTile"},{"x":455,"y":105,"type":"WaterTile"},{"x":385,"y":105,"type":"SandTile"},{"x":315,"y":105,"type":"SandTile"},{"x":245,"y":105,"type":"SandTile"},{"x":175,"y":105,"type":"WaterTile"},{"x":105,"y":105,"type":"WaterTile"},{"x":35,"y":105,"type":"WaterTile"},{"x":595,"y":175,"type":"GroundTile_2"},{"x":525,"y":175,"type":"GroundTile_2"},{"x":455,"y":175,"type":"GroundTile_2"},{"x":175,"y":175,"type":"GroundTile_3"},{"x":105,"y":175,"type":"GroundTile_2"},{"x":35,"y":175,"type":"GroundTile_2"},{"x":315,"y":315,"type":"GroundTile_2"},{"x":385,"y":385,"type":"GroundTile_2"},{"x":315,"y":385,"type":"GroundTile_3"},{"x":245,"y":385,"type":"GroundTile_2"},{"x":315,"y":455,"type":"SandTile"},{"x":595,"y":455,"type":"GroundTile_2"},{"x":525,"y":455,"type":"GroundTile_3"},{"x":455,"y":455,"type":"GroundTile_2"},{"x":385,"y":455,"type":"GroundTile_2"},{"x":245,"y":455,"type":"GroundTile_2"},{"x":175,"y":455,"type":"GroundTile_3"},{"x":105,"y":455,"type":"GroundTile_3"},{"x":35,"y":455,"type":"GroundTile_2"},{"x":315,"y":665,"type":"GroundTile_3"},{"x":595,"y":665,"type":"GroundTile_3"},{"x":525,"y":665,"type":"GroundTile_2"},{"x":105,"y":665,"type":"GroundTile_3"},{"x":35,"y":665,"type":"GroundTile_1"},{"x":315,"y":735,"type":"GroundTile_1"},{"x":595,"y":735,"type":"GroundTile_2"},{"x":525,"y":735,"type":"GroundTile_3"},{"x":105,"y":735,"type":"GroundTile_1"},{"x":35,"y":735,"type":"GroundTile_2"},{"x":175,"y":721,"type":"Gnome"},{"x":455,"y":721,"type":"Gnome"},{"x":318,"y":655,"type":"Flower"},{"x":318,"y":375,"type":"Flower"},{"x":528,"y":165,"type":"Flower"},{"x":108,"y":165,"type":"Flower"},{"x":105,"y":440,"type":"Valve"}],
"Level_9": [{"x":245,"y":35,"type":"GroundTile_2"},{"x":175,"y":35,"type":"WaterTile"},{"x":105,"y":35,"type":"WaterTile"},{"x":35,"y":35,"type":"WaterTile"},{"x":245,"y":105,"type":"GroundTile_3"},{"x":175,"y":105,"type":"WaterTile"},{"x":105,"y":105,"type":"WaterTile"},{"x":35,"y":105,"type":"WaterTile"},{"x":245,"y":175,"type":"GroundTile_1"},{"x":175,"y":175,"type":"GroundTile_3"},{"x":105,"y":175,"type":"GroundTile_2"},{"x":35,"y":175,"type":"GroundTile_2"},{"x":245,"y":245,"type":"SandTile"},{"x":175,"y":245,"type":"WaterTile"},{"x":105,"y":245,"type":"WaterTile"},{"x":35,"y":245,"type":"WaterTile"},{"x":245,"y":315,"type":"SandTile"},{"x":175,"y":315,"type":"WaterTile"},{"x":105,"y":315,"type":"WaterTile"},{"x":35,"y":315,"type":"WaterTile"},{"x":595,"y":385,"type":"GroundTile_2"},{"x":525,"y":385,"type":"GroundTile_2"},{"x":455,"y":385,"type":"GroundTile_2"},{"x":385,"y":385,"type":"GroundTile_2"},{"x":315,"y":385,"type":"GroundTile_3"},{"x":245,"y":385,"type":"GroundTile_2"},{"x":175,"y":385,"type":"GroundTile_1"},{"x":105,"y":385,"type":"GroundTile_2"},{"x":35,"y":385,"type":"GroundTile_3"},{"x":245,"y":90,"type":"Valve"},{"x":105,"y":511,"type":"Gnome"},{"x":455,"y":370,"type":"Valve"},{"x":525,"y":595,"type":"GroundTile_2"},{"x":595,"y":595,"type":"GroundTile_2"},{"x":525,"y":665,"type":"GroundTile_3"},{"x":595,"y":665,"type":"GroundTile_2"},{"x":525,"y":735,"type":"GroundTile_2"},{"x":595,"y":735,"type":"GroundTile_3"},{"x":528,"y":585,"type":"Flower"},{"x":525,"y":35,"type":"GroundTile_2"},{"x":595,"y":35,"type":"GroundTile_3"},{"x":525,"y":105,"type":"GroundTile_2"},{"x":595,"y":105,"type":"GroundTile_3"},{"x":528,"y":95,"type":"Flower"},{"x":595,"y":161,"type":"Gnome"},{"x":35,"y":665,"type":"GroundTile_1"},{"x":105,"y":665,"type":"GroundTile_3"},{"x":175,"y":665,"type":"GroundTile_1"},{"x":35,"y":735,"type":"SandTile"},{"x":105,"y":735,"type":"SandTile"},{"x":175,"y":735,"type":"SandTile"},{"x":178,"y":655,"type":"Flower"}]}