{"frames":{"character_000277":{"frame":"{{198,50},{76,15}}","offset":"{2.00,-2.00}","rotated":false,"sourceSize":"{72,11}"},"character_000270":{"frame":"{{92,770},{46,47}}","offset":"{2.00,-2.00}","rotated":false,"sourceSize":"{42,43}"},"character_000139":{"frame":"{{46,253},{46,47}}","offset":"{2.00,-2.00}","rotated":false,"sourceSize":"{42,43}"},"character_000006":{"frame":"{{488,0},{24,21}}","offset":"{2.00,-2.00}","rotated":false,"sourceSize":"{20,17}"},"character_000110":{"frame":"{{230,112},{46,47}}","offset":"{2.00,-2.00}","rotated":false,"sourceSize":"{42,43}"},"character_000069":{"frame":"{{430,865},{11,13}}","offset":"{2.00,-2.00}","rotated":false,"sourceSize":"{7,9}"},"character_000185":{"frame":"{{230,394},{46,47}}","offset":"{2.00,-2.00}","rotated":false,"sourceSize":"{42,43}"},"character_000091":{"frame":"{{350,0},{46,47}}","offset":"{2.00,-2.00}","rotated":false,"sourceSize":"{42,43}"},"character_000160":{"frame":"{{92,300},{46,47}}","offset":"{2.00,-2.00}","rotated":false,"sourceSize":"{42,43}"},"character_000237":{"frame":"{{92,629},{46,47}}","offset":"{2.00,-2.00}","rotated":false,"sourceSize":"{42,43}"},"character_000020":{"frame":"{{488,39},{10,8}}","offset":"{2.00,-2.00}","rotated":false,"sourceSize":"{6,4}"},"character_000194":{"frame":"{{138,441},{46,47}}","offset":"{2.00,-2.00}","rotated":false,"sourceSize":"{42,43}"},"character_000253":{"frame":"{{322,676},{46,47}}","offset":"{2.00,-2.00}","rotated":false,"sourceSize":"{42,43}"},"character_000192":{"frame":"{{46,441},{46,47}}","offset":"{2.00,-2.00}","rotated":false,"sourceSize":"{42,43}"},"character_000074":{"frame":"{{485,865},{11,13}}","offset":"{2.00,-2.00}","rotated":false,"sourceSize":"{7,9}"},"character_000239":{"frame":"{{184,629},{46,47}}","offset":"{2.00,-2.00}","rotated":false,"sourceSize":"{42,43}"},"character_000032":{"frame":"{{499,847},{12,15}}","offset":"{2.00,-2.00}","rotated":false,"sourceSize":"{8,11}"},"character_000055":{"frame":"{{276,865},{11,13}}","offset":"{2.00,-2.00}","rotated":false,"sourceSize":"{7,9}"},"character_000064":{"frame":"{{375,865},{11,13}}","offset":"{2.00,-2.00}","rotated":false,"sourceSize":"{7,9}"},"character_000263":{"frame":"{{276,723},{46,47}}","offset":"{2.00,-2.00}","rotated":false,"sourceSize":"{42,43}"},"character_000009":{"frame":"{{331,800},{11,10}}","offset":"{2.00,-2.00}","rotated":false,"sourceSize":"{7,6}"},"character_000124":{"frame":"{{368,159},{46,47}}","offset":"{2.00,-2.00}","rotated":false,"sourceSize":"{42,43}"},"character_000050":{"frame":"{{216,865},{12,15}}","offset":"{2.00,-2.00}","rotated":false,"sourceSize":"{8,11}"},"character_000150":{"frame":"{{138,253},{46,47}}","offset":"{2.00,-2.00}","rotated":false,"sourceSize":"{42,43}"},"character_000183":{"frame":"{{138,394},{46,47}}","offset":"{2.00,-2.00}","rotated":false,"sourceSize":"{42,43}"},"character_000117":{"frame":"{{46,159},{46,47}}","offset":"{2.00,-2.00}","rotated":false,"sourceSize":"{42,43}"},"character_000079":{"frame":"{{33,887},{11,13}}","offset":"{2.00,-2.00}","rotated":false,"sourceSize":"{7,9}"},"character_000198":{"frame":"{{322,441},{46,47}}","offset":"{2.00,-2.00}","rotated":false,"sourceSize":"{42,43}"},"character_000202":{"frame":"{{0,488},{46,47}}","offset":"{2.00,-2.00}","rotated":false,"sourceSize":"{42,43}"},"character_000196":{"frame":"{{230,441},{46,47}}","offset":"{2.00,-2.00}","rotated":false,"sourceSize":"{42,43}"},"character_000200":{"frame":"{{414,441},{46,47}}","offset":"{2.00,-2.00}","rotated":false,"sourceSize":"{42,43}"},"character_000101":{"frame":"{{322,65},{46,47}}","offset":"{2.00,-2.00}","rotated":false,"sourceSize":"{42,43}"},"character_000157":{"frame":"{{460,253},{46,47}}","offset":"{2.00,-2.00}","rotated":false,"sourceSize":"{42,43}"},"character_000218":{"frame":"{{230,535},{46,47}}","offset":"{2.00,-2.00}","rotated":false,"sourceSize":"{42,43}"},"character_000045":{"frame":"{{156,865},{12,15}}","offset":"{2.00,-2.00}","rotated":false,"sourceSize":"{8,11}"},"character_000084":{"frame":"{{88,887},{11,13}}","offset":"{2.00,-2.00}","rotated":false,"sourceSize":"{7,9}"},"character_000190":{"frame":"{{460,394},{46,47}}","offset":"{2.00,-2.00}","rotated":false,"sourceSize":"{42,43}"},"character_000181":{"frame":"{{46,394},{46,47}}","offset":"{2.00,-2.00}","rotated":false,"sourceSize":"{42,43}"},"character_000108":{"frame":"{{138,112},{46,47}}","offset":"{2.00,-2.00}","rotated":false,"sourceSize":"{42,43}"},"character_000208":{"frame":"{{276,488},{46,47}}","offset":"{2.00,-2.00}","rotated":false,"sourceSize":"{42,43}"},"character_000023":{"frame":"{{488,21},{17,18}}","offset":"{2.00,-2.00}","rotated":false,"sourceSize":"{13,14}"},"character_000216":{"frame":"{{138,535},{46,47}}","offset":"{2.00,-2.00}","rotated":false,"sourceSize":"{42,43}"},"character_000148":{"frame":"{{344,817},{43,48}}","offset":"{2.00,-2.00}","rotated":false,"sourceSize":"{39,44}"},"character_000035":{"frame":"{{36,865},{12,15}}","offset":"{2.00,-2.00}","rotated":false,"sourceSize":"{8,11}"},"character_000272":{"frame":"{{184,770},{46,47}}","offset":"{2.00,-2.00}","rotated":false,"sourceSize":"{42,43}"},"character_000135":{"frame":"{{368,206},{46,47}}","offset":"{2.00,-2.00}","rotated":false,"sourceSize":"{42,43}"},"character_000040":{"frame":"{{96,865},{12,15}}","offset":"{2.00,-2.00}","rotated":false,"sourceSize":"{8,11}"},"character_000012":{"frame":"{{350,800},{8,8}}","offset":"{2.00,2.13}","rotated":false,"sourceSize":"{4,17.75}"},"character_000179":{"frame":"{{460,347},{46,47}}","offset":"{2.00,-2.00}","rotated":false,"sourceSize":"{42,43}"},"character_000137":{"frame":"{{460,206},{46,47}}","offset":"{2.00,-2.00}","rotated":false,"sourceSize":"{42,43}"},"character_000241":{"frame":"{{276,629},{46,47}}","offset":"{2.00,-2.00}","rotated":false,"sourceSize":"{42,43}"},"character_000251":{"frame":"{{230,676},{46,47}}","offset":"{2.00,-2.00}","rotated":false,"sourceSize":"{42,43}"},"character_000089":{"frame":"{{258,0},{46,47}}","offset":"{2.00,-2.00}","rotated":false,"sourceSize":"{42,43}"},"character_000096":{"frame":"{{92,65},{46,47}}","offset":"{2.00,-2.00}","rotated":false,"sourceSize":"{42,43}"},"character_000226":{"frame":"{{92,582},{46,47}}","offset":"{2.00,-2.00}","rotated":false,"sourceSize":"{42,43}"},"character_000058":{"frame":"{{309,865},{11,13}}","offset":"{2.00,-2.00}","rotated":false,"sourceSize":"{7,9}"},"character_000094":{"frame":"{{0,65},{46,47}}","offset":"{2.00,-2.00}","rotated":false,"sourceSize":"{42,43}"},"character_000224":{"frame":"{{0,582},{46,47}}","offset":"{2.00,-2.00}","rotated":false,"sourceSize":"{42,43}"},"character_000067":{"frame":"{{408,865},{11,13}}","offset":"{2.00,-2.00}","rotated":false,"sourceSize":"{7,9}"},"character_000177":{"frame":"{{368,347},{46,47}}","offset":"{2.00,-2.00}","rotated":false,"sourceSize":"{42,43}"},"character_000204":{"frame":"{{92,488},{46,47}}","offset":"{2.00,-2.00}","rotated":false,"sourceSize":"{42,43}"},"character_000099":{"frame":"{{230,65},{46,47}}","offset":"{2.00,-2.00}","rotated":false,"sourceSize":"{42,43}"},"character_000001":{"frame":"{{430,847},{17,17}}","offset":"{2.00,-2.00}","rotated":false,"sourceSize":"{13,13}"},"character_000175":{"frame":"{{276,347},{46,47}}","offset":"{2.00,-2.00}","rotated":false,"sourceSize":"{42,43}"},"character_000115":{"frame":"{{460,112},{46,47}}","offset":"{2.00,-2.00}","rotated":false,"sourceSize":"{42,43}"},"character_000128":{"frame":"{{46,206},{46,47}}","offset":"{2.00,-2.00}","rotated":false,"sourceSize":"{42,43}"},"character_000026":{"frame":"{{19,900},{10,12}}","offset":"{1.00,-0.50}","rotated":false,"sourceSize":"{8,11}"},"character_000206":{"frame":"{{184,488},{46,47}}","offset":"{2.00,-2.00}","rotated":false,"sourceSize":"{42,43}"},"character_000000":{"frame":"{{320,800},{11,10}}","offset":"{2.00,-2.00}","rotated":false,"sourceSize":"{7,6}"},"character_000256":{"frame":"{{460,676},{46,47}}","offset":"{2.00,-2.00}","rotated":false,"sourceSize":"{42,43}"},"character_000214":{"frame":"{{46,535},{46,47}}","offset":"{2.00,-2.00}","rotated":false,"sourceSize":"{42,43}"},"character_000072":{"frame":"{{463,865},{11,13}}","offset":"{2.00,-2.00}","rotated":false,"sourceSize":"{7,9}"},"character_000173":{"frame":"{{184,347},{46,47}}","offset":"{2.00,-2.00}","rotated":false,"sourceSize":"{42,43}"},"character_000015":{"frame":"{{374,800},{8,8}}","offset":"{2.00,-4.28}","rotated":false,"sourceSize":"{4,17.75}"},"character_000106":{"frame":"{{46,112},{46,47}}","offset":"{2.00,-2.00}","rotated":false,"sourceSize":"{42,43}"},"character_000146":{"frame":"{{258,817},{43,48}}","offset":"{2.00,-2.00}","rotated":false,"sourceSize":"{39,44}"},"character_000004":{"frame":"{{0,865},{12,22}}","offset":"{2.00,-2.00}","rotated":false,"sourceSize":"{8,18}"},"character_000247":{"frame":"{{46,676},{46,47}}","offset":"{2.00,-2.00}","rotated":false,"sourceSize":"{42,43}"},"character_000053":{"frame":"{{252,865},{12,15}}","offset":"{2.00,-2.00}","rotated":false,"sourceSize":"{8,11}"},"character_000122":{"frame":"{{276,159},{46,47}}","offset":"{2.00,-2.00}","rotated":false,"sourceSize":"{42,43}"},"character_000077":{"frame":"{{11,887},{11,13}}","offset":"{2.00,-2.00}","rotated":false,"sourceSize":"{7,9}"},"character_000144":{"frame":"{{172,817},{43,48}}","offset":"{2.00,-2.00}","rotated":false,"sourceSize":"{39,44}"},"character_000245":{"frame":"{{460,629},{46,47}}","offset":"{2.00,-2.00}","rotated":false,"sourceSize":"{42,43}"},"character_000249":{"frame":"{{138,676},{46,47}}","offset":"{2.00,-2.00}","rotated":false,"sourceSize":"{42,43}"},"character_000230":{"frame":"{{276,582},{46,47}}","offset":"{2.00,-2.00}","rotated":false,"sourceSize":"{42,43}"},"character_000155":{"frame":"{{368,253},{46,47}}","offset":"{2.00,-2.00}","rotated":false,"sourceSize":"{42,43}"},"character_000048":{"frame":"{{192,865},{12,15}}","offset":"{2.00,-2.00}","rotated":false,"sourceSize":"{8,11}"},"character_000210":{"frame":"{{368,488},{46,47}}","offset":"{2.00,-2.00}","rotated":false,"sourceSize":"{42,43}"},"character_000171":{"frame":"{{92,347},{46,47}}","offset":"{2.00,-2.00}","rotated":false,"sourceSize":"{42,43}"},"character_000265":{"frame":"{{368,723},{46,47}}","offset":"{2.00,-2.00}","rotated":false,"sourceSize":"{42,43}"},"character_000258":{"frame":"{{46,723},{46,47}}","offset":"{2.00,-2.00}","rotated":false,"sourceSize":"{42,43}"},"character_000018":{"frame":"{{506,39},{4,4}}","offset":"{0.00,-9.62}","rotated":false,"sourceSize":"{4,17.75}"},"character_000133":{"frame":"{{276,206},{46,47}}","offset":"{2.00,-2.00}","rotated":false,"sourceSize":"{42,43}"},"character_000097":{"frame":"{{138,65},{46,47}}","offset":"{2.00,-2.00}","rotated":false,"sourceSize":"{42,43}"},"character_000228":{"frame":"{{184,582},{46,47}}","offset":"{2.00,-2.00}","rotated":false,"sourceSize":"{42,43}"},"character_000043":{"frame":"{{132,865},{12,15}}","offset":"{2.00,-2.00}","rotated":false,"sourceSize":"{8,11}"},"character_000082":{"frame":"{{66,887},{11,13}}","offset":"{2.00,-2.00}","rotated":false,"sourceSize":"{7,9}"},"character_000282":{"frame":"{{422,770},{76,15}}","offset":"{2.00,-2.00}","rotated":false,"sourceSize":"{72,11}"},"character_000188":{"frame":"{{368,394},{46,47}}","offset":"{2.00,-2.00}","rotated":false,"sourceSize":"{42,43}"},"character_000169":{"frame":"{{0,347},{46,47}}","offset":"{2.00,-2.00}","rotated":false,"sourceSize":"{42,43}"},"character_000113":{"frame":"{{368,112},{46,47}}","offset":"{2.00,-2.00}","rotated":false,"sourceSize":"{42,43}"},"character_000038":{"frame":"{{72,865},{12,15}}","offset":"{2.00,-2.00}","rotated":false,"sourceSize":"{8,11}"},"character_000284":{"frame":"{{422,785},{76,15}}","offset":"{2.00,-2.00}","rotated":false,"sourceSize":"{72,11}"},"character_000232":{"frame":"{{368,582},{46,47}}","offset":"{2.00,-2.00}","rotated":false,"sourceSize":"{42,43}"},"character_000007":{"frame":"{{505,21},{7,9}}","offset":"{2.00,-2.00}","rotated":false,"sourceSize":"{3,5}"},"character_000029":{"frame":"{{463,847},{12,15}}","offset":"{2.00,-2.00}","rotated":false,"sourceSize":"{8,11}"},"character_000267":{"frame":"{{460,723},{46,47}}","offset":"{2.00,-2.00}","rotated":false,"sourceSize":"{42,43}"},"character_000260":{"frame":"{{138,723},{46,47}}","offset":"{2.00,-2.00}","rotated":false,"sourceSize":"{42,43}"},"character_000142":{"frame":"{{86,817},{43,48}}","offset":"{2.00,-2.00}","rotated":false,"sourceSize":"{39,44}"},"character_000087":{"frame":"{{166,0},{46,47}}","offset":"{2.00,-2.00}","rotated":false,"sourceSize":"{42,43}"},"character_000061":{"frame":"{{342,865},{11,13}}","offset":"{2.00,-2.00}","rotated":false,"sourceSize":"{7,9}"},"character_000131":{"frame":"{{184,206},{46,47}}","offset":"{2.00,-2.00}","rotated":false,"sourceSize":"{42,43}"},"character_000280":{"frame":"{{426,50},{76,15}}","offset":"{2.00,-2.00}","rotated":false,"sourceSize":"{72,11}"},"character_000021":{"frame":"{{398,800},{8,8}}","offset":"{2.00,-2.00}","rotated":false,"sourceSize":"{4,4}"},"character_000033":{"frame":"{{12,865},{12,15}}","offset":"{2.00,-2.00}","rotated":false,"sourceSize":"{8,11}"},"character_000104":{"frame":"{{460,65},{46,47}}","offset":"{2.00,-2.00}","rotated":false,"sourceSize":"{42,43}"},"character_000274":{"frame":"{{387,817},{43,48}}","offset":"{2.00,-2.00}","rotated":false,"sourceSize":"{39,44}"},"character_000153":{"frame":"{{276,253},{46,47}}","offset":"{2.00,-2.00}","rotated":false,"sourceSize":"{42,43}"},"character_000065":{"frame":"{{386,865},{11,13}}","offset":"{2.00,-2.00}","rotated":false,"sourceSize":"{7,9}"},"character_000120":{"frame":"{{184,159},{46,47}}","offset":"{2.00,-2.00}","rotated":false,"sourceSize":"{42,43}"},"character_000165":{"frame":"{{322,300},{46,47}}","offset":"{2.00,-2.00}","rotated":false,"sourceSize":"{42,43}"},"character_000286":{"frame":"{{430,832},{76,15}}","offset":"{2.00,-2.00}","rotated":false,"sourceSize":"{72,11}"},"character_000092":{"frame":"{{396,0},{46,47}}","offset":"{2.00,-2.00}","rotated":false,"sourceSize":"{42,43}"},"character_000221":{"frame":"{{368,535},{46,47}}","offset":"{2.00,-2.00}","rotated":false,"sourceSize":"{42,43}"},"character_000129":{"frame":"{{92,206},{46,47}}","offset":"{2.00,-2.00}","rotated":false,"sourceSize":"{42,43}"},"character_000234":{"frame":"{{460,582},{46,47}}","offset":"{2.00,-2.00}","rotated":false,"sourceSize":"{42,43}"},"character_000167":{"frame":"{{414,300},{46,47}}","offset":"{2.00,-2.00}","rotated":false,"sourceSize":"{42,43}"},"character_000070":{"frame":"{{441,865},{11,13}}","offset":"{2.00,-2.00}","rotated":false,"sourceSize":"{7,9}"},"character_000269":{"frame":"{{46,770},{46,47}}","offset":"{2.00,-2.00}","rotated":false,"sourceSize":"{42,43}"},"character_000140":{"frame":"{{0,817},{43,48}}","offset":"{2.00,-2.00}","rotated":false,"sourceSize":"{39,44}"},"character_000163":{"frame":"{{230,300},{46,47}}","offset":"{2.00,-2.00}","rotated":false,"sourceSize":"{42,43}"},"character_000056":{"frame":"{{287,865},{11,13}}","offset":"{2.00,-2.00}","rotated":false,"sourceSize":"{7,9}"},"character_000111":{"frame":"{{276,112},{46,47}}","offset":"{2.00,-2.00}","rotated":false,"sourceSize":"{42,43}"},"character_000186":{"frame":"{{276,394},{46,47}}","offset":"{2.00,-2.00}","rotated":false,"sourceSize":"{42,43}"},"character_000075":{"frame":"{{496,865},{11,13}}","offset":"{2.00,-2.00}","rotated":false,"sourceSize":"{7,9}"},"character_000212":{"frame":"{{460,488},{46,47}}","offset":"{2.00,-2.00}","rotated":false,"sourceSize":"{42,43}"},"character_000288":{"frame":"{{505,30},{7,9}}","offset":"{2.00,-2.00}","rotated":false,"sourceSize":"{3,5}"},"character_000010":{"frame":"{{447,847},{16,17}}","offset":"{2.00,-2.00}","rotated":false,"sourceSize":"{12,13}"},"character_000158":{"frame":"{{0,300},{46,47}}","offset":"{2.00,-2.00}","rotated":false,"sourceSize":"{42,43}"},"character_000276":{"frame":"{{122,50},{76,15}}","offset":"{2.00,-2.00}","rotated":false,"sourceSize":"{72,11}"},"character_000262":{"frame":"{{230,723},{46,47}}","offset":"{2.00,-2.00}","rotated":false,"sourceSize":"{42,43}"},"character_000151":{"frame":"{{184,253},{46,47}}","offset":"{2.00,-2.00}","rotated":false,"sourceSize":"{42,43}"},"character_000161":{"frame":"{{138,300},{46,47}}","offset":"{2.00,-2.00}","rotated":false,"sourceSize":"{42,43}"},"character_000236":{"frame":"{{46,629},{46,47}}","offset":"{2.00,-2.00}","rotated":false,"sourceSize":"{42,43}"},"character_000024":{"frame":"{{306,800},{14,10}}","offset":"{2.00,-2.00}","rotated":false,"sourceSize":"{10,6}"},"character_000243":{"frame":"{{368,629},{46,47}}","offset":"{2.00,-2.00}","rotated":false,"sourceSize":"{42,43}"},"character_000271":{"frame":"{{138,770},{46,47}}","offset":"{2.00,-2.00}","rotated":false,"sourceSize":"{42,43}"},"character_000051":{"frame":"{{228,865},{12,15}}","offset":"{2.00,-2.00}","rotated":false,"sourceSize":"{8,11}"},"character_000255":{"frame":"{{414,676},{46,47}}","offset":"{2.00,-2.00}","rotated":false,"sourceSize":"{42,43}"},"character_000046":{"frame":"{{168,865},{12,15}}","offset":"{2.00,-2.00}","rotated":false,"sourceSize":"{8,11}"},"character_000219":{"frame":"{{276,535},{46,47}}","offset":"{2.00,-2.00}","rotated":false,"sourceSize":"{42,43}"},"character_000013":{"frame":"{{358,800},{8,8}}","offset":"{2.00,-0.63}","rotated":false,"sourceSize":"{4,17.75}"},"character_000102":{"frame":"{{368,65},{46,47}}","offset":"{2.00,-2.00}","rotated":false,"sourceSize":"{42,43}"},"character_000080":{"frame":"{{44,887},{11,13}}","offset":"{2.00,-2.00}","rotated":false,"sourceSize":"{7,9}"},"character_000002":{"frame":"{{342,800},{8,9}}","offset":"{2.00,-2.00}","rotated":false,"sourceSize":"{4,5}"},"character_000041":{"frame":"{{108,865},{12,15}}","offset":"{2.00,-2.00}","rotated":false,"sourceSize":"{8,11}"},"character_000184":{"frame":"{{184,394},{46,47}}","offset":"{2.00,-2.00}","rotated":false,"sourceSize":"{42,43}"},"character_000138":{"frame":"{{0,253},{46,47}}","offset":"{2.00,-2.00}","rotated":false,"sourceSize":"{42,43}"},"character_000031":{"frame":"{{487,847},{12,15}}","offset":"{2.00,-2.00}","rotated":false,"sourceSize":"{8,11}"},"character_000085":{"frame":"{{39,900},{10,12}}","offset":"{2.00,-2.00}","rotated":false,"sourceSize":"{6,8}"},"character_000118":{"frame":"{{92,159},{46,47}}","offset":"{2.00,-2.00}","rotated":false,"sourceSize":"{42,43}"},"character_000223":{"frame":"{{460,535},{46,47}}","offset":"{2.00,-2.00}","rotated":false,"sourceSize":"{42,43}"},"character_000195":{"frame":"{{184,441},{46,47}}","offset":"{2.00,-2.00}","rotated":false,"sourceSize":"{42,43}"},"character_000036":{"frame":"{{48,865},{12,15}}","offset":"{2.00,-2.00}","rotated":false,"sourceSize":"{8,11}"},"character_000063":{"frame":"{{364,865},{11,13}}","offset":"{2.00,-2.00}","rotated":false,"sourceSize":"{7,9}"},"character_000252":{"frame":"{{276,676},{46,47}}","offset":"{2.00,-2.00}","rotated":false,"sourceSize":"{42,43}"},"character_000125":{"frame":"{{414,159},{46,47}}","offset":"{2.00,-2.00}","rotated":false,"sourceSize":"{42,43}"},"character_000059":{"frame":"{{320,865},{11,13}}","offset":"{2.00,-2.00}","rotated":false,"sourceSize":"{7,9}"},"character_000240":{"frame":"{{230,629},{46,47}}","offset":"{2.00,-2.00}","rotated":false,"sourceSize":"{42,43}"},"character_000197":{"frame":"{{276,441},{46,47}}","offset":"{2.00,-2.00}","rotated":false,"sourceSize":"{42,43}"},"character_000191":{"frame":"{{0,441},{46,47}}","offset":"{2.00,-2.00}","rotated":false,"sourceSize":"{42,43}"},"character_000016":{"frame":"{{382,800},{8,8}}","offset":"{2.00,-6.13}","rotated":false,"sourceSize":"{4,17.75}"},"character_000278":{"frame":"{{274,50},{76,15}}","offset":"{2.00,-2.00}","rotated":false,"sourceSize":"{72,11}"},"character_000027":{"frame":"{{498,770},{12,15}}","offset":"{2.00,-2.00}","rotated":false,"sourceSize":"{8,11}"},"character_000182":{"frame":"{{92,394},{46,47}}","offset":"{2.00,-2.00}","rotated":false,"sourceSize":"{42,43}"},"character_000068":{"frame":"{{419,865},{11,13}}","offset":"{2.00,-2.00}","rotated":false,"sourceSize":"{7,9}"},"character_000136":{"frame":"{{414,206},{46,47}}","offset":"{2.00,-2.00}","rotated":false,"sourceSize":"{42,43}"},"character_000287":{"frame":"{{306,770},{40,30}}","offset":"{2.00,-2.00}","rotated":false,"sourceSize":"{36,26}"},"character_000159":{"frame":"{{46,300},{46,47}}","offset":"{2.00,-2.00}","rotated":false,"sourceSize":"{42,43}"},"character_000116":{"frame":"{{0,159},{46,47}}","offset":"{2.00,-2.00}","rotated":false,"sourceSize":"{42,43}"},"character_000090":{"frame":"{{304,0},{46,47}}","offset":"{2.00,-2.00}","rotated":false,"sourceSize":"{42,43}"},"character_000005":{"frame":"{{502,50},{10,14}}","offset":"{2.00,-2.00}","rotated":false,"sourceSize":"{6,10}"},"character_000238":{"frame":"{{138,629},{46,47}}","offset":"{2.00,-2.00}","rotated":false,"sourceSize":"{42,43}"},"character_000073":{"frame":"{{474,865},{11,13}}","offset":"{2.00,-2.00}","rotated":false,"sourceSize":"{7,9}"},"character_000203":{"frame":"{{46,488},{46,47}}","offset":"{2.00,-2.00}","rotated":false,"sourceSize":"{42,43}"},"character_000123":{"frame":"{{322,159},{46,47}}","offset":"{2.00,-2.00}","rotated":false,"sourceSize":"{42,43}"},"character_000201":{"frame":"{{460,441},{46,47}}","offset":"{2.00,-2.00}","rotated":false,"sourceSize":"{42,43}"},"character_000149":{"frame":"{{92,253},{46,47}}","offset":"{2.00,-2.00}","rotated":false,"sourceSize":"{42,43}"},"character_000109":{"frame":"{{184,112},{46,47}}","offset":"{2.00,-2.00}","rotated":false,"sourceSize":"{42,43}"},"character_000100":{"frame":"{{276,65},{46,47}}","offset":"{2.00,-2.00}","rotated":false,"sourceSize":"{42,43}"},"character_000285":{"frame":"{{430,817},{76,15}}","offset":"{2.00,-2.00}","rotated":false,"sourceSize":"{72,11}"},"character_000054":{"frame":"{{29,900},{10,12}}","offset":"{2.00,-2.00}","rotated":false,"sourceSize":"{6,8}"},"character_000205":{"frame":"{{138,488},{46,47}}","offset":"{2.00,-2.00}","rotated":false,"sourceSize":"{42,43}"},"character_000147":{"frame":"{{301,817},{43,48}}","offset":"{2.00,-2.00}","rotated":false,"sourceSize":"{39,44}"},"character_000019":{"frame":"{{99,887},{11,12}}","offset":"{2.00,-2.00}","rotated":false,"sourceSize":"{7,8}"},"character_000193":{"frame":"{{92,441},{46,47}}","offset":"{2.00,-2.00}","rotated":false,"sourceSize":"{42,43}"},"character_000134":{"frame":"{{322,206},{46,47}}","offset":"{2.00,-2.00}","rotated":false,"sourceSize":"{42,43}"},"character_000180":{"frame":"{{0,394},{46,47}}","offset":"{2.00,-2.00}","rotated":false,"sourceSize":"{42,43}"},"character_000049":{"frame":"{{204,865},{12,15}}","offset":"{2.00,-2.00}","rotated":false,"sourceSize":"{8,11}"},"character_000078":{"frame":"{{22,887},{11,13}}","offset":"{2.00,-2.00}","rotated":false,"sourceSize":"{7,9}"},"character_000176":{"frame":"{{322,347},{46,47}}","offset":"{2.00,-2.00}","rotated":false,"sourceSize":"{42,43}"},"character_000209":{"frame":"{{322,488},{46,47}}","offset":"{2.00,-2.00}","rotated":false,"sourceSize":"{42,43}"},"character_000062":{"frame":"{{353,865},{11,13}}","offset":"{2.00,-2.00}","rotated":false,"sourceSize":"{7,9}"},"character_000156":{"frame":"{{414,253},{46,47}}","offset":"{2.00,-2.00}","rotated":false,"sourceSize":"{42,43}"},"character_000030":{"frame":"{{475,847},{12,15}}","offset":"{2.00,-2.00}","rotated":false,"sourceSize":"{8,11}"},"character_000207":{"frame":"{{230,488},{46,47}}","offset":"{2.00,-2.00}","rotated":false,"sourceSize":"{42,43}"},"character_000083":{"frame":"{{77,887},{11,13}}","offset":"{2.00,-2.00}","rotated":false,"sourceSize":"{7,9}"},"character_000107":{"frame":"{{92,112},{46,47}}","offset":"{2.00,-2.00}","rotated":false,"sourceSize":"{42,43}"},"character_000199":{"frame":"{{368,441},{46,47}}","offset":"{2.00,-2.00}","rotated":false,"sourceSize":"{42,43}"},"character_000178":{"frame":"{{414,347},{46,47}}","offset":"{2.00,-2.00}","rotated":false,"sourceSize":"{42,43}"},"character_000127":{"frame":"{{0,206},{46,47}}","offset":"{2.00,-2.00}","rotated":false,"sourceSize":"{42,43}"},"character_000008":{"frame":"{{110,887},{11,11}}","offset":"{2.00,-2.00}","rotated":false,"sourceSize":"{7,7}"},"character_000145":{"frame":"{{215,817},{43,48}}","offset":"{2.00,-2.00}","rotated":false,"sourceSize":"{39,44}"},"character_000039":{"frame":"{{84,865},{12,15}}","offset":"{2.00,-2.00}","rotated":false,"sourceSize":"{8,11}"},"character_000189":{"frame":"{{414,394},{46,47}}","offset":"{2.00,-2.00}","rotated":false,"sourceSize":"{42,43}"},"character_000174":{"frame":"{{230,347},{46,47}}","offset":"{2.00,-2.00}","rotated":false,"sourceSize":"{42,43}"},"character_000044":{"frame":"{{144,865},{12,15}}","offset":"{2.00,-2.00}","rotated":false,"sourceSize":"{8,11}"},"character_000213":{"frame":"{{0,535},{46,47}}","offset":"{2.00,-2.00}","rotated":false,"sourceSize":"{42,43}"},"character_000022":{"frame":"{{276,770},{30,40}}","offset":"{2.00,-2.00}","rotated":false,"sourceSize":"{26,36}"},"character_000215":{"frame":"{{92,535},{46,47}}","offset":"{2.00,-2.00}","rotated":false,"sourceSize":"{42,43}"},"character_000034":{"frame":"{{24,865},{12,15}}","offset":"{2.00,-2.00}","rotated":false,"sourceSize":"{8,11}"},"character_000222":{"frame":"{{414,535},{46,47}}","offset":"{2.00,-2.00}","rotated":false,"sourceSize":"{42,43}"},"character_000248":{"frame":"{{92,676},{46,47}}","offset":"{2.00,-2.00}","rotated":false,"sourceSize":"{42,43}"},"character_000227":{"frame":"{{138,582},{46,47}}","offset":"{2.00,-2.00}","rotated":false,"sourceSize":"{42,43}"},"character_000088":{"frame":"{{212,0},{46,47}}","offset":"{2.00,-2.00}","rotated":false,"sourceSize":"{42,43}"},"character_000114":{"frame":"{{414,112},{46,47}}","offset":"{2.00,-2.00}","rotated":false,"sourceSize":"{42,43}"},"character_000170":{"frame":"{{46,347},{46,47}}","offset":"{2.00,-2.00}","rotated":false,"sourceSize":"{42,43}"},"character_000225":{"frame":"{{46,582},{46,47}}","offset":"{2.00,-2.00}","rotated":false,"sourceSize":"{42,43}"},"character_000066":{"frame":"{{397,865},{11,13}}","offset":"{2.00,-2.00}","rotated":false,"sourceSize":"{7,9}"},"character_000098":{"frame":"{{184,65},{46,47}}","offset":"{2.00,-2.00}","rotated":false,"sourceSize":"{42,43}"},"character_000093":{"frame":"{{442,0},{46,47}}","offset":"{2.00,-2.00}","rotated":false,"sourceSize":"{42,43}"},"character_000172":{"frame":"{{138,347},{46,47}}","offset":"{2.00,-2.00}","rotated":false,"sourceSize":"{42,43}"},"character_000273":{"frame":"{{230,770},{46,47}}","offset":"{2.00,-2.00}","rotated":false,"sourceSize":"{42,43}"},"character_000095":{"frame":"{{46,65},{46,47}}","offset":"{2.00,-2.00}","rotated":false,"sourceSize":"{42,43}"},"character_000071":{"frame":"{{452,865},{11,13}}","offset":"{2.00,-2.00}","rotated":false,"sourceSize":"{7,9}"},"character_000242":{"frame":"{{322,629},{46,47}}","offset":"{2.00,-2.00}","rotated":false,"sourceSize":"{42,43}"},"character_000011":{"frame":"{{498,39},{8,8}}","offset":"{2.00,4.88}","rotated":false,"sourceSize":"{4,17.75}"},"character_000254":{"frame":"{{368,676},{46,47}}","offset":"{2.00,-2.00}","rotated":false,"sourceSize":"{42,43}"},"character_000057":{"frame":"{{298,865},{11,13}}","offset":"{2.00,-2.00}","rotated":false,"sourceSize":"{7,9}"},"character_000132":{"frame":"{{230,206},{46,47}}","offset":"{2.00,-2.00}","rotated":false,"sourceSize":"{42,43}"},"character_000105":{"frame":"{{0,112},{46,47}}","offset":"{2.00,-2.00}","rotated":false,"sourceSize":"{42,43}"},"character_000121":{"frame":"{{230,159},{46,47}}","offset":"{2.00,-2.00}","rotated":false,"sourceSize":"{42,43}"},"character_000154":{"frame":"{{322,253},{46,47}}","offset":"{2.00,-2.00}","rotated":false,"sourceSize":"{42,43}"},"character_000264":{"frame":"{{322,723},{46,47}}","offset":"{2.00,-2.00}","rotated":false,"sourceSize":"{42,43}"},"character_000143":{"frame":"{{129,817},{43,48}}","offset":"{2.00,-2.00}","rotated":false,"sourceSize":"{39,44}"},"character_000279":{"frame":"{{350,50},{76,15}}","offset":"{2.00,-2.00}","rotated":false,"sourceSize":"{72,11}"},"character_000231":{"frame":"{{322,582},{46,47}}","offset":"{2.00,-2.00}","rotated":false,"sourceSize":"{42,43}"},"character_000168":{"frame":"{{460,300},{46,47}}","offset":"{2.00,-2.00}","rotated":false,"sourceSize":"{42,43}"},"character_000250":{"frame":"{{184,676},{46,47}}","offset":"{2.00,-2.00}","rotated":false,"sourceSize":"{42,43}"},"character_000217":{"frame":"{{184,535},{46,47}}","offset":"{2.00,-2.00}","rotated":false,"sourceSize":"{42,43}"},"character_000211":{"frame":"{{414,488},{46,47}}","offset":"{2.00,-2.00}","rotated":false,"sourceSize":"{42,43}"},"character_000259":{"frame":"{{92,723},{46,47}}","offset":"{2.00,-2.00}","rotated":false,"sourceSize":"{42,43}"},"character_000229":{"frame":"{{230,582},{46,47}}","offset":"{2.00,-2.00}","rotated":false,"sourceSize":"{42,43}"},"character_000025":{"frame":"{{9,900},{10,12}}","offset":"{1.00,-0.50}","rotated":false,"sourceSize":"{8,11}"},"character_000268":{"frame":"{{0,770},{46,47}}","offset":"{2.00,-2.00}","rotated":false,"sourceSize":"{42,43}"},"character_000052":{"frame":"{{240,865},{12,15}}","offset":"{2.00,-2.00}","rotated":false,"sourceSize":"{8,11}"},"character_000257":{"frame":"{{0,723},{46,47}}","offset":"{2.00,-2.00}","rotated":false,"sourceSize":"{42,43}"},"character_000076":{"frame":"{{0,887},{11,13}}","offset":"{2.00,-2.00}","rotated":false,"sourceSize":"{7,9}"},"character_000014":{"frame":"{{366,800},{8,8}}","offset":"{2.00,-2.47}","rotated":false,"sourceSize":"{4,17.75}"},"character_000126":{"frame":"{{460,159},{46,47}}","offset":"{2.00,-2.00}","rotated":false,"sourceSize":"{42,43}"},"character_000112":{"frame":"{{322,112},{46,47}}","offset":"{2.00,-2.00}","rotated":false,"sourceSize":"{42,43}"},"character_000266":{"frame":"{{414,723},{46,47}}","offset":"{2.00,-2.00}","rotated":false,"sourceSize":"{42,43}"},"character_000047":{"frame":"{{180,865},{12,15}}","offset":"{2.00,-2.00}","rotated":false,"sourceSize":"{8,11}"},"character_000289":{"frame":"{{122,0},{44,50}}","offset":"{2.00,-2.00}","rotated":false,"sourceSize":"{40,46}"},"character_000003":{"frame":"{{264,865},{12,13}}","offset":"{2.00,-2.00}","rotated":false,"sourceSize":"{8,9}"},"character_000130":{"frame":"{{138,206},{46,47}}","offset":"{2.00,-2.00}","rotated":false,"sourceSize":"{42,43}"},"character_000081":{"frame":"{{55,887},{11,13}}","offset":"{2.00,-2.00}","rotated":false,"sourceSize":"{7,9}"},"character_000166":{"frame":"{{368,300},{46,47}}","offset":"{2.00,-2.00}","rotated":false,"sourceSize":"{42,43}"},"character_000042":{"frame":"{{120,865},{12,15}}","offset":"{2.00,-2.00}","rotated":false,"sourceSize":"{8,11}"},"character_000244":{"frame":"{{414,629},{46,47}}","offset":"{2.00,-2.00}","rotated":false,"sourceSize":"{42,43}"},"character_000283":{"frame":"{{346,785},{76,15}}","offset":"{2.00,-2.00}","rotated":false,"sourceSize":"{72,11}"},"character_000164":{"frame":"{{276,300},{46,47}}","offset":"{2.00,-2.00}","rotated":false,"sourceSize":"{42,43}"},"character_000220":{"frame":"{{322,535},{46,47}}","offset":"{2.00,-2.00}","rotated":false,"sourceSize":"{42,43}"},"character_000281":{"frame":"{{346,770},{76,15}}","offset":"{2.00,-2.00}","rotated":false,"sourceSize":"{72,11}"},"character_000233":{"frame":"{{414,582},{46,47}}","offset":"{2.00,-2.00}","rotated":false,"sourceSize":"{42,43}"},"character_000037":{"frame":"{{60,865},{12,15}}","offset":"{2.00,-2.00}","rotated":false,"sourceSize":"{8,11}"},"character_000246":{"frame":"{{0,676},{46,47}}","offset":"{2.00,-2.00}","rotated":false,"sourceSize":"{42,43}"},"character_000086":{"frame":"{{0,900},{9,15}}","offset":"{2.00,-2.00}","rotated":false,"sourceSize":"{5,11}"},"character_000275":{"frame":"{{0,0},{122,65}}","offset":"{2.00,-2.00}","rotated":false,"sourceSize":"{118,61}"},"character_000017":{"frame":"{{390,800},{8,8}}","offset":"{2.00,-8.87}","rotated":false,"sourceSize":"{4,17.75}"},"character_000261":{"frame":"{{184,723},{46,47}}","offset":"{2.00,-2.00}","rotated":false,"sourceSize":"{42,43}"},"character_000119":{"frame":"{{138,159},{46,47}}","offset":"{2.00,-2.00}","rotated":false,"sourceSize":"{42,43}"},"character_000141":{"frame":"{{43,817},{43,48}}","offset":"{2.00,-2.00}","rotated":false,"sourceSize":"{39,44}"},"character_000103":{"frame":"{{414,65},{46,47}}","offset":"{2.00,-2.00}","rotated":false,"sourceSize":"{42,43}"},"character_000028":{"frame":"{{498,785},{12,15}}","offset":"{2.00,-2.00}","rotated":false,"sourceSize":"{8,11}"},"character_000235":{"frame":"{{0,629},{46,47}}","offset":"{2.00,-2.00}","rotated":false,"sourceSize":"{42,43}"},"character_000162":{"frame":"{{184,300},{46,47}}","offset":"{2.00,-2.00}","rotated":false,"sourceSize":"{42,43}"},"character_000152":{"frame":"{{230,253},{46,47}}","offset":"{2.00,-2.00}","rotated":false,"sourceSize":"{42,43}"},"character_000187":{"frame":"{{322,394},{46,47}}","offset":"{2.00,-2.00}","rotated":false,"sourceSize":"{42,43}"},"character_000060":{"frame":"{{331,865},{11,13}}","offset":"{2.00,-2.00}","rotated":false,"sourceSize":"{7,9}"}},"displays":{"1455":{"anchorX":0.54,"anchorY":0.48,"start":0,"end":0,"type":"1455"},"head5":{"anchorX":0.01,"anchorY":0.99,"start":188,"end":207,"type":"head5"},"hand1":{"anchorX":0,"anchorY":0.93,"start":54,"end":54,"type":"hand1"},"asdfbbcdd":{"anchorX":0,"anchorY":1,"start":8,"end":8,"type":"asdfbbcdd"},"head4":{"anchorX":0.01,"anchorY":0.99,"start":175,"end":187,"type":"head4"},"hand0":{"anchorX":0,"anchorY":0.95,"start":25,"end":53,"type":"hand0"},"shou":{"anchorX":0,"anchorY":1,"start":289,"end":289,"type":"shou"},"arm0":{"anchorX":0,"anchorY":1,"start":7,"end":7,"type":"arm0"},"head3":{"anchorX":0.01,"anchorY":0.99,"start":162,"end":174,"type":"head3"},"foot0":{"anchorX":0,"anchorY":1,"start":24,"end":24,"type":"foot0"},"aii":{"anchorX":0,"anchorY":1,"start":6,"end":6,"type":"aii"},"head2":{"anchorX":0.01,"anchorY":0.99,"start":149,"end":161,"type":"head2"},"flower":{"anchorX":0.24,"anchorY":0.04,"start":23,"end":23,"type":"flower"},"Symbol3":{"anchorX":0,"anchorY":1.1,"start":5,"end":5,"type":"Symbol3"},"head11":{"anchorX":0.06,"anchorY":0.9,"start":148,"end":148,"type":"head11"},"ffaefe":{"anchorX":0.43,"anchorY":0.25,"start":22,"end":22,"type":"ffaefe"},"Symbol2":{"anchorX":0,"anchorY":1,"start":4,"end":4,"type":"Symbol2"},"head10":{"anchorX":0.06,"anchorY":0.9,"start":140,"end":147,"type":"head10"},"ff1":{"anchorX":0.5,"anchorY":0.5,"start":21,"end":21,"type":"ff1"},"leg0":{"anchorX":0.08,"anchorY":0.95,"start":288,"end":288,"type":"leg0"},"Symbol1":{"anchorX":0,"anchorY":1,"start":3,"end":3,"type":"Symbol1"},"head1":{"anchorX":0.01,"anchorY":0.99,"start":127,"end":139,"type":"head1"},"ff":{"anchorX":0.48,"anchorY":0.51,"start":20,"end":20,"type":"ff"},"jlhjkhj":{"anchorX":0.24,"anchorY":0.7,"start":287,"end":287,"type":"jlhjkhj"},"333c":{"anchorX":0.06,"anchorY":1.07,"start":2,"end":2,"type":"333c"},"head0":{"anchorX":0.01,"anchorY":0.99,"start":87,"end":126,"type":"head0"},"cccs":{"anchorX":0.04,"anchorY":0.97,"start":19,"end":19,"type":"cccs"},"jklsdjlksfdj":{"anchorX":0.2,"anchorY":1.01,"start":276,"end":286,"type":"jklsdjlksfdj"},"14_11":{"anchorX":0.02,"anchorY":0.98,"start":1,"end":1,"type":"14_11"},"hand4":{"anchorX":-0.01,"anchorY":0.98,"start":86,"end":86,"type":"hand4"},"ccaad":{"anchorX":0.03,"anchorY":0.99,"start":11,"end":18,"type":"ccaad"},"jjjlkjksd":{"anchorX":0.15,"anchorY":0.54,"start":275,"end":275,"type":"jjjlkjksd"},"head7":{"anchorX":0.01,"anchorY":0.99,"start":248,"end":267,"type":"head7"},"hand3":{"anchorX":0,"anchorY":0.93,"start":85,"end":85,"type":"hand3"},"body0":{"anchorX":0,"anchorY":1,"start":10,"end":10,"type":"body0"},"head9":{"anchorX":0.06,"anchorY":0.9,"start":274,"end":274,"type":"head9"},"head6":{"anchorX":0.01,"anchorY":0.99,"start":208,"end":247,"type":"head6"},"hand2":{"anchorX":0.08,"anchorY":0.97,"start":55,"end":84,"type":"hand2"},"asdfddc":{"anchorX":0.49,"anchorY":0.11,"start":9,"end":9,"type":"asdfddc"},"head8":{"anchorX":0.01,"anchorY":0.99,"start":268,"end":273,"type":"head8"}},"metadata":{"realTextureFileName":"character.png","textureFileName":"character.png","format":2,"size":"{512,1024}"},"mcs":{"hero$action9":{"anchorX":0.45,"anchorY":0.03,"rect":"0,0,47.8,58.35","children":{"instance2630":{"zIndex":1,"frames":"19.70,9.25,0.00,1.00,1.00,1.00||||||||||||||||||||||||||||","class":"leg0"},"instance2634":{"zIndex":3,"frames":"13.50,20.05,0.00,1.00,1.00,1.00|13.20,19.95,-1.04,1.00,1.00,1.00|13.00,19.85,-2.28,1.00,1.00,1.00|12.75,19.75,-3.51,1.00,1.00,1.00|12.40,19.60,-4.71,1.00,1.00,1.00|12.70,19.75,-3.51,1.00,1.00,1.00|13.00,19.85,-2.27,1.00,1.00,1.00|13.25,20.00,-1.04,1.00,1.00,1.00|13.50,20.05,0.00,1.00,1.00,1.00||||||||||||||||||||","class":"body0"},"head":{"zIndex":0,"frames":"4.60,56.65,0.00,1.00,1.00,1.00|3.70,56.40,-1.04,1.00,1.00,1.00|2.65,56.05,-2.28,1.00,1.00,1.00|1.60,55.70,-3.51,1.00,1.00,1.00|0.55,55.35,-4.71,1.00,1.00,1.00|2.00,55.85,-2.81,1.00,1.00,1.00|3.25,56.30,-1.25,1.00,1.00,1.00|4.55,56.65,0.31,1.00,1.00,1.00|6.10,57.20,2.19,1.00,1.00,1.00|6.00,57.10,2.05,1.00,1.00,1.00||||||||||||||||6.10,57.20,2.19,1.00,1.00,1.00|5.50,56.95,1.30,1.00,1.00,1.00|5.00,56.75,0.56,1.00,1.00,1.00|4.60,56.65,0.00,1.00,1.00,1.00","class":"head0"},"instance2642":{"zIndex":7,"frames":"13.50,14.55,17.73,1.00,1.00,1.00|14.20,13.70,-14.31,1.00,1.00,1.00|15.90,13.15,-46.64,1.00,1.00,1.00|18.20,13.15,-78.95,1.00,1.00,1.00|20.60,14.15,-111.02,1.00,1.00,1.00|20.65,13.90,-107.57,1.00,1.00,1.00|20.70,13.70,-104.30,1.00,1.00,1.00|20.70,13.50,-101.04,1.00,1.00,1.00|20.75,13.35,-97.82,1.00,1.00,1.00|20.75,13.35,-97.77,1.00,1.00,1.00||||||||||||||||20.75,13.35,-97.82,1.00,1.00,1.00|17.50,12.90,-59.40,1.00,1.00,1.00|14.90,13.55,-20.78,1.00,1.00,1.00|13.50,14.55,17.73,1.00,1.00,1.00","class":"hand0"},"instance2632":{"zIndex":2,"frames":"18.30,6.35,0.00,1.00,1.00,1.00||||||||||||||||||||||||||||","class":"foot0"},"instance2636":{"zIndex":4,"frames":"17.30,8.70,0.00,1.00,1.00,1.00||||||||||||||||||||||||||||","class":"leg0"},"instance2638":{"zIndex":5,"frames":"15.90,6.40,0.00,1.00,1.00,1.00||||||||||||||||||||||||||||","class":"foot0"},"instance2640":{"zIndex":6,"frames":"15.75,17.25,17.73,1.00,1.00,1.00|15.45,16.45,-9.78,1.00,1.00,1.00|15.45,15.75,-37.36,1.00,1.00,1.00|15.85,15.35,-64.96,1.00,1.00,1.00|16.25,15.15,-92.56,1.00,1.00,1.00|16.45,15.10,-89.44,1.00,1.00,1.00|16.60,15.20,-85.99,1.00,1.00,1.00|16.65,15.20,-82.72,1.00,1.00,1.00|16.75,15.30,-79.36,1.00,1.00,1.00|16.75,15.25,-79.46,1.00,1.00,1.00||||||||||||||||16.75,15.30,-79.36,1.00,1.00,1.00|16.10,15.75,-46.91,1.00,1.00,1.00|15.70,16.55,-14.54,1.00,1.00,1.00|15.75,17.25,17.73,1.00,1.00,1.00","class":"arm0"}},"totalFrames":29,"type":"hero$action9"},"hero$action14":{"anchorX":0.5,"anchorY":0.01,"rect":"0,0,38.65,60.55","children":{"instance2162":{"zIndex":0,"frames":"26.55,19.20,150.79,1.00,1.00,1.00|26.60,18.75,150.90,1.00,1.00,1.00|26.55,18.45,150.79,1.00,1.00,1.00|26.60,18.80,150.90,1.00,1.00,1.00|26.55,19.20,150.79,1.00,1.00,1.00|26.60,18.75,150.90,1.00,1.00,1.00|26.55,18.45,150.79,1.00,1.00,1.00|26.60,18.80,150.90,1.00,1.00,1.00|26.55,19.20,150.79,1.00,1.00,1.00","class":"333c"},"instance2186":{"zIndex":12,"frames":"19.25,22.45,54.52,1.00,1.00,0.16|17.75,21.35,54.63,1.00,1.00,0.44|16.25,20.30,54.52,1.00,1.00,0.72|14.40,18.90,54.63,1.00,1.00,0.71|12.50,17.60,54.63,1.00,1.00,0.70|10.65,16.25,54.63,1.00,1.00,0.68|8.75,15.00,54.52,1.00,1.00,0.67|7.30,13.95,54.63,1.00,1.00,0.34|null","class":"ff"},"instance2178":{"zIndex":8,"frames":"2.50,56.20,0.00,1.00,1.00,1.00|2.50,55.05,0.00,1.00,1.00,1.00|2.50,53.90,0.00,1.00,1.00,1.00|2.50,55.05,0.00,1.00,1.00,1.00|2.50,56.20,0.00,1.00,1.00,1.00|2.50,55.05,0.00,1.00,1.00,1.00|2.50,53.90,0.00,1.00,1.00,1.00|2.50,55.05,0.00,1.00,1.00,1.00|2.50,56.20,0.00,1.00,1.00,1.00","class":"head10"},"instance2182":{"zIndex":9,"frames":"28.70,15.35,-2.22,1.00,1.00,1.00|28.75,15.30,-2.06,1.08,1.08,1.00|28.70,15.40,-2.22,1.16,1.16,1.00|28.65,15.35,-2.06,1.08,1.08,1.00|28.70,15.35,-2.22,1.00,1.00,1.00|28.75,15.30,-2.06,1.08,1.08,1.00|28.70,15.40,-2.22,1.16,1.16,1.00|28.65,15.35,-2.06,1.08,1.08,1.00|28.70,15.35,-2.22,1.00,1.00,1.00","class":"1455"},"instance2184":{"zIndex":11,"frames":"19.80,22.00,-34.95,1.00,1.00,0.16|20.90,20.45,-34.86,1.00,1.00,0.44|21.90,19.00,-34.95,1.00,1.00,0.72|23.25,17.05,-34.86,1.00,1.00,0.71|24.60,15.15,-34.86,1.00,1.00,0.70|25.90,13.30,-34.86,1.00,1.00,0.68|27.15,11.45,-34.95,1.00,1.00,0.67|28.25,10.00,-34.86,1.00,1.00,0.34|null","class":"ff"},"instance2172":{"zIndex":5,"frames":"15.40,0.65,0.00,1.00,1.00,1.00||||||||","class":"asdfddc"},"instance2174":{"zIndex":6,"frames":"7.55,18.10,23.72,1.00,1.00,1.00|7.70,19.25,33.82,1.00,1.00,1.00|7.90,20.20,43.87,1.00,1.00,1.00|7.65,19.15,33.82,1.00,1.00,1.00|7.55,18.10,23.72,1.00,1.00,1.00|7.70,19.25,33.82,1.00,1.00,1.00|7.90,20.20,43.87,1.00,1.00,1.00|7.65,19.15,33.82,1.00,1.00,1.00|7.55,18.10,23.72,1.00,1.00,1.00","class":"cccs"},"instance2168":{"zIndex":3,"frames":"23.30,0.65,0.00,1.00,1.00,1.00||||||||","class":"asdfddc"},"instance2176":{"zIndex":7,"frames":"13.15,18.60,0.00,1.00,1.00,1.00|13.15,17.70,0.00,1.00,0.97,1.00|13.15,16.85,0.00,1.00,0.94,1.00|13.15,17.75,0.00,1.00,0.97,1.00|13.15,18.60,0.00,1.00,1.00,1.00|13.15,17.70,0.00,1.00,0.97,1.00|13.15,16.85,0.00,1.00,0.94,1.00|13.15,17.75,0.00,1.00,0.97,1.00|13.15,18.60,0.00,1.00,1.00,1.00","class":"14_11"},"instance2164":{"zIndex":1,"frames":"12.20,19.80,22.28,1.00,1.00,1.00|12.55,19.95,33.08,1.00,1.00,1.00|12.85,20.10,43.87,1.00,1.00,1.00|12.55,20.00,33.08,1.00,1.00,1.00|12.20,19.80,22.28,1.00,1.00,1.00|12.55,19.95,33.08,1.00,1.00,1.00|12.85,20.10,43.87,1.00,1.00,1.00|12.55,20.00,33.08,1.00,1.00,1.00|12.20,19.80,22.28,1.00,1.00,1.00","class":"333c"}},"totalFrames":9,"type":"hero$action14"},"spikey":{"anchorX":0.48,"anchorY":0.24,"rect":"0,0,117.8,78.85","children":{"instance2708":{"zIndex":2,"frames":"56.60,6.20,0.00,1.00,0.28,1.00||||||||||||||56.60,15.45,0.00,1.00,0.79,1.00|56.60,24.70,0.00,1.00,1.31,1.00|56.60,33.95,0.00,1.00,1.82,1.00|56.60,43.25,0.00,1.00,2.34,1.00|56.60,47.20,0.00,1.00,2.56,1.00|56.60,51.20,0.00,1.00,2.78,1.00|56.60,55.15,0.00,1.00,3.00,1.00|56.60,54.45,0.00,1.00,2.96,1.00|56.60,53.80,0.00,1.00,2.92,1.00|56.60,54.45,0.00,1.00,2.96,1.00|56.60,55.15,0.00,1.00,3.00,1.00|56.60,28.80,0.00,1.00,1.53,1.00|56.60,2.45,0.00,1.00,0.07,1.00|56.60,4.35,0.00,1.00,0.17,1.00|56.60,6.20,0.00,1.00,0.28,1.00|56.60,8.10,0.00,1.00,0.38,1.00|56.60,7.45,0.00,1.00,0.35,1.00|56.60,6.85,0.00,1.00,0.31,1.00|56.60,6.20,0.00,1.00,0.28,1.00","class":"jlhjkhj"},"instance2694":{"zIndex":0,"frames":"17.15,40.20,0.00,1.00,1.00,1.00||||||||||||||||||||||||||||||||","class":"jjjlkjksd"},"instance2696":{"zIndex":1,"frames":"39.90,11.45,0.00,1.00,1.00,1.00||||||||||||||||||||||||||||||||","class":"jklsdjlksfdj"}},"totalFrames":33,"type":"spikey"},"hero$action15":{"anchorX":0.52,"anchorY":0.01,"rect":"0,0,46.4,62.9","children":{"instance2216":{"zIndex":2,"frames":"20.00,0.65,0.00,1.00,1.00,1.00|19.75,0.65,0.00,1.00,1.00,1.00|19.50,0.65,0.00,1.00,1.00,1.00|19.25,0.65,0.00,1.00,1.00,1.00|19.00,0.65,0.00,1.00,1.00,1.00|18.75,0.65,0.00,1.00,1.00,1.00|18.50,0.65,0.00,1.00,1.00,1.00|18.25,0.65,0.00,1.00,1.00,1.00|18.00,0.65,0.00,1.00,1.00,1.00|||18.50,0.65,0.00,1.00,1.00,1.00|19.00,0.65,0.00,1.00,1.00,1.00|19.50,0.65,0.00,1.00,1.00,1.00|20.00,0.65,0.00,1.00,1.00,1.00|||||","class":"asdfddc"},"instance2218":{"zIndex":3,"frames":"17.75,18.60,0.00,1.00,1.00,1.00|17.50,18.70,-1.06,1.00,1.00,1.00|17.25,18.80,-2.31,1.00,1.00,1.00|17.00,18.80,-3.55,1.00,1.00,1.00|16.70,18.90,-4.94,1.00,1.00,1.00|17.15,18.95,-2.79,1.00,1.00,1.00|17.60,18.95,-0.78,1.00,1.00,1.00|18.05,18.85,1.05,1.00,1.00,1.00|18.50,18.90,3.24,1.00,1.00,1.00|||18.10,18.75,1.51,1.00,1.00,1.00|17.70,18.50,-0.05,1.00,1.00,1.00|17.30,18.30,-1.80,1.00,1.00,1.00|16.90,18.15,-3.66,1.00,1.00,1.00|17.15,18.30,-2.56,1.00,1.00,1.00|17.30,18.40,-1.77,1.00,1.00,1.00|17.50,18.55,-0.79,1.00,1.00,1.00|17.75,18.60,0.00,1.00,1.00,1.00|","class":"14_11"},"instance2220":{"zIndex":4,"frames":"16.30,15.50,-52.87,1.00,1.00,1.00|16.05,15.60,-54.15,1.00,1.00,1.00|15.90,15.60,-55.40,1.00,1.00,1.00|15.70,15.65,-56.66,1.00,1.00,1.00|15.55,15.75,-57.84,1.00,1.00,1.00|15.85,15.70,-55.89,1.00,1.00,1.00|16.25,15.80,-53.68,1.00,1.00,1.00|16.55,15.80,-51.66,1.00,1.00,1.00|16.90,15.95,-49.62,1.00,1.00,1.00|||16.60,15.70,-51.39,1.00,1.00,1.00|16.35,15.40,-53.14,1.00,1.00,1.00|16.00,15.25,-54.89,1.00,1.00,1.00|15.70,14.90,-56.52,1.00,1.00,1.00|15.85,15.10,-55.66,1.00,1.00,1.00|16.05,15.10,-54.67,1.00,1.00,1.00|16.25,15.25,-53.88,1.00,1.00,1.00|16.30,15.50,-52.87,1.00,1.00,1.00|","class":"333c"},"instance2224":{"zIndex":6,"frames":"7.10,56.20,0.00,1.00,1.00,1.00|6.20,56.10,-1.06,1.00,1.00,1.00|5.05,55.90,-2.31,1.00,1.00,1.00|4.05,55.70,-3.55,1.00,1.00,1.00|2.85,55.45,-4.94,1.00,1.00,1.00|4.65,55.90,-2.79,1.00,1.00,1.00|6.45,56.30,-0.78,1.00,1.00,1.00|8.05,56.65,1.05,1.00,1.00,1.00|10.05,57.05,3.24,1.00,1.00,1.00|||8.50,56.60,1.51,1.00,1.00,1.00|7.00,56.10,-0.05,1.00,1.00,1.00|5.50,55.55,-1.80,1.00,1.00,1.00|3.80,55.00,-3.66,1.00,1.00,1.00|4.75,55.40,-2.56,1.00,1.00,1.00|5.50,55.65,-1.77,1.00,1.00,1.00|6.30,56.00,-0.79,1.00,1.00,1.00|7.10,56.20,0.00,1.00,1.00,1.00|","class":"head11"},"instance2230":{"zIndex":9,"frames":"27.90,0.65,0.00,1.00,1.00,1.00|28.15,1.30,0.00,1.00,1.00,1.00|28.40,1.90,0.00,1.00,1.00,1.00|28.65,2.55,0.00,1.00,1.00,1.00|28.90,3.20,0.00,1.00,1.00,1.00|29.15,2.55,0.00,1.00,1.00,1.00|29.40,1.90,0.00,1.00,1.00,1.00|29.65,1.30,0.00,1.00,1.00,1.00|29.90,0.65,0.00,1.00,1.00,1.00|||29.40,0.65,0.00,1.00,1.00,1.00|28.90,0.65,0.00,1.00,1.00,1.00|28.40,0.65,0.00,1.00,1.00,1.00|27.90,0.65,0.00,1.00,1.00,1.00|||||","class":"asdfddc"},"instance2226":{"zIndex":7,"frames":"17.05,10.25,-55.43,1.00,1.00,1.00|16.90,10.40,-56.67,1.00,1.00,1.00|16.90,10.40,-57.92,1.00,1.00,1.00|16.80,10.50,-59.17,1.00,1.00,1.00|16.70,10.55,-60.37,1.00,1.00,1.00|16.85,10.55,-58.40,1.00,1.00,1.00|17.00,10.55,-56.39,1.00,1.00,1.00|17.20,10.65,-54.18,1.00,1.00,1.00|17.35,10.65,-52.19,1.00,1.00,1.00|||17.15,10.45,-53.91,1.00,1.00,1.00|17.00,10.20,-55.66,1.00,1.00,1.00|16.85,9.95,-57.41,1.00,1.00,1.00|16.75,9.75,-59.09,1.00,1.00,1.00|16.85,9.95,-58.18,1.00,1.00,1.00|16.95,10.00,-57.39,1.00,1.00,1.00|17.00,10.20,-56.40,1.00,1.00,1.00|17.05,10.25,-55.43,1.00,1.00,1.00|","class":"cccs"},"instance2228":{"zIndex":8,"frames":"23.65,9.50,0.00,1.00,1.00,1.00|23.60,9.70,-1.06,1.00,1.00,1.00|23.55,9.90,-2.31,1.00,1.00,1.00|23.45,10.10,-3.55,1.00,1.00,1.00|23.40,10.30,-4.94,1.00,1.00,1.00|23.55,10.10,-2.79,1.00,1.00,1.00|23.70,9.90,-0.78,1.00,1.00,1.00|23.85,9.70,1.05,1.00,1.00,1.00|23.90,9.50,3.24,1.00,1.00,1.00|||23.75,9.45,1.51,1.00,1.00,1.00|23.65,9.45,-0.05,1.00,1.00,1.00|23.50,9.35,-1.80,1.00,1.00,1.00|23.35,9.40,-3.66,1.00,1.00,1.00|23.45,9.35,-2.56,1.00,1.00,1.00|23.50,9.40,-1.77,1.00,1.00,1.00|23.60,9.45,-0.79,1.00,1.00,1.00|23.65,9.50,0.00,1.00,1.00,1.00|","class":"flower"},"instance2222":{"zIndex":5,"frames":"31.55,15.50,-127.13,1.00,1.00,1.00|31.40,15.85,-128.35,1.00,1.00,1.00|31.15,16.25,-129.60,1.00,1.00,1.00|30.90,16.65,-130.85,1.00,1.00,1.00|30.70,17.05,-132.05,1.00,1.00,1.00|31.05,16.50,-130.08,1.00,1.00,1.00|31.45,16.00,-127.88,1.00,1.00,1.00|31.70,15.55,-125.86,1.00,1.00,1.00|32.15,15.10,-123.89,1.00,1.00,1.00|||31.90,15.30,-125.59,1.00,1.00,1.00|31.55,15.55,-127.34,1.00,1.00,1.00|31.25,15.75,-129.09,1.00,1.00,1.00|30.85,15.95,-130.79,1.00,1.00,1.00|31.05,15.85,-129.86,1.00,1.00,1.00|31.25,15.70,-128.88,1.00,1.00,1.00|31.40,15.65,-128.08,1.00,1.00,1.00|31.55,15.50,-127.13,1.00,1.00,1.00|","class":"333c"}},"totalFrames":20,"type":"hero$action15"},"ai":{"anchorX":0,"anchorY":1,"rect":"0,0,20,17","children":{"instance1854":{"zIndex":0,"frames":"0.00,17.00,0.00,1.00,1.00,1.00","class":"aii"}},"totalFrames":1,"type":"ai"},"hero$action16":{"anchorX":0.3,"anchorY":0.03,"rect":"0,0,58.2,57.15","children":{"instance2274":{"zIndex":7,"frames":"9.40,14.50,17.73,1.00,1.00,1.00|10.55,12.80,-9.05,1.00,1.00,1.00|12.40,11.35,-36.07,1.00,1.00,1.00|14.40,10.85,-51.12,0.99,1.00,1.00|16.60,10.40,-66.16,0.98,1.00,1.00|18.65,10.25,-80.98,0.97,1.00,1.00||||16.50,10.50,-66.16,0.98,1.00,1.00|14.35,10.85,-51.12,0.99,1.00,1.00|12.40,11.35,-36.07,1.00,1.00,1.00|11.15,12.35,-18.05,1.00,1.00,1.00|10.10,13.45,-0.05,1.00,1.00,1.00|9.40,14.50,17.73,1.00,1.00,1.00","class":"hand3"},"instance2264":{"zIndex":2,"frames":"14.20,6.75,0.00,1.00,1.00,1.00|||14.50,7.20,2.78,1.00,0.99,1.00|14.95,7.50,5.56,1.00,0.98,1.00|15.25,7.95,8.60,1.00,0.97,1.00||||14.90,7.50,5.56,1.00,0.98,1.00|14.55,7.15,2.78,1.00,0.99,1.00|14.20,6.75,0.00,1.00,1.00,1.00|||","class":"foot0"},"head":{"zIndex":0,"frames":"0.50,55.75,0.00,1.00,1.00,1.00|3.05,56.05,3.03,1.00,1.00,1.00|5.85,56.25,6.27,1.00,1.00,1.00|10.70,56.50,11.54,1.00,0.99,1.00|15.90,56.40,17.02,1.00,0.98,1.00|20.85,56.10,22.39,1.00,0.98,1.00||||15.95,56.50,17.02,1.00,0.98,1.00|10.85,56.60,11.54,1.00,0.99,1.00|5.85,56.25,6.27,1.00,1.00,1.00|3.95,56.05,4.05,1.00,1.00,1.00|2.20,55.90,2.02,1.00,1.00,1.00|0.50,55.75,0.00,1.00,1.00,1.00","class":"head0"},"instance2268":{"zIndex":4,"frames":"13.20,8.65,0.00,1.00,1.00,1.00|13.20,8.25,0.00,1.00,1.00,1.00|13.20,7.90,0.00,1.00,1.00,1.00|13.60,8.15,2.78,1.00,0.99,1.00|13.95,8.25,5.56,1.00,0.98,1.00|14.35,8.45,8.60,1.00,0.97,1.00||||13.95,8.25,5.56,1.00,0.98,1.00|13.60,8.15,2.78,1.00,0.99,1.00|13.20,7.90,0.00,1.00,1.00,1.00|13.20,8.15,0.00,1.00,1.00,1.00|13.20,8.40,0.00,1.00,1.00,1.00|13.20,8.65,0.00,1.00,1.00,1.00","class":"leg0"},"instance2272":{"zIndex":6,"frames":"11.65,17.20,17.73,1.00,1.00,1.00|12.30,16.50,5.28,1.00,1.00,1.00|12.85,15.85,-7.01,1.00,1.00,1.00|14.05,15.75,-12.05,1.00,0.99,1.00|15.30,15.65,-17.28,1.00,0.99,1.00|16.45,15.55,-22.46,0.99,0.98,1.00||||15.25,15.65,-17.28,1.00,0.99,1.00|14.00,15.80,-12.05,1.00,0.99,1.00|12.85,15.85,-7.01,1.00,1.00,1.00|12.40,16.30,1.06,1.00,1.00,1.00|12.00,16.80,9.31,1.00,1.00,1.00|11.65,17.20,17.73,1.00,1.00,1.00","class":"arm0"},"instance2262":{"zIndex":1,"frames":"15.60,9.05,0.00,1.00,1.00,1.00|15.60,8.65,0.00,1.00,1.00,1.00|15.60,8.30,0.00,1.00,1.00,1.00|15.95,8.35,2.78,1.00,0.99,1.00|16.35,8.45,5.56,1.00,0.98,1.00|16.80,8.45,8.60,1.00,0.97,1.00||||16.40,8.35,5.56,1.00,0.98,1.00|16.05,8.30,2.78,1.00,0.99,1.00|15.60,8.30,0.00,1.00,1.00,1.00|15.60,8.55,0.00,1.00,1.00,1.00|15.60,8.80,0.00,1.00,1.00,1.00|15.60,9.05,0.00,1.00,1.00,1.00","class":"leg0"},"instance2266":{"zIndex":3,"frames":"9.40,20.00,0.00,1.00,1.00,1.00|10.05,19.80,2.50,1.00,1.00,1.00|10.65,19.65,5.03,1.00,1.00,1.00|12.05,19.95,9.51,1.00,0.99,1.00|13.40,20.10,14.02,1.00,0.98,1.00|14.95,20.30,18.55,1.00,0.98,1.00||||13.50,20.15,14.02,1.00,0.98,1.00|12.05,19.95,9.51,1.00,0.99,1.00|10.65,19.65,5.03,1.00,1.00,1.00|10.25,19.70,3.28,1.00,1.00,1.00|9.75,19.85,1.55,1.00,1.00,1.00|9.40,20.00,0.00,1.00,1.00,1.00","class":"body0"},"instance2270":{"zIndex":5,"frames":"11.80,6.35,0.00,1.00,1.00,1.00|||12.15,6.90,2.78,1.00,0.99,1.00|12.50,7.35,5.56,1.00,0.98,1.00|12.85,7.90,8.60,1.00,0.97,1.00||||12.50,7.30,5.56,1.00,0.98,1.00|12.20,6.90,2.78,1.00,0.99,1.00|11.80,6.35,0.00,1.00,1.00,1.00|||","class":"foot0"}},"totalFrames":15,"type":"hero$action16"},"hero$action0":{"anchorX":0.41,"anchorY":0.03,"rect":"0,0,42.35,57.05","children":{"instance1896":{"zIndex":6,"frames":"11.65,17.20,17.73,1.00,1.00,1.00","class":"arm0"},"instance1894":{"zIndex":5,"frames":"11.80,6.35,0.00,1.00,1.00,1.00","class":"foot0"},"head":{"zIndex":0,"frames":"0.50,56.60,0.00,1.00,1.00,1.00","class":"head0"},"instance1892":{"zIndex":4,"frames":"13.20,8.65,0.00,1.00,1.00,1.00","class":"leg0"},"instance1890":{"zIndex":3,"frames":"9.40,20.00,0.00,1.00,1.00,1.00","class":"body0"},"instance1888":{"zIndex":2,"frames":"14.20,6.75,0.00,1.00,1.00,1.00","class":"foot0"},"instance1886":{"zIndex":1,"frames":"15.60,9.05,0.00,1.00,1.00,1.00","class":"leg0"},"instance1898":{"zIndex":7,"frames":"9.40,14.50,17.73,1.00,1.00,1.00","class":"hand3"}},"totalFrames":1,"type":"hero$action0"},"hero$action2":{"anchorX":0.6,"anchorY":0.02,"rect":"0,0,53.65,64.75","children":{"instance2304":{"zIndex":2,"frames":"30.15,17.45,-52.75,1.00,1.00,1.00|32.55,17.50,-99.05,1.00,1.00,1.00|34.65,19.55,-145.63,1.00,1.00,1.00|32.60,17.55,-99.05,1.00,1.00,1.00|30.15,17.45,-52.75,1.00,1.00,1.00","class":"hand1"},"instance4450":{"zIndex":0,"frames":"35.60,34.35,153.56,1.00,1.00,1.00|null|||","class":"Symbol2"},"instance5095":{"zIndex":11,"frames":"null||16.70,21.65,0.00,1.00,1.00,1.00|null|","class":"Symbol3"},"instance2312":{"zIndex":4,"frames":"26.90,16.15,26.03,1.00,1.00,1.00|26.90,14.30,26.04,1.00,1.00,1.00|26.90,12.35,26.03,1.00,1.00,1.00|26.95,14.30,26.04,1.00,1.00,1.00|26.90,16.15,26.03,1.00,1.00,1.00","class":"leg0"},"instance2318":{"zIndex":8,"frames":"29.95,12.20,-34.95,1.00,1.00,1.00|30.00,10.30,-34.86,1.00,1.00,1.00|29.95,8.40,-34.95,1.00,1.00,1.00|30.00,10.25,-34.86,1.00,1.00,1.00|29.95,12.20,-34.95,1.00,1.00,1.00","class":"leg0"},"instance2324":{"zIndex":11,"frames":"21.15,18.70,15.09,1.00,1.00,1.00|21.60,21.20,67.92,1.00,1.00,1.00|23.05,21.55,120.45,1.00,1.00,1.00|21.65,21.35,67.92,1.00,1.00,1.00|21.15,18.70,15.09,1.00,1.00,1.00","class":"hand3"},"instance4476":{"zIndex":12,"frames":"14.05,30.70,0.00,1.00,1.00,1.00|null|||","class":"Symbol2"},"instance2302":{"zIndex":1,"frames":"28.60,20.45,-52.31,1.00,1.00,1.00|30.35,18.55,-98.57,1.00,1.00,1.00|31.80,17.85,-145.19,1.00,1.00,1.00|30.35,18.70,-98.57,1.00,1.00,1.00|28.60,20.45,-52.31,1.00,1.00,1.00","class":"arm0"},"instance2314":{"zIndex":5,"frames":"25.05,14.70,33.52,1.00,1.00,1.00|25.05,12.80,33.56,1.00,1.00,1.00|25.05,10.90,33.52,1.00,1.00,1.00|25.05,12.75,33.56,1.00,1.00,1.00|25.05,14.70,33.52,1.00,1.00,1.00","class":"foot0"},"instance2320":{"zIndex":9,"frames":"30.55,10.15,-24.14,1.00,1.00,1.00|30.60,8.30,-24.07,1.00,1.00,1.00|30.55,6.35,-24.14,1.00,1.00,1.00|30.60,8.30,-24.07,1.00,1.00,1.00|30.55,10.15,-24.14,1.00,1.00,1.00","class":"foot0"},"head":{"zIndex":3,"frames":"0.65,54.60,-18.18,1.00,1.00,1.00|0.80,52.70,-18.06,1.00,1.00,1.00|0.65,50.80,-18.18,1.00,1.00,1.00|0.70,52.70,-18.06,1.00,1.00,1.00|0.65,54.60,-18.18,1.00,1.00,1.00","class":"head0"},"instance2316":{"zIndex":6,"frames":"20.50,22.60,-18.18,1.00,1.00,1.00|20.55,20.70,-18.06,1.00,1.00,1.00|20.50,18.80,-18.18,1.00,1.00,1.00|20.50,20.75,-18.06,1.00,1.00,1.00|20.50,22.60,-18.18,1.00,1.00,1.00","class":"body0"},"instance2322":{"zIndex":10,"frames":"23.35,21.50,15.09,1.00,1.00,1.00|23.95,20.75,67.92,1.00,1.00,1.00|25.15,18.80,120.45,1.00,1.00,1.00|24.00,20.65,67.92,1.00,1.00,1.00|23.35,21.50,15.09,1.00,1.00,1.00","class":"arm0"}},"totalFrames":5,"type":"hero$action2"},"hero$action3":{"anchorX":0.43,"anchorY":0.03,"rect":"0,0,43.95,61.8","children":{"instance2362":{"zIndex":3,"frames":"18.70,10.30,-34.50,1.00,1.00,1.00|17.45,10.35,-23.09,1.00,1.00,1.00|16.45,10.40,-11.81,1.00,1.00,1.00|15.40,10.45,-0.71,1.00,1.00,1.00|14.80,11.25,15.03,1.00,1.00,1.00|14.35,12.00,30.84,1.00,1.00,1.00|13.80,12.75,46.70,1.00,1.00,1.00|14.55,13.30,39.63,1.00,1.00,1.00|15.25,13.85,32.61,1.00,1.00,1.00|16.05,14.40,25.72,1.00,1.00,1.00|16.75,13.10,5.54,1.00,1.00,1.00|17.60,11.70,-14.30,1.00,1.00,1.00|18.70,10.30,-34.50,1.00,1.00,1.00","class":"leg0"},"instance2354":{"zIndex":1,"frames":"11.30,20.85,57.28,1.00,1.00,1.00|12.10,20.45,37.59,1.00,1.00,1.00|13.20,19.95,17.80,1.00,1.00,1.00|14.75,19.30,-1.81,1.00,1.00,1.00|16.60,17.85,-21.56,1.00,1.00,1.00|18.65,16.50,-41.38,1.00,1.00,1.00|21.10,15.35,-61.28,1.00,1.00,1.00|18.70,16.50,-41.38,1.00,1.00,1.00|16.45,17.90,-21.56,1.00,1.00,1.00|14.70,19.45,-1.81,1.00,1.00,1.00|13.25,20.05,17.80,1.00,1.00,1.00|12.20,20.55,37.59,1.00,1.00,1.00|11.30,20.85,57.28,1.00,1.00,1.00","class":"hand1"},"instance2366":{"zIndex":5,"frames":"10.90,23.25,0.00,1.00,1.00,1.00|10.90,23.65,0.00,1.00,1.00,1.00|10.90,24.05,0.00,1.00,1.00,1.00|10.90,24.45,0.00,1.00,1.00,1.00|10.90,24.05,0.00,1.00,1.00,1.00|10.90,23.65,0.00,1.00,1.00,1.00|10.90,23.25,0.00,1.00,1.00,1.00|10.90,23.70,0.00,1.00,1.00,1.00|10.90,24.20,0.00,1.00,1.00,1.00|10.90,24.65,0.00,1.00,1.00,1.00|10.90,24.20,0.00,1.00,1.00,1.00|10.90,23.70,0.00,1.00,1.00,1.00|10.90,23.25,0.00,1.00,1.00,1.00","class":"body0"},"head":{"zIndex":2,"frames":"2.00,59.85,0.00,1.00,1.00,1.00|1.85,60.20,-0.27,1.00,1.00,1.00|1.60,60.50,-0.54,1.00,1.00,1.00|1.35,60.80,-1.00,1.00,1.00,1.00|1.15,60.35,-1.29,1.00,1.00,1.00|0.80,59.80,-1.76,1.00,1.00,1.00|0.50,59.20,-2.19,1.00,1.00,1.00|1.10,59.90,-1.30,1.00,1.00,1.00|1.60,60.60,-0.56,1.00,1.00,1.00|2.00,61.25,0.00,1.00,1.00,1.00|2.00,60.80,0.00,1.00,1.00,1.00|2.00,60.30,0.00,1.00,1.00,1.00|2.00,59.85,0.00,1.00,1.00,1.00","class":"head0"},"instance2370":{"zIndex":7,"frames":"10.50,11.85,43.45,1.00,1.00,1.00|12.15,12.35,40.88,1.00,1.00,1.00|13.70,12.85,38.37,1.00,1.00,1.00|15.35,13.30,35.95,1.00,1.00,1.00|16.15,11.25,12.27,1.00,1.00,1.00|17.50,9.15,-11.29,1.00,1.00,1.00|19.30,7.05,-35.05,1.00,1.00,1.00|17.55,7.40,-23.03,1.00,1.00,1.00|15.95,7.80,-10.82,1.00,1.00,1.00|14.30,8.30,1.05,1.00,1.00,1.00|12.85,9.60,15.06,1.00,1.00,1.00|11.60,10.80,29.31,1.00,1.00,1.00|10.50,11.85,43.45,1.00,1.00,1.00","class":"foot0"},"instance2374":{"zIndex":9,"frames":"15.15,15.25,-44.76,1.00,1.00,1.00|13.70,16.65,-27.56,1.00,1.00,1.00|12.50,18.05,-10.30,1.00,1.00,1.00|11.60,19.55,6.76,1.00,1.00,1.00|10.95,20.20,23.83,1.00,1.00,1.00|10.45,20.75,41.11,1.00,1.00,1.00|10.20,21.15,58.28,1.00,1.00,1.00|10.45,20.60,37.83,1.00,1.00,1.00|11.05,19.80,17.28,1.00,1.00,1.00|12.05,18.80,-3.22,1.00,1.00,1.00|12.95,17.55,-17.03,1.00,1.00,1.00|13.95,16.35,-30.84,1.00,1.00,1.00|15.15,15.25,-44.76,1.00,1.00,1.00","class":"hand3"},"instance2352":{"zIndex":0,"frames":"14.70,21.40,57.72,1.00,1.00,1.00|15.15,21.25,37.88,1.00,1.00,1.00|15.50,21.20,18.08,1.00,1.00,1.00|16.15,20.90,-1.51,1.00,1.00,1.00|16.90,19.90,-21.28,1.00,1.00,1.00|17.95,18.95,-41.10,1.00,1.00,1.00|19.00,18.10,-60.83,1.00,1.00,1.00|17.95,18.95,-41.10,1.00,1.00,1.00|17.00,19.95,-21.29,1.00,1.00,1.00|16.10,21.10,-1.52,1.00,1.00,1.00|15.50,21.35,18.08,1.00,1.00,1.00|15.00,21.35,37.88,1.00,1.00,1.00|14.70,21.40,57.72,1.00,1.00,1.00","class":"arm0"},"instance2364":{"zIndex":4,"frames":"19.20,6.95,-34.50,1.00,1.00,1.00|17.35,7.35,-23.09,1.00,1.00,1.00|15.50,7.65,-11.81,1.00,1.00,1.00|13.80,8.20,-0.71,1.00,1.00,1.00|12.55,9.45,15.03,1.00,1.00,1.00|11.40,10.75,30.84,1.00,1.00,1.00|10.60,11.75,46.70,1.00,1.00,1.00|11.60,12.15,39.63,1.00,1.00,1.00|12.75,12.70,32.61,1.00,1.00,1.00|13.75,13.15,25.72,1.00,1.00,1.00|15.20,11.15,5.54,1.00,1.00,1.00|17.05,9.00,-14.30,1.00,1.00,1.00|19.20,6.95,-34.50,1.00,1.00,1.00","class":"foot0"},"instance2368":{"zIndex":6,"frames":"13.10,12.65,43.45,1.00,1.00,1.00|13.80,12.90,26.57,1.00,1.00,1.00|14.70,13.20,9.77,1.00,1.00,1.00|15.65,13.45,-7.03,1.00,1.00,1.00|16.55,12.50,-16.29,1.00,1.00,1.00|17.55,11.45,-25.59,1.00,1.00,1.00|18.60,10.40,-35.05,1.00,1.00,1.00|17.50,10.70,-23.03,1.00,1.00,1.00|16.45,11.15,-10.82,1.00,1.00,1.00|15.50,11.50,1.05,1.00,1.00,1.00|14.60,11.95,15.06,1.00,1.00,1.00|13.85,12.35,29.31,1.00,1.00,1.00|13.10,12.65,43.45,1.00,1.00,1.00","class":"leg0"},"instance2372":{"zIndex":8,"frames":"13.90,18.70,-41.69,1.00,1.00,1.00|13.60,19.55,-24.54,1.00,1.00,1.00|13.35,20.60,-7.29,1.00,1.00,1.00|13.30,21.40,9.78,1.00,1.00,1.00|13.40,21.55,26.84,1.00,1.00,1.00|13.50,21.65,44.13,1.00,1.00,1.00|13.80,21.60,61.35,1.00,1.00,1.00|13.55,21.60,40.85,1.00,1.00,1.00|13.35,21.50,20.29,1.00,1.00,1.00|13.40,21.35,-0.19,1.00,1.00,1.00|13.45,20.40,-14.02,1.00,1.00,1.00|13.80,19.60,-27.82,1.00,1.00,1.00|13.90,18.70,-41.69,1.00,1.00,1.00","class":"arm0"}},"totalFrames":13,"type":"hero$action3"},"hero$action4":{"anchorX":0.52,"anchorY":0.03,"rect":"0,0,58.8,60.35","children":{"instance2414":{"zIndex":5,"frames":"21.90,6.10,-16.21,1.00,1.00,1.00||||||||||||||23.65,6.45,0.00,1.00,1.00,1.00||||||||||||","class":"foot0"},"instance2418":{"zIndex":7,"frames":"16.30,16.40,37.03,1.00,1.00,1.00||||||||||||||18.10,15.95,37.03,1.00,1.00,1.00|19.20,15.30,21.31,1.00,1.00,1.00|20.50,14.55,5.76,1.00,1.00,1.00|21.95,13.75,-9.78,1.00,1.00,1.00|23.70,13.05,-25.46,1.00,1.00,1.00|22.55,13.60,-10.80,1.00,1.00,1.00|21.55,14.30,3.54,1.00,1.00,1.00|20.70,14.90,18.07,1.00,1.00,1.00|20.05,15.55,32.76,1.00,1.00,1.00|20.20,15.45,30.10,1.00,1.00,1.00|20.40,15.40,27.57,1.00,1.00,1.00|20.60,15.25,25.05,1.00,1.00,1.00|20.80,15.25,22.50,1.00,1.00,1.00","class":"hand3"},"head":{"zIndex":0,"frames":"0.60,54.15,-10.72,1.00,1.00,1.00||||||||||||||2.40,53.70,-10.72,1.00,1.00,1.00|6.20,55.30,-6.06,1.00,1.00,1.00|9.95,56.75,-1.56,1.00,1.00,1.00|13.75,57.85,2.75,1.00,1.00,1.00|17.70,58.80,7.26,1.00,1.00,1.00|15.15,58.20,4.05,1.00,1.00,1.00|12.65,57.45,1.04,1.00,1.00,1.00|10.45,56.70,-1.78,1.00,1.00,1.00|7.95,55.70,-4.93,1.00,1.00,1.00|8.75,56.00,-4.00,1.00,1.00,1.00|9.50,56.30,-3.02,1.00,1.00,1.00|10.35,56.60,-2.04,1.00,1.00,1.00|11.05,56.85,-1.24,1.00,1.00,1.00","class":"head0"},"instance2408":{"zIndex":2,"frames":"24.30,6.85,-16.52,1.00,1.00,1.00||||||||||||||26.05,6.85,0.00,1.00,1.00,1.00||||||||||||","class":"foot0"},"instance2412":{"zIndex":4,"frames":"22.50,9.40,-10.72,1.00,1.00,1.00||||||||||||||24.30,8.95,-10.72,1.00,1.00,1.00|24.50,9.00,-7.03,1.00,1.00,1.00|24.80,9.10,-3.31,1.00,1.00,1.00|24.95,9.20,0.04,1.00,1.00,1.00|25.20,9.30,3.76,1.00,1.00,1.00|25.20,9.30,3.75,1.00,1.00,1.00|||25.20,9.30,3.76,1.00,1.00,1.00|25.20,9.30,3.75,1.00,1.00,1.00|||25.20,9.30,3.76,1.00,1.00,1.00","class":"leg0"},"instance2416":{"zIndex":6,"frames":"19.35,18.20,37.03,1.00,1.00,1.00||||||||||||||21.15,17.75,37.03,1.00,1.00,1.00|21.60,17.45,21.31,1.00,1.00,1.00|22.10,17.20,5.76,1.00,1.00,1.00|22.70,16.85,-9.78,1.00,1.00,1.00|23.45,16.55,-25.46,1.00,1.00,1.00|23.10,16.90,-10.80,1.00,1.00,1.00|23.00,17.20,3.54,1.00,1.00,1.00|22.85,17.50,18.07,1.00,1.00,1.00|22.90,17.60,32.76,1.00,1.00,1.00|22.95,17.55,30.10,1.00,1.00,1.00|23.10,17.55,27.57,1.00,1.00,1.00|23.20,17.60,25.05,1.00,1.00,1.00|23.35,17.70,22.50,1.00,1.00,1.00","class":"arm0"},"instance2406":{"zIndex":1,"frames":"25.25,9.25,-10.72,1.00,1.00,1.00||||||||||||||27.05,8.80,-10.72,1.00,1.00,1.00|27.25,8.65,-7.03,1.00,1.00,1.00|27.45,8.55,-3.31,1.00,1.00,1.00|27.70,8.45,0.04,1.00,1.00,1.00|27.85,8.45,3.76,1.00,1.00,1.00|27.85,8.45,3.75,1.00,1.00,1.00|||27.85,8.45,3.76,1.00,1.00,1.00|27.85,8.45,3.75,1.00,1.00,1.00|||27.85,8.45,3.76,1.00,1.00,1.00","class":"leg0"},"instance2410":{"zIndex":3,"frames":"16.15,19.85,-10.72,1.00,1.00,1.00||||||||||||||17.95,19.40,-10.72,1.00,1.00,1.00|18.90,19.85,-7.03,1.00,1.00,1.00|19.80,20.25,-3.31,1.00,1.00,1.00|20.65,20.60,0.04,1.00,1.00,1.00|21.65,21.00,3.76,1.00,1.00,1.00|21.20,20.65,0.55,1.00,1.00,1.00|20.80,20.25,-2.27,1.00,1.00,1.00|20.30,19.95,-5.28,1.00,1.00,1.00|19.90,19.60,-8.42,1.00,1.00,1.00|20.15,19.65,-7.32,1.00,1.00,1.00|20.25,19.80,-6.52,1.00,1.00,1.00|20.50,19.95,-5.54,1.00,1.00,1.00|20.60,20.05,-4.73,1.00,1.00,1.00","class":"body0"}},"totalFrames":27,"type":"hero$action4"},"hero$action1":{"anchorX":0.43,"anchorY":0.04,"rect":"0,0,45.05,62.7","children":{"instance1942":{"zIndex":8,"frames":"12.55,16.65,97.64,1.00,1.00,1.00|14.15,15.00,91.56,1.00,1.00,1.00|15.80,13.35,85.96,1.00,1.00,1.00|17.40,11.60,79.93,1.00,1.00,1.00|16.90,11.85,27.82,1.00,1.00,1.00|18.20,10.90,-24.08,1.00,1.00,1.00|21.70,10.75,-76.23,1.00,1.00,1.00|19.10,9.15,-50.90,1.00,1.00,1.00|16.75,7.90,-25.55,1.00,1.00,1.00|14.95,7.05,-0.24,1.00,1.00,1.00|13.55,10.80,32.34,1.00,1.00,1.00|12.90,14.10,65.16,1.00,1.00,1.00|12.55,16.65,97.64,1.00,1.00,1.00","class":"foot0"},"instance1934":{"zIndex":3,"frames":"19.85,12.90,-74.95,1.00,1.00,1.00|18.95,11.60,-48.66,1.00,1.00,1.00|18.25,10.55,-22.33,1.00,1.00,1.00|17.85,9.60,3.79,1.00,1.00,1.00|16.50,11.60,34.62,1.00,1.00,1.00|15.40,13.45,65.69,1.00,1.00,1.00|14.50,15.10,96.59,1.00,1.00,1.00|15.05,14.35,78.69,1.00,1.00,1.00|15.70,13.55,60.44,1.00,1.00,1.00|16.25,12.70,42.38,1.00,1.00,1.00|16.90,12.60,3.26,1.00,1.00,1.00|18.05,12.50,-35.84,1.00,1.00,1.00|19.85,12.90,-74.95,1.00,1.00,1.00","class":"leg0"},"instance1926":{"zIndex":1,"frames":"12.30,23.55,71.73,1.00,1.00,1.00|12.30,19.90,29.60,1.00,1.00,1.00|13.70,15.55,-12.28,1.00,1.00,1.00|16.60,11.40,-54.35,1.00,1.00,1.00|18.90,13.65,-77.49,1.00,1.00,1.00|21.20,16.35,-100.53,1.00,1.00,1.00|23.40,19.50,-123.73,1.00,1.00,1.00|21.15,16.25,-100.53,1.00,1.00,1.00|18.70,13.65,-77.49,1.00,1.00,1.00|16.60,11.40,-54.35,1.00,1.00,1.00|13.75,15.50,-12.28,1.00,1.00,1.00|12.25,19.85,29.60,1.00,1.00,1.00|12.30,23.55,71.73,1.00,1.00,1.00","class":"hand1"},"instance1924":{"zIndex":0,"frames":"15.75,23.20,72.17,1.00,1.00,1.00|15.15,21.05,38.84,1.00,1.00,1.00|14.85,18.60,5.30,1.00,1.00,1.00|15.25,16.25,-27.93,1.00,1.00,1.00|16.15,17.70,-45.15,1.00,1.00,1.00|17.10,19.30,-62.66,1.00,1.00,1.00|18.15,20.95,-79.83,1.00,1.00,1.00|17.15,19.25,-62.66,1.00,1.00,1.00|16.20,17.70,-45.15,1.00,1.00,1.00|15.25,16.25,-27.93,1.00,1.00,1.00|14.95,18.60,5.30,1.00,1.00,1.00|15.20,21.00,38.84,1.00,1.00,1.00|15.75,23.20,72.17,1.00,1.00,1.00","class":"arm0"},"head":{"zIndex":2,"frames":"2.25,62.25,0.00,1.00,1.00,1.00|2.60,60.60,0.50,1.00,1.00,1.00|2.95,58.95,1.00,1.00,1.00,1.00|3.30,57.25,1.50,1.00,1.00,1.00|2.45,58.45,0.28,1.00,1.00,1.00|1.80,59.70,-0.56,1.00,1.00,1.00|1.00,60.85,-1.87,1.00,1.00,1.00|0.90,59.45,-2.02,1.00,1.00,1.00|0.80,58.05,-2.26,1.00,1.00,1.00|0.50,56.65,-2.48,1.00,1.00,1.00|1.15,58.60,-1.54,1.00,1.00,1.00|1.65,60.40,-0.77,1.00,1.00,1.00|2.25,62.25,0.00,1.00,1.00,1.00","class":"head0"},"instance1940":{"zIndex":7,"frames":"14.70,14.95,97.64,1.00,1.00,1.00|15.70,13.85,76.20,1.00,1.00,1.00|16.70,12.60,54.63,1.00,1.00,1.00|17.80,11.20,32.93,1.00,1.00,1.00|17.70,11.50,-3.30,1.00,1.00,1.00|18.25,11.90,-39.85,1.00,1.00,1.00|19.10,12.65,-76.23,1.00,1.00,1.00|17.90,11.55,-50.90,1.00,1.00,1.00|16.90,10.75,-25.55,1.00,1.00,1.00|16.20,10.00,-0.24,1.00,1.00,1.00|15.40,11.85,32.34,1.00,1.00,1.00|14.90,13.65,65.16,1.00,1.00,1.00|14.70,14.95,97.64,1.00,1.00,1.00","class":"leg0"},"instance1946":{"zIndex":10,"frames":"21.20,20.00,-145.18,1.00,1.00,1.00|18.90,16.25,-114.08,1.00,1.00,1.00|16.30,13.30,-83.23,1.00,1.00,1.00|13.70,11.35,-52.19,1.00,1.00,1.00|11.10,16.50,-10.81,1.00,1.00,1.00|10.05,21.90,30.30,1.00,1.00,1.00|10.05,26.55,71.48,1.00,1.00,1.00|9.90,21.95,30.30,1.00,1.00,1.00|11.00,16.45,-10.81,1.00,1.00,1.00|13.70,11.35,-52.19,1.00,1.00,1.00|16.15,13.40,-83.23,1.00,1.00,1.00|18.80,16.30,-114.08,1.00,1.00,1.00|21.20,20.00,-145.18,1.00,1.00,1.00","class":"hand3"},"instance1938":{"zIndex":6,"frames":"11.15,25.65,0.00,1.00,1.00,1.00|11.15,24.00,0.00,1.00,1.00,1.00|11.15,22.35,0.00,1.00,1.00,1.00|11.15,20.70,0.00,1.00,1.00,1.00|11.15,22.35,0.00,1.00,1.00,1.00|11.15,24.00,0.00,1.00,1.00,1.00|11.15,25.65,0.00,1.00,1.00,1.00|11.15,24.00,0.00,1.00,1.00,1.00|11.15,22.35,0.00,1.00,1.00,1.00|11.15,20.70,0.00,1.00,1.00,1.00|11.15,22.35,0.00,1.00,1.00,1.00|11.15,24.00,0.00,1.00,1.00,1.00|11.15,25.65,0.00,1.00,1.00,1.00","class":"body0"},"instance1936":{"zIndex":4,"frames":"21.65,10.90,-74.95,1.00,1.00,1.00|19.35,9.35,-49.91,1.00,1.00,1.00|17.50,8.20,-24.83,1.00,1.00,1.00|16.25,7.30,0.08,1.00,1.00,1.00|14.45,11.05,32.11,1.00,1.00,1.00|13.30,14.25,64.44,1.00,1.00,1.00|12.45,16.75,96.59,1.00,1.00,1.00|12.85,15.45,78.69,1.00,1.00,1.00|13.25,13.85,60.44,1.00,1.00,1.00|13.70,11.95,42.38,1.00,1.00,1.00|15.15,11.45,3.26,1.00,1.00,1.00|17.90,10.85,-35.84,1.00,1.00,1.00|21.65,10.90,-74.95,1.00,1.00,1.00","class":"foot0"},"instance1944":{"zIndex":9,"frames":"15.35,20.50,-82.72,1.00,1.00,1.00|14.60,19.05,-58.15,1.00,1.00,1.00|13.90,17.75,-33.34,1.00,1.00,1.00|13.45,16.80,-8.70,1.00,1.00,1.00|13.50,19.75,29.57,1.00,1.00,1.00|14.05,22.30,67.96,1.00,1.00,1.00|14.80,24.40,106.24,1.00,1.00,1.00|14.00,22.35,67.96,1.00,1.00,1.00|13.45,19.80,29.57,1.00,1.00,1.00|13.45,16.80,-8.70,1.00,1.00,1.00|13.85,17.85,-33.34,1.00,1.00,1.00|14.55,19.05,-58.15,1.00,1.00,1.00|15.35,20.50,-82.72,1.00,1.00,1.00","class":"arm0"}},"totalFrames":13,"type":"hero$action1"},"hero$action5":{"anchorX":0.47,"anchorY":0.58,"rect":"0,0,110.95,134.1","children":{"instance2456":{"zIndex":4,"frames":"47.45,84.40,0.00,1.00,1.00,1.00|||||||||||||||||||||||||||||||||||||||||||","class":"leg0"},"instance2450":{"zIndex":1,"frames":"49.85,84.80,0.00,1.00,1.00,1.00|||||||||||||||||||||||||||||||||||||||||||","class":"leg0"},"instance6146":{"zIndex":8,"frames":"null||||||||||||||||||||35.15,86.40,0.00,1.00,1.00,1.00|null||||||||||||||||||||||","class":"Symbol1"},"instance5509":{"zIndex":8,"frames":"null||||||||||||35.70,86.00,0.00,1.00,1.00,1.00|null||||||||||||||||||||||||||||||","class":"shou"},"instance2458":{"zIndex":5,"frames":"46.05,82.10,0.00,1.00,1.00,1.00|||||||||||||||||||||||||||||||||||||||||||","class":"foot0"},"instance2452":{"zIndex":2,"frames":"48.45,82.50,0.00,1.00,1.00,1.00|||||||||||||||||||||||||||||||||||||||||||","class":"foot0"},"instance6115":{"zIndex":8,"frames":"null|||||||||||||||||||35.70,86.00,0.00,1.00,1.00,1.00|null|||||||||||||||||||||||","class":"shou"},"instance5601":{"zIndex":8,"frames":"null|||||||||||||35.15,86.40,0.00,1.00,1.00,1.00|null|||||||||||||||||||||||||||||","class":"Symbol1"},"instance2460":{"zIndex":6,"frames":"45.90,92.95,17.73,1.00,1.00,1.00|47.60,93.15,30.55,1.00,1.00,1.00|49.20,93.20,43.35,1.00,1.00,1.00|50.90,93.40,56.10,1.00,1.00,1.00|50.70,93.40,55.19,1.00,1.00,1.00|50.55,93.45,54.41,1.00,1.00,1.00|50.40,93.45,53.63,1.00,1.00,1.00|50.25,93.45,52.65,1.00,1.00,1.00|50.65,93.85,71.20,1.00,1.00,1.00|51.15,94.10,89.72,1.00,1.00,1.00|51.55,94.15,108.10,1.00,1.00,1.00||50.20,93.35,47.95,1.00,1.00,1.00|50.25,93.35,50.37,1.00,1.00,1.00|50.25,93.45,52.65,1.00,1.00,1.00|50.65,93.85,71.20,1.00,1.00,1.00|51.15,94.10,89.72,1.00,1.00,1.00|51.55,94.15,108.10,1.00,1.00,1.00||50.15,93.35,47.92,1.00,1.00,1.00|50.20,93.40,50.37,1.00,1.00,1.00|50.25,93.45,52.65,1.00,1.00,1.00|50.65,93.85,71.20,1.00,1.00,1.00|51.15,94.10,89.72,1.00,1.00,1.00|51.55,94.15,108.10,1.00,1.00,1.00||50.25,93.45,52.65,1.00,1.00,1.00||||||48.45,93.20,35.59,1.00,1.00,1.00|46.65,92.80,18.53,1.00,1.00,1.00|45.30,92.30,1.51,1.00,1.00,1.00|45.50,92.55,6.80,1.00,1.00,1.00|45.75,92.70,12.28,1.00,1.00,1.00|45.90,92.95,17.73,1.00,1.00,1.00||||||","class":"arm0"},"instance2454":{"zIndex":3,"frames":"43.65,95.75,0.00,1.00,1.00,1.00|45.95,96.70,12.77,1.00,1.00,1.00|48.40,97.05,25.56,1.00,1.00,1.00|50.95,96.90,38.37,1.00,1.00,1.00|50.70,97.00,37.57,1.00,1.00,1.00|50.50,96.90,36.60,1.00,1.00,1.00|50.25,96.90,35.82,1.00,1.00,1.00|50.00,96.95,34.92,1.00,1.00,1.00|50.00,96.95,34.86,1.00,1.00,1.00||50.00,96.95,34.92,1.00,1.00,1.00|||50.00,96.95,34.86,1.00,1.00,1.00|50.00,96.95,34.92,1.00,1.00,1.00|50.00,96.95,34.86,1.00,1.00,1.00||50.00,96.95,34.92,1.00,1.00,1.00|||50.00,96.95,34.86,1.00,1.00,1.00|50.00,96.95,34.92,1.00,1.00,1.00|50.00,96.95,34.86,1.00,1.00,1.00||50.00,96.95,34.92,1.00,1.00,1.00||||||||47.45,96.90,22.06,1.00,1.00,1.00|45.10,96.30,9.28,1.00,1.00,1.00|42.85,95.35,-3.47,1.00,1.00,1.00|43.20,95.45,-2.27,1.00,1.00,1.00|43.50,95.65,-1.04,1.00,1.00,1.00|43.65,95.75,0.00,1.00,1.00,1.00||||||","class":"body0"},"instance6381":{"zIndex":8,"frames":"null||||||||||||||||||||||||||35.70,86.00,0.00,1.00,1.00,1.00|null||||||||||||||||","class":"shou"},"head":{"zIndex":0,"frames":"34.75,132.35,0.00,1.00,1.00,1.00|40.85,133.30,7.03,1.00,1.00,1.00|47.20,133.55,14.07,1.00,1.00,1.00|53.80,133.40,21.37,1.00,1.00,1.00|53.10,133.40,20.53,1.00,1.00,1.00|52.15,133.45,19.56,1.00,1.00,1.00|51.50,133.50,18.78,1.00,1.00,1.00|50.70,133.50,17.92,1.00,1.00,1.00|50.60,133.45,17.81,1.00,1.00,1.00||50.70,133.50,17.92,1.00,1.00,1.00|||50.60,133.45,17.81,1.00,1.00,1.00|50.70,133.50,17.92,1.00,1.00,1.00|50.60,133.45,17.81,1.00,1.00,1.00||50.70,133.50,17.92,1.00,1.00,1.00|||50.60,133.45,17.81,1.00,1.00,1.00|50.70,133.50,17.92,1.00,1.00,1.00|50.60,133.45,17.81,1.00,1.00,1.00||50.70,133.50,17.92,1.00,1.00,1.00||||||||43.90,133.35,10.31,1.00,1.00,1.00|37.25,132.45,2.81,1.00,1.00,1.00|31.05,131.05,-4.47,1.00,1.00,1.00|32.30,131.55,-2.81,1.00,1.00,1.00|33.65,132.05,-1.31,1.00,1.00,1.00|34.75,132.35,0.00,1.00,1.00,1.00||||||","class":"head0"},"instance2462":{"zIndex":7,"frames":"43.65,90.25,17.73,1.00,1.00,1.00|44.80,91.10,30.55,1.00,1.00,1.00|46.10,91.95,43.35,1.00,1.00,1.00|47.50,92.70,56.10,1.00,1.00,1.00|47.40,92.60,55.19,1.00,1.00,1.00|47.10,92.65,54.41,1.00,1.00,1.00|47.05,92.50,53.63,1.00,1.00,1.00|46.85,92.50,52.65,1.00,1.00,1.00|47.50,94.10,71.20,1.00,1.00,1.00|48.20,95.45,89.72,1.00,1.00,1.00|48.80,96.50,108.10,1.00,1.00,1.00||46.85,92.10,47.95,1.00,1.00,1.00|46.90,92.20,50.37,1.00,1.00,1.00|46.85,92.50,52.65,1.00,1.00,1.00|47.50,94.10,71.20,1.00,1.00,1.00|48.20,95.45,89.72,1.00,1.00,1.00|48.80,96.50,108.10,1.00,1.00,1.00||46.80,92.10,47.92,1.00,1.00,1.00|46.85,92.25,50.37,1.00,1.00,1.00|46.85,92.50,52.65,1.00,1.00,1.00|47.50,94.10,71.20,1.00,1.00,1.00|48.20,95.45,89.72,1.00,1.00,1.00|48.80,96.50,108.10,1.00,1.00,1.00||46.85,92.50,52.65,1.00,1.00,1.00||||||45.55,91.55,35.59,1.00,1.00,1.00|44.55,90.45,18.53,1.00,1.00,1.00|43.85,89.20,1.51,1.00,1.00,1.00|43.80,89.60,6.80,1.00,1.00,1.00|43.70,90.00,12.28,1.00,1.00,1.00|43.65,90.25,17.73,1.00,1.00,1.00||||||","class":"hand2"},"instance6400":{"zIndex":8,"frames":"null|||||||||||||||||||||||||||35.15,86.40,0.00,1.00,1.00,1.00|null|||||||||||||||","class":"Symbol1"}},"totalFrames":44,"type":"hero$action5"},"hero$action10":{"anchorX":0.38,"anchorY":0.03,"rect":"0,0,46.55,57.55","children":{"instance1986":{"zIndex":5,"frames":"11.80,6.35,0.00,1.00,1.00,1.00||||","class":"foot0"},"instance1980":{"zIndex":2,"frames":"14.20,6.75,0.00,1.00,1.00,1.00||||","class":"foot0"},"instance1984":{"zIndex":4,"frames":"13.20,8.65,0.00,1.00,1.00,1.00|13.20,8.50,0.00,1.00,1.00,1.00|13.20,8.35,0.00,1.00,1.00,1.00|13.20,8.50,0.00,1.00,1.00,1.00|13.20,8.65,0.00,1.00,1.00,1.00","class":"leg0"},"head":{"zIndex":0,"frames":"0.50,56.60,0.00,1.00,1.00,1.00|2.75,56.80,2.80,1.00,1.00,1.00|5.25,57.05,5.92,1.00,1.00,1.00|2.85,56.85,2.80,1.00,1.00,1.00|0.50,56.60,0.00,1.00,1.00,1.00","class":"head0"},"instance1982":{"zIndex":3,"frames":"9.40,20.00,0.00,1.00,1.00,1.00|9.75,19.75,2.02,1.00,1.00,1.00|10.25,19.55,4.19,1.00,1.00,1.00|9.85,19.75,2.02,1.00,1.00,1.00|9.40,20.00,0.00,1.00,1.00,1.00","class":"body0"},"instance1978":{"zIndex":1,"frames":"15.60,9.05,0.00,1.00,1.00,1.00|15.60,8.90,0.00,1.00,1.00,1.00|15.60,8.75,0.00,1.00,1.00,1.00|15.60,8.90,0.00,1.00,1.00,1.00|15.60,9.05,0.00,1.00,1.00,1.00","class":"leg0"},"instance1988":{"zIndex":6,"frames":"12.30,17.95,32.55,1.00,1.00,1.00|12.60,17.65,34.60,1.00,1.00,1.00|12.95,17.30,36.74,1.00,1.00,1.00|12.65,17.60,34.60,1.00,1.00,1.00|12.30,17.95,32.55,1.00,1.00,1.00","class":"arm0"},"instance1990":{"zIndex":7,"frames":"11.25,11.45,-65.33,1.00,1.00,1.00|11.35,11.10,-63.21,1.00,1.00,1.00|11.40,10.85,-61.14,1.00,1.00,1.00|11.40,11.15,-63.21,1.00,1.00,1.00|11.25,11.45,-65.33,1.00,1.00,1.00","class":"hand3"}},"totalFrames":5,"type":"hero$action10"},"hero$action6":{"anchorX":0.4,"anchorY":0.02,"rect":"0,0,43.85,84.2","children":{"instance2500":{"zIndex":4,"frames":"13.20,8.65,0.00,1.00,1.00,1.00|13.20,7.90,0.00,1.00,1.00,1.00|13.20,7.15,0.00,1.00,1.00,1.00||13.20,17.05,2.56,1.00,1.00,1.00|13.20,26.90,5.31,1.00,1.00,1.00|13.20,36.80,8.24,1.00,1.00,1.00|||13.20,22.70,4.03,1.00,1.00,1.00|13.20,8.65,0.00,1.00,1.00,1.00","class":"leg0"},"instance2504":{"zIndex":6,"frames":"11.65,17.20,17.73,1.00,1.00,1.00|11.65,16.45,17.57,1.00,1.00,1.00|11.65,15.70,17.73,1.00,1.00,1.00||11.85,26.10,39.34,1.00,1.00,1.00|12.25,36.40,60.93,1.00,1.00,1.00|12.70,46.40,82.47,1.00,1.00,1.00|||12.05,31.95,50.14,1.00,1.00,1.00|11.65,17.20,17.73,1.00,1.00,1.00","class":"arm0"},"head":{"zIndex":0,"frames":"0.50,55.75,0.00,1.00,1.00,1.00|1.25,55.25,1.06,1.00,1.00,1.00|2.20,54.80,2.45,1.00,1.00,1.00||1.60,64.50,1.53,1.00,1.00,1.00|1.05,74.05,0.77,1.00,1.00,1.00|0.50,83.75,0.00,1.00,1.00,1.00|||0.50,69.75,0.00,1.00,1.00,1.00|0.50,55.75,0.00,1.00,1.00,1.00","class":"head0"},"instance2494":{"zIndex":1,"frames":"15.60,9.05,0.00,1.00,1.00,1.00|15.60,8.30,0.00,1.00,1.00,1.00|15.60,7.55,0.00,1.00,1.00,1.00||15.60,17.45,2.06,1.00,1.00,1.00|15.60,27.35,4.31,1.00,1.00,1.00|15.60,37.25,6.74,1.00,1.00,1.00|||15.55,23.10,3.28,1.00,1.00,1.00|15.60,9.05,0.00,1.00,1.00,1.00","class":"leg0"},"instance2498":{"zIndex":3,"frames":"9.40,20.00,0.00,1.00,1.00,1.00|9.40,19.25,0.00,1.00,1.00,1.00|9.40,18.50,0.00,1.00,1.00,1.00||9.40,28.35,0.00,1.00,1.00,1.00|9.40,38.15,0.00,1.00,1.00,1.00|9.40,48.00,0.00,1.00,1.00,1.00|||9.40,34.00,0.00,1.00,1.00,1.00|9.40,20.00,0.00,1.00,1.00,1.00","class":"body0"},"instance2502":{"zIndex":5,"frames":"11.80,6.35,0.00,1.00,1.00,1.00||||11.80,16.25,12.05,1.00,1.00,1.00|11.85,26.15,24.30,1.00,1.00,1.00|12.20,35.95,36.48,1.00,1.00,1.00|||12.00,21.15,18.08,1.00,1.00,1.00|11.80,6.35,0.00,1.00,1.00,1.00","class":"foot0"},"instance2506":{"zIndex":7,"frames":"9.40,14.50,17.73,1.00,1.00,1.00|9.30,12.20,-11.26,1.00,1.00,1.00|9.90,10.10,-40.26,1.00,1.00,1.00||8.35,22.90,0.54,1.00,1.00,1.00|8.40,35.70,41.60,1.00,1.00,1.00|9.30,47.30,82.47,1.00,1.00,1.00|||9.10,31.30,50.14,1.00,1.00,1.00|9.40,14.50,17.73,1.00,1.00,1.00","class":"hand3"},"instance2496":{"zIndex":2,"frames":"14.20,6.75,0.00,1.00,1.00,1.00||||14.15,16.55,11.81,1.00,1.00,1.00|14.30,26.25,23.83,1.00,1.00,1.00|14.60,36.00,35.93,1.00,1.00,1.00|||14.35,21.50,17.82,1.00,1.00,1.00|14.20,6.75,0.00,1.00,1.00,1.00","class":"foot0"}},"totalFrames":11,"type":"hero$action6"},"shou":{"anchorX":0.35,"anchorY":0.65,"rect":"0,0,134.65,153.55","children":{"instance2668":{"zIndex":0,"frames":"null|11.80,139.95,0.00,2.78,2.78,0.25|23.70,126.45,0.00,2.19,2.19,0.50|35.50,112.95,0.00,1.59,1.59,0.75|47.50,99.40,0.00,1.00,1.00,1.00|46.65,100.40,0.00,1.04,1.04,1.00|45.80,101.35,0.00,1.09,1.09,1.00|44.90,102.35,0.00,1.13,1.13,1.00|44.05,103.30,0.00,1.17,1.17,1.00|43.20,104.35,0.00,1.22,1.22,1.00||||||||44.10,103.30,0.00,1.17,1.17,1.00|44.95,102.35,0.00,1.13,1.13,1.00|45.80,101.35,0.00,1.09,1.09,1.00|46.65,100.35,0.00,1.04,1.04,1.00|43.10,104.40,0.00,1.22,1.22,0.75|39.55,108.40,0.00,1.40,1.40,0.50|35.95,112.45,0.00,1.57,1.57,0.25|null","class":"shou"}},"totalFrames":25,"type":"shou"},"hero$action11":{"anchorX":0.28,"anchorY":0.1,"rect":"0,0,46.35,56.15","children":{"instance2022":{"zIndex":3,"frames":"15.65,13.90,-17.81,1.00,1.00,1.00","class":"arm0"},"instance2032":{"zIndex":6,"frames":"11.65,20.15,29.72,1.00,1.00,1.00","class":"body0"},"instance2016":{"zIndex":0,"frames":"14.50,6.15,120.28,1.00,1.00,1.00","class":"leg0"},"instance2042":{"zIndex":11,"frames":"10.60,8.80,119.98,1.00,1.00,1.00","class":"foot0"},"instance2034":{"zIndex":7,"frames":"11.75,13.60,-20.77,1.00,1.00,1.00","class":"arm0"},"instance2040":{"zIndex":10,"frames":"10.10,8.10,-1.70,1.00,1.00,1.00","class":"leg0"},"instance2018":{"zIndex":1,"frames":"12.50,8.20,-1.70,1.00,1.00,1.00","class":"leg0"},"instance2024":{"zIndex":4,"frames":"15.25,10.55,-18.26,1.00,1.00,1.00","class":"hand1"},"instance2036":{"zIndex":8,"frames":"11.70,10.00,-21.33,1.00,1.00,1.00","class":"hand3"},"instance2020":{"zIndex":2,"frames":"13.00,8.90,119.98,1.00,1.00,1.00","class":"foot0"},"instance2038":{"zIndex":9,"frames":"12.10,6.05,120.28,1.00,1.00,1.00","class":"leg0"},"head":{"zIndex":5,"frames":"5.20,55.65,7.03,1.00,1.00,1.00","class":"head0"}},"totalFrames":1,"type":"hero$action11"},"hero$action7":{"anchorX":0.46,"anchorY":0.06,"rect":"0,0,47.8,85.25","children":{"instance2554":{"zIndex":9,"frames":"23.95,39.90,-145.18,1.00,1.00,1.00|21.65,29.40,-114.08,1.00,1.00,1.00|19.05,19.75,-83.23,1.00,1.00,1.00|16.45,10.95,-52.19,1.00,1.00,1.00|14.80,18.20,-27.34,1.00,1.00,1.00|13.50,25.65,-2.56,1.00,1.00,1.00|12.85,33.05,22.03,1.00,1.00,1.00|12.70,40.25,46.66,1.00,1.00,1.00|12.80,47.15,71.48,1.00,1.00,1.00|||12.65,35.50,30.30,1.00,1.00,1.00|13.70,23.05,-10.81,1.00,1.00,1.00|16.45,10.95,-52.19,1.00,1.00,1.00|17.90,16.20,-70.93,1.00,1.00,1.00|19.45,21.65,-89.47,1.00,1.00,1.00|20.95,27.40,-107.83,1.00,1.00,1.00|22.60,33.45,-126.59,1.00,1.00,1.00|23.95,39.90,-145.18,1.00,1.00,1.00|23.90,39.95,-145.17,1.00,1.00,1.00|23.95,39.90,-145.18,1.00,1.00,1.00","class":"hand3"},"instance2542":{"zIndex":3,"frames":"22.60,32.80,-74.95,1.00,1.00,1.00|21.70,24.65,-48.66,1.00,1.00,1.00|21.00,16.95,-22.33,1.00,1.00,1.00|20.60,9.20,3.79,1.00,1.00,1.00|19.75,14.70,23.79,1.00,1.00,1.00|19.05,20.15,43.85,1.00,1.00,1.00|18.40,25.45,63.91,1.00,1.00,1.00|17.80,30.65,83.94,1.00,1.00,1.00|17.35,35.70,103.78,1.00,1.00,1.00|17.25,35.65,100.05,1.00,1.00,1.00|17.25,35.70,96.59,1.00,1.00,1.00|17.80,28.05,78.69,1.00,1.00,1.00|18.40,20.20,60.44,1.00,1.00,1.00|19.00,12.30,42.38,1.00,1.00,1.00|19.30,16.30,17.57,1.00,1.00,1.00|19.85,20.25,-6.80,1.00,1.00,1.00|20.65,24.20,-31.57,1.00,1.00,1.00|21.65,28.30,-56.19,1.00,1.00,1.00|22.85,32.80,-80.90,1.00,1.00,1.00|22.75,32.80,-77.97,1.00,1.00,1.00|22.60,32.80,-74.95,1.00,1.00,1.00","class":"leg0"},"instance2534":{"zIndex":1,"frames":"15.05,43.45,71.73,1.00,1.00,1.00|15.05,33.10,29.60,1.00,1.00,1.00|16.40,21.85,-12.28,1.00,1.00,1.00|19.35,11.00,-54.35,1.00,1.00,1.00|20.70,16.55,-68.22,1.00,1.00,1.00|22.05,22.20,-82.21,1.00,1.00,1.00|23.50,27.95,-95.81,1.00,1.00,1.00|24.85,33.95,-109.80,1.00,1.00,1.00|26.15,40.10,-123.73,1.00,1.00,1.00|26.10,40.10,-123.62,1.00,1.00,1.00|26.15,40.10,-123.73,1.00,1.00,1.00|23.90,29.80,-100.53,1.00,1.00,1.00|21.50,20.20,-77.49,1.00,1.00,1.00|19.35,11.00,-54.35,1.00,1.00,1.00|17.45,17.40,-29.08,1.00,1.00,1.00|16.05,24.05,-3.79,1.00,1.00,1.00|15.20,30.80,21.29,1.00,1.00,1.00|14.95,37.30,46.60,1.00,1.00,1.00|15.05,43.45,71.73,1.00,1.00,1.00||","class":"hand1"},"instance2546":{"zIndex":5,"frames":"13.90,45.55,0.00,1.00,1.00,1.00|13.90,37.15,0.00,1.00,1.00,1.00|13.90,28.70,0.00,1.00,1.00,1.00|13.90,20.30,0.00,1.00,1.00,1.00|13.90,25.50,0.00,1.00,1.00,1.00|13.90,30.70,0.00,1.00,1.00,1.00|13.90,35.85,0.00,1.00,1.00,1.00|13.90,41.05,0.00,1.00,1.00,1.00|13.90,46.25,0.00,1.00,1.00,1.00|||13.90,37.60,0.00,1.00,1.00,1.00|13.90,28.95,0.00,1.00,1.00,1.00|13.90,20.30,0.00,1.00,1.00,1.00|13.90,25.35,0.00,1.00,1.00,1.00|13.90,30.40,0.00,1.00,1.00,1.00|13.90,35.45,0.00,1.00,1.00,1.00|13.90,40.50,0.00,1.00,1.00,1.00|13.90,45.55,0.00,1.00,1.00,1.00||","class":"body0"},"instance2550":{"zIndex":7,"frames":"15.30,36.55,97.64,1.00,1.00,1.00|16.90,28.15,91.56,1.00,1.00,1.00|18.55,19.75,85.96,1.00,1.00,1.00|20.15,11.20,79.93,1.00,1.00,1.00|19.55,15.85,46.14,1.00,1.00,1.00|19.60,19.80,12.29,1.00,1.00,1.00|20.55,23.40,-21.30,1.00,1.00,1.00|22.50,27.40,-55.16,1.00,1.00,1.00|24.95,32.15,-88.89,1.00,1.00,1.00|24.75,31.70,-82.70,1.00,1.00,1.00|24.45,31.35,-76.23,1.00,1.00,1.00|21.85,22.75,-50.90,1.00,1.00,1.00|19.50,14.45,-25.55,1.00,1.00,1.00|17.70,6.65,-0.24,1.00,1.00,1.00|16.75,13.10,20.28,1.00,1.00,1.00|16.20,19.40,40.84,1.00,1.00,1.00|15.85,25.50,61.42,1.00,1.00,1.00|15.70,31.20,81.96,1.00,1.00,1.00|15.50,36.65,102.38,1.00,1.00,1.00|15.45,36.60,100.01,1.00,1.00,1.00|15.30,36.55,97.64,1.00,1.00,1.00","class":"foot0"},"instance2552":{"zIndex":8,"frames":"18.10,40.40,-82.72,1.00,1.00,1.00|17.30,32.20,-58.15,1.00,1.00,1.00|16.65,24.20,-33.34,1.00,1.00,1.00|16.20,16.40,-8.70,1.00,1.00,1.00|16.15,22.45,14.27,1.00,1.00,1.00|16.30,28.30,37.33,1.00,1.00,1.00|16.60,34.05,60.40,1.00,1.00,1.00|17.05,39.60,83.44,1.00,1.00,1.00|17.55,45.00,106.24,1.00,1.00,1.00|17.60,45.00,106.07,1.00,1.00,1.00|17.55,45.00,106.24,1.00,1.00,1.00|16.85,35.90,67.96,1.00,1.00,1.00|16.25,26.35,29.57,1.00,1.00,1.00|16.20,16.40,-8.70,1.00,1.00,1.00|16.40,21.10,-23.53,1.00,1.00,1.00|16.75,25.80,-38.34,1.00,1.00,1.00|17.20,30.55,-53.15,1.00,1.00,1.00|17.65,35.45,-67.95,1.00,1.00,1.00|18.10,40.40,-82.72,1.00,1.00,1.00|18.10,40.40,-82.74,1.00,1.00,1.00|18.10,40.40,-82.72,1.00,1.00,1.00","class":"arm0"},"instance2532":{"zIndex":0,"frames":"18.50,43.10,72.17,1.00,1.00,1.00|17.90,34.20,38.84,1.00,1.00,1.00|17.70,25.05,5.30,1.00,1.00,1.00|18.00,15.85,-27.93,1.00,1.00,1.00|18.55,20.95,-38.34,1.00,1.00,1.00|19.15,25.95,-48.65,1.00,1.00,1.00|19.75,31.20,-59.16,1.00,1.00,1.00|20.30,36.30,-69.47,1.00,1.00,1.00|20.90,41.55,-79.83,1.00,1.00,1.00|20.95,41.60,-79.95,1.00,1.00,1.00|20.90,41.55,-79.83,1.00,1.00,1.00|19.90,32.85,-62.66,1.00,1.00,1.00|18.90,24.35,-45.15,1.00,1.00,1.00|18.00,15.85,-27.93,1.00,1.00,1.00|17.80,21.35,-7.79,1.00,1.00,1.00|17.75,26.85,12.03,1.00,1.00,1.00|17.90,32.35,32.09,1.00,1.00,1.00|18.15,37.75,52.15,1.00,1.00,1.00|18.50,43.10,72.17,1.00,1.00,1.00|18.50,43.10,72.21,1.00,1.00,1.00|18.50,43.10,72.17,1.00,1.00,1.00","class":"arm0"},"instance2544":{"zIndex":4,"frames":"24.40,30.80,-74.95,1.00,1.00,1.00|22.10,22.50,-49.91,1.00,1.00,1.00|20.25,14.55,-24.83,1.00,1.00,1.00|19.00,6.90,0.08,1.00,1.00,1.00|17.85,13.55,20.79,1.00,1.00,1.00|16.95,20.00,41.60,1.00,1.00,1.00|16.40,26.15,62.41,1.00,1.00,1.00|16.00,32.00,83.19,1.00,1.00,1.00|15.50,37.60,103.78,1.00,1.00,1.00|15.30,37.50,100.05,1.00,1.00,1.00|15.20,37.35,96.59,1.00,1.00,1.00|15.60,29.10,78.69,1.00,1.00,1.00|16.00,20.50,60.44,1.00,1.00,1.00|16.45,11.55,42.38,1.00,1.00,1.00|17.20,15.40,17.57,1.00,1.00,1.00|18.35,19.05,-6.80,1.00,1.00,1.00|20.10,22.80,-31.57,1.00,1.00,1.00|22.25,26.65,-56.19,1.00,1.00,1.00|24.85,31.00,-80.90,1.00,1.00,1.00|24.65,30.90,-77.97,1.00,1.00,1.00|24.40,30.80,-74.95,1.00,1.00,1.00","class":"foot0"},"head":{"zIndex":2,"frames":"5.00,82.15,0.00,1.00,1.00,1.00|5.30,73.75,0.50,1.00,1.00,1.00|5.70,65.30,1.00,1.00,1.00,1.00|6.05,56.85,1.50,1.00,1.00,1.00|5.00,61.85,-0.03,1.00,1.00,1.00|3.95,66.75,-1.56,1.00,1.00,1.00|2.75,71.65,-3.28,1.00,1.00,1.00|1.70,76.45,-4.81,1.00,1.00,1.00|0.55,81.25,-6.60,1.00,1.00,1.00|2.25,82.00,-4.06,1.00,1.00,1.00|3.75,82.75,-1.87,1.00,1.00,1.00|3.65,73.95,-2.02,1.00,1.00,1.00|3.55,65.15,-2.26,1.00,1.00,1.00|3.25,56.25,-2.48,1.00,1.00,1.00|2.85,61.15,-3.03,1.00,1.00,1.00|2.40,65.95,-3.76,1.00,1.00,1.00|2.00,70.85,-4.30,1.00,1.00,1.00|1.55,75.65,-5.02,1.00,1.00,1.00|1.20,80.45,-5.73,1.00,1.00,1.00|3.15,81.40,-2.78,1.00,1.00,1.00|5.00,82.15,0.00,1.00,1.00,1.00","class":"head0"},"instance2548":{"zIndex":6,"frames":"17.45,34.85,97.64,1.00,1.00,1.00|18.45,27.00,76.20,1.00,1.00,1.00|19.50,19.05,54.63,1.00,1.00,1.00|20.55,10.80,32.93,1.00,1.00,1.00|20.40,15.15,8.52,1.00,1.00,1.00|20.50,19.45,-15.78,1.00,1.00,1.00|21.00,23.95,-40.12,1.00,1.00,1.00|21.50,28.45,-64.66,1.00,1.00,1.00|22.10,33.40,-88.89,1.00,1.00,1.00|21.95,33.25,-82.70,1.00,1.00,1.00|21.85,33.25,-76.23,1.00,1.00,1.00|20.65,25.15,-50.90,1.00,1.00,1.00|19.60,17.35,-25.55,1.00,1.00,1.00|18.95,9.60,-0.24,1.00,1.00,1.00|18.40,14.80,20.28,1.00,1.00,1.00|18.05,20.00,40.84,1.00,1.00,1.00|17.75,25.15,61.42,1.00,1.00,1.00|17.60,30.05,81.96,1.00,1.00,1.00|17.55,34.80,102.38,1.00,1.00,1.00|17.55,34.80,100.01,1.00,1.00,1.00|17.45,34.85,97.64,1.00,1.00,1.00","class":"leg0"}},"totalFrames":21,"type":"hero$action7"},"hero$action12":{"anchorX":0.4,"anchorY":0,"rect":"0,0,57.6,111.1","children":{"instance2080":{"zIndex":4,"frames":"19.00,6.35,0.08,1.00,1.00,1.00|17.25,26.10,34.60,1.00,1.00,1.00|16.25,45.30,69.22,1.00,1.00,1.00|15.50,63.45,103.78,1.00,1.00,1.00|15.35,63.40,100.05,1.00,1.00,1.00|15.20,63.20,96.59,1.00,1.00,1.00|16.00,45.00,64.44,1.00,1.00,1.00|17.05,25.95,32.11,1.00,1.00,1.00|19.00,6.35,0.08,1.00,1.00,1.00","class":"foot0"},"instance2070":{"zIndex":1,"frames":"20.00,10.60,-43.15,1.00,1.00,1.00|22.00,28.45,-70.17,1.00,1.00,1.00|24.05,46.80,-96.78,1.00,1.00,1.00|26.15,65.95,-123.73,1.00,1.00,1.00|26.10,65.95,-123.62,1.00,1.00,1.00|26.15,65.95,-123.73,1.00,1.00,1.00|23.90,47.30,-100.53,1.00,1.00,1.00|21.50,29.30,-77.49,1.00,1.00,1.00|19.35,11.65,-54.35,1.00,1.00,1.00","class":"hand1"},"instance2068":{"zIndex":0,"frames":"19.60,15.65,-16.72,1.00,1.00,1.00|19.85,32.75,-37.82,1.00,1.00,1.00|20.30,50.00,-58.90,1.00,1.00,1.00|20.90,67.40,-79.83,1.00,1.00,1.00|20.90,67.45,-79.95,1.00,1.00,1.00|20.90,67.40,-79.83,1.00,1.00,1.00|19.85,50.30,-62.66,1.00,1.00,1.00|18.90,33.35,-45.15,1.00,1.00,1.00|18.00,16.50,-27.93,1.00,1.00,1.00","class":"arm0"},"head":{"zIndex":2,"frames":"18.25,58.50,15.94,1.00,1.00,1.00|12.10,75.40,8.30,1.00,1.00,1.00|6.20,91.55,0.79,1.00,1.00,1.00|0.55,107.10,-6.60,1.00,1.00,1.00|2.20,107.95,-4.06,1.00,1.00,1.00|3.75,108.60,-1.87,1.00,1.00,1.00|4.65,91.70,-0.56,1.00,1.00,1.00|5.25,74.55,0.28,1.00,1.00,1.00|6.05,57.50,1.50,1.00,1.00,1.00","class":"head0"},"instance2078":{"zIndex":3,"frames":"20.60,8.65,3.79,1.00,1.00,1.00|19.20,26.55,37.10,1.00,1.00,1.00|18.25,44.25,70.47,1.00,1.00,1.00|17.35,61.55,103.78,1.00,1.00,1.00|17.25,61.50,100.05,1.00,1.00,1.00|17.25,61.55,96.59,1.00,1.00,1.00|18.10,44.25,65.70,1.00,1.00,1.00|19.10,26.55,34.62,1.00,1.00,1.00|20.60,8.65,3.79,1.00,1.00,1.00","class":"leg0"},"instance2082":{"zIndex":5,"frames":"16.45,20.80,11.21,1.00,1.00,1.00|15.60,38.00,7.31,1.00,1.00,1.00|14.70,55.00,3.56,1.00,1.00,1.00|13.90,72.10,0.00,1.00,1.00,1.00|||13.90,55.05,0.00,1.00,1.00,1.00|13.90,38.00,0.00,1.00,1.00,1.00|13.90,20.95,0.00,1.00,1.00,1.00","class":"body0"},"instance2084":{"zIndex":6,"frames":"18.75,9.50,-1.51,1.00,1.00,1.00|19.60,25.80,-30.58,1.00,1.00,1.00|20.80,42.30,-59.90,1.00,1.00,1.00|22.10,59.25,-88.89,1.00,1.00,1.00|22.00,59.15,-82.70,1.00,1.00,1.00|21.85,59.10,-76.23,1.00,1.00,1.00|20.60,42.40,-51.38,1.00,1.00,1.00|19.60,25.95,-26.33,1.00,1.00,1.00|18.75,9.50,-1.51,1.00,1.00,1.00","class":"leg0"},"instance2086":{"zIndex":7,"frames":"17.60,6.35,-0.05,1.00,1.00,1.00|19.50,23.10,-29.59,1.00,1.00,1.00|22.05,40.15,-59.40,1.00,1.00,1.00|24.95,58.00,-88.89,1.00,1.00,1.00|24.70,57.60,-82.70,1.00,1.00,1.00|24.45,57.20,-76.23,1.00,1.00,1.00|21.80,39.95,-50.88,1.00,1.00,1.00|19.45,23.00,-25.33,1.00,1.00,1.00|17.60,6.35,-0.05,1.00,1.00,1.00","class":"foot0"},"instance2088":{"zIndex":8,"frames":"17.95,16.50,2.51,1.00,1.00,1.00|17.40,35.00,37.09,1.00,1.00,1.00|17.40,53.15,71.71,1.00,1.00,1.00|17.55,70.85,106.24,1.00,1.00,1.00|17.50,70.85,106.07,1.00,1.00,1.00|17.55,70.85,106.24,1.00,1.00,1.00|16.80,53.35,67.96,1.00,1.00,1.00|16.25,35.40,29.57,1.00,1.00,1.00|16.20,17.05,-8.70,1.00,1.00,1.00","class":"arm0"},"instance2090":{"zIndex":9,"frames":"17.15,11.15,-40.99,1.00,1.00,1.00|14.50,31.95,-3.31,1.00,1.00,1.00|13.20,52.75,33.87,1.00,1.00,1.00|12.80,73.00,71.48,1.00,1.00,1.00|12.80,73.05,71.48,1.00,1.00,1.00|12.80,73.00,71.48,1.00,1.00,1.00|12.65,53.00,30.30,1.00,1.00,1.00|13.70,32.10,-10.81,1.00,1.00,1.00|16.45,11.60,-52.19,1.00,1.00,1.00","class":"hand3"}},"totalFrames":9,"type":"hero$action12"},"hero$action8":{"anchorX":0.37,"anchorY":0.03,"rect":"0,0,47.6,59.95","children":{"instance2592":{"zIndex":4,"frames":"13.20,9.15,0.00,1.00,1.00,1.00|13.20,9.05,0.00,1.00,1.00,1.00|13.20,9.00,0.00,1.00,1.00,1.00|13.20,8.90,0.00,1.00,1.00,1.00|14.45,9.90,6.31,1.00,1.00,1.00|15.60,10.85,12.82,1.00,1.00,1.00|16.90,11.85,19.49,1.00,1.00,1.00|15.65,10.85,12.82,1.00,1.00,1.00|14.40,9.90,6.31,1.00,1.00,1.00|13.20,8.90,0.00,1.00,1.00,1.00|13.20,9.00,0.00,1.00,1.00,1.00|13.20,9.05,0.00,1.00,1.00,1.00|13.20,9.15,0.00,1.00,1.00,1.00","class":"leg0"},"instance2596":{"zIndex":6,"frames":"11.65,17.70,17.73,1.00,1.00,1.00|11.80,17.65,28.60,1.00,1.00,1.00|11.95,17.75,39.63,1.00,1.00,1.00|12.15,17.70,50.73,1.00,1.00,1.00|13.25,18.20,25.09,1.00,1.00,1.00|14.60,18.55,-0.06,1.00,1.00,1.00|16.25,18.90,-25.74,1.00,1.00,1.00|14.60,18.55,-0.06,1.00,1.00,1.00|13.25,18.20,25.09,1.00,1.00,1.00|12.15,17.70,50.73,1.00,1.00,1.00|11.95,17.80,39.63,1.00,1.00,1.00|11.80,17.75,28.60,1.00,1.00,1.00|11.65,17.70,17.73,1.00,1.00,1.00","class":"arm0"},"head":{"zIndex":0,"frames":"0.50,57.10,0.00,1.00,1.00,1.00|1.55,57.25,1.54,1.00,1.00,1.00|2.80,57.40,3.27,1.00,1.00,1.00|4.00,57.50,4.97,1.00,1.00,1.00|4.55,58.15,3.54,1.00,1.00,1.00|5.15,58.85,2.27,1.00,1.00,1.00|5.80,59.50,1.01,1.00,1.00,1.00|5.10,58.70,2.27,1.00,1.00,1.00|4.55,57.85,3.54,1.00,1.00,1.00|4.00,57.10,4.97,1.00,1.00,1.00|2.85,57.15,3.27,1.00,1.00,1.00|1.60,57.10,1.54,1.00,1.00,1.00|0.50,57.10,0.00,1.00,1.00,1.00","class":"head0"},"instance2586":{"zIndex":1,"frames":"15.60,9.55,0.00,1.00,1.00,1.00||||18.00,9.60,-15.30,1.00,1.00,1.00|20.45,9.75,-30.82,1.00,1.00,1.00|23.10,10.00,-46.25,1.00,1.00,1.00|20.60,9.80,-30.82,1.00,1.00,1.00|18.10,9.70,-15.30,1.00,1.00,1.00|15.60,9.55,0.00,1.00,1.00,1.00|||","class":"leg0"},"instance2590":{"zIndex":3,"frames":"9.40,20.50,0.00,1.00,1.00,1.00|9.40,20.25,0.00,1.00,1.00,1.00|9.40,20.00,0.00,1.00,1.00,1.00|9.40,19.75,0.00,1.00,1.00,1.00|10.90,20.70,0.27,1.00,1.00,1.00|12.50,21.75,0.54,1.00,1.00,1.00|14.10,22.80,1.01,1.00,1.00,1.00|12.55,21.80,0.54,1.00,1.00,1.00|11.00,20.80,0.27,1.00,1.00,1.00|9.40,19.75,0.00,1.00,1.00,1.00|9.40,20.00,0.00,1.00,1.00,1.00|9.40,20.25,0.00,1.00,1.00,1.00|9.40,20.50,0.00,1.00,1.00,1.00","class":"body0"},"instance2594":{"zIndex":5,"frames":"11.80,6.85,0.00,1.00,1.00,1.00||||12.75,7.80,7.56,1.00,1.00,1.00|13.80,8.80,15.32,1.00,1.00,1.00|14.85,9.85,23.21,1.00,1.00,1.00|13.75,8.90,15.32,1.00,1.00,1.00|12.70,7.85,7.56,1.00,1.00,1.00|11.80,6.85,0.00,1.00,1.00,1.00|||","class":"foot0"},"instance2598":{"zIndex":7,"frames":"9.40,15.00,17.73,1.00,1.00,1.00|9.15,15.55,28.60,1.00,1.00,1.00|8.95,16.15,39.63,1.00,1.00,1.00|8.80,16.65,50.73,1.00,1.00,1.00|10.75,16.20,22.09,1.00,1.00,1.00|13.30,15.60,-6.25,1.00,1.00,1.00|16.75,14.95,-34.75,1.00,1.00,1.00|13.35,15.50,-6.26,1.00,1.00,1.00|10.75,16.20,22.09,1.00,1.00,1.00|8.80,16.65,50.73,1.00,1.00,1.00|8.95,16.10,39.63,1.00,1.00,1.00|9.15,15.60,28.60,1.00,1.00,1.00|9.40,15.00,17.73,1.00,1.00,1.00","class":"hand3"},"instance2588":{"zIndex":2,"frames":"14.20,7.25,0.00,1.00,1.00,1.00||||17.10,7.30,-14.32,1.00,1.00,1.00|20.15,7.40,-28.85,1.00,1.00,1.00|23.40,7.60,-43.47,1.00,1.00,1.00|20.15,7.45,-28.85,1.00,1.00,1.00|17.20,7.35,-14.32,1.00,1.00,1.00|14.20,7.25,0.00,1.00,1.00,1.00|||","class":"foot0"}},"totalFrames":13,"type":"hero$action8"},"hero$action13":{"anchorX":0.55,"anchorY":0.01,"rect":"0,0,45.4,117.4","children":{"instance2130":{"zIndex":7,"frames":"19.10,17.20,17.73,1.00,1.00,1.00|||||||19.05,17.15,17.08,1.00,1.00,1.00|18.95,17.10,16.77,1.00,1.00,1.00|18.85,17.15,16.28,1.00,1.00,1.00|19.00,17.20,16.77,1.00,1.00,1.00|19.05,17.25,17.08,1.00,1.00,1.00|19.10,17.20,17.73,1.00,1.00,1.00||||18.95,17.10,16.78,1.00,1.00,1.00|18.80,17.05,15.81,1.00,1.00,1.00|18.60,17.05,15.01,1.00,1.00,1.00|18.75,17.15,15.81,1.00,1.00,1.00|18.90,17.15,16.78,1.00,1.00,1.00|19.10,17.20,17.73,1.00,1.00,1.00|18.90,17.05,16.58,1.00,1.00,1.00|18.80,17.10,15.76,1.00,1.00,1.00|18.55,17.05,14.76,1.00,1.00,1.00|18.80,17.15,15.76,1.00,1.00,1.00|18.95,17.15,16.58,1.00,1.00,1.00|19.10,17.20,17.73,1.00,1.00,1.00|19.10,17.20,17.57,1.00,1.00,1.00||19.10,17.20,17.73,1.00,1.00,1.00|||||||||||||||||||||||||||||||||||||19.10,17.20,17.57,1.00,1.00,1.00||19.10,17.20,17.73,1.00,1.00,1.00","class":"arm0"},"instance2120":{"zIndex":2,"frames":"23.05,9.05,0.00,1.00,1.00,1.00|||||||||||||||||||||||||||||||||||||||||||||||||||||||||||||||||||||","class":"leg0"},"instance2124":{"zIndex":4,"frames":"16.85,20.00,0.00,1.00,1.00,1.00|||||||16.75,19.95,-0.31,1.00,1.00,1.00|16.65,19.90,-0.80,1.00,1.00,1.00|16.50,19.90,-1.45,1.00,1.00,1.00|16.65,19.95,-0.80,1.00,1.00,1.00|16.70,20.05,-0.31,1.00,1.00,1.00|16.85,20.00,0.00,1.00,1.00,1.00||||16.65,19.90,-0.79,1.00,1.00,1.00|16.50,19.70,-1.77,1.00,1.00,1.00|16.25,19.70,-2.72,1.00,1.00,1.00|16.45,19.75,-1.77,1.00,1.00,1.00|16.65,19.90,-0.79,1.00,1.00,1.00|16.85,20.00,0.00,1.00,1.00,1.00|16.65,19.95,-0.81,1.00,1.00,1.00|16.40,19.80,-1.81,1.00,1.00,1.00|16.15,19.70,-2.97,1.00,1.00,1.00|16.40,19.80,-1.81,1.00,1.00,1.00|16.65,19.95,-0.81,1.00,1.00,1.00|16.85,20.00,0.00,1.00,1.00,1.00||||||||||||||||||||||||||||||||||||||||||","class":"body0"},"head":{"zIndex":9,"frames":"7.95,56.10,0.00,1.00,1.00,1.00|||||||7.65,56.00,-0.31,1.00,1.00,1.00|7.25,55.95,-0.80,1.00,1.00,1.00|6.70,55.75,-1.45,1.00,1.00,1.00|7.25,55.90,-0.80,1.00,1.00,1.00|7.65,56.00,-0.31,1.00,1.00,1.00|7.95,56.10,0.00,1.00,1.00,1.00||||6.35,55.50,-2.06,1.00,1.00,1.00|4.75,54.85,-4.30,1.00,1.00,1.00|3.00,54.10,-6.69,1.00,1.00,1.00|5.05,55.05,-3.79,1.00,1.00,1.00|7.05,55.85,-1.02,1.00,1.00,1.00|9.15,56.55,1.73,1.00,1.00,1.00|7.80,56.15,0.04,1.00,1.00,1.00|6.70,55.85,-1.29,1.00,1.00,1.00|5.35,55.30,-2.97,1.00,1.00,1.00|6.25,55.65,-1.81,1.00,1.00,1.00|7.15,55.85,-0.81,1.00,1.00,1.00|7.95,56.10,0.00,1.00,1.00,1.00||||||||||||||||||||||||||||||||||||||||||","class":"head9"},"instance2118":{"zIndex":1,"frames":"22.75,15.00,13.66,1.00,1.00,1.00|||||||24.40,14.20,-23.58,1.00,1.00,1.00|27.05,13.95,-61.16,1.00,1.00,1.00|30.20,14.70,-98.43,1.00,1.00,1.00|30.25,14.65,-97.01,1.00,1.00,1.00|30.25,14.50,-95.54,1.00,1.00,1.00|30.30,14.35,-94.26,1.00,1.00,1.00||||30.40,14.90,-101.77,1.00,1.00,1.00|30.60,15.45,-109.30,1.00,1.00,1.00|30.55,16.00,-116.93,1.00,1.00,1.00|30.40,15.25,-107.80,1.00,1.00,1.00|30.10,14.70,-98.78,1.00,1.00,1.00|30.10,14.15,-89.78,1.00,1.00,1.00|30.20,14.65,-98.80,1.00,1.00,1.00|30.40,15.30,-108.03,1.00,1.00,1.00|30.45,16.05,-117.18,1.00,1.00,1.00|30.35,15.35,-108.28,1.00,1.00,1.00|30.15,14.80,-99.30,1.00,1.00,1.00|30.10,14.20,-90.53,1.00,1.00,1.00|30.15,14.25,-91.76,1.00,1.00,1.00|30.25,14.30,-93.00,1.00,1.00,1.00|30.30,14.35,-94.26,1.00,1.00,1.00|||||||||||||||||||||||||||||||||||||27.20,13.80,-58.40,1.00,1.00,1.00|24.45,14.15,-22.29,1.00,1.00,1.00|22.75,15.00,13.66,1.00,1.00,1.00","class":"hand4"},"instance2128":{"zIndex":6,"frames":"19.25,6.35,0.00,1.00,1.00,1.00|||||||||||||||||||||||||||||||||||||||||||||||||||||||||||||||||||||","class":"foot0"},"instance2132":{"zIndex":8,"frames":"16.85,14.50,17.73,1.00,1.00,1.00|||||||16.80,14.45,17.08,1.00,1.00,1.00|16.75,14.40,16.77,1.00,1.00,1.00|16.65,14.40,16.28,1.00,1.00,1.00|16.70,14.45,16.77,1.00,1.00,1.00|16.75,14.55,17.08,1.00,1.00,1.00|16.85,14.50,17.73,1.00,1.00,1.00||||16.75,14.35,16.78,1.00,1.00,1.00|16.65,14.30,15.81,1.00,1.00,1.00|16.50,14.20,15.01,1.00,1.00,1.00|16.60,14.30,15.81,1.00,1.00,1.00|16.75,14.40,16.78,1.00,1.00,1.00|16.85,14.50,17.73,1.00,1.00,1.00|16.75,14.40,16.58,1.00,1.00,1.00|16.60,14.25,15.76,1.00,1.00,1.00|16.45,14.20,14.76,1.00,1.00,1.00|16.60,14.30,15.76,1.00,1.00,1.00|16.75,14.40,16.58,1.00,1.00,1.00|16.85,14.50,17.73,1.00,1.00,1.00|16.85,14.45,17.57,1.00,1.00,1.00||16.85,14.50,17.73,1.00,1.00,1.00|||||||||||||||||||||||||||||||||||||16.85,14.45,17.57,1.00,1.00,1.00||16.85,14.50,17.73,1.00,1.00,1.00","class":"hand3"},"instance2122":{"zIndex":3,"frames":"21.65,6.75,0.00,1.00,1.00,1.00|||||||||||||||||||||||||||||||||||||||||||||||||||||||||||||||||||||","class":"foot0"},"instance2116":{"zIndex":0,"frames":"24.85,18.00,13.66,1.00,1.00,1.00|||||||25.00,16.85,-23.58,1.00,1.00,1.00|25.65,16.00,-61.16,1.00,1.00,1.00|26.80,15.60,-98.43,1.00,1.00,1.00|26.85,15.55,-97.01,1.00,1.00,1.00|26.85,15.50,-95.54,1.00,1.00,1.00|26.90,15.45,-94.26,1.00,1.00,1.00||||26.95,15.55,-101.77,1.00,1.00,1.00|27.05,15.60,-109.30,1.00,1.00,1.00|27.00,15.60,-116.93,1.00,1.00,1.00|26.90,15.50,-107.80,1.00,1.00,1.00|26.85,15.45,-98.78,1.00,1.00,1.00|26.80,15.50,-89.78,1.00,1.00,1.00|26.85,15.55,-98.80,1.00,1.00,1.00|26.90,15.65,-108.03,1.00,1.00,1.00|26.90,15.65,-117.18,1.00,1.00,1.00|26.80,15.55,-108.28,1.00,1.00,1.00|26.75,15.55,-99.30,1.00,1.00,1.00|26.75,15.50,-90.53,1.00,1.00,1.00|26.80,15.45,-91.76,1.00,1.00,1.00|26.85,15.45,-93.00,1.00,1.00,1.00|26.90,15.45,-94.26,1.00,1.00,1.00|||||||||||||||||||||||||||||||||||||25.90,15.90,-58.40,1.00,1.00,1.00|25.05,16.75,-22.29,1.00,1.00,1.00|24.85,18.00,13.66,1.00,1.00,1.00","class":"arm0"},"instance2126":{"zIndex":5,"frames":"20.65,8.65,0.00,1.00,1.00,1.00|||||||||||||||||||||||||||||||||||||||||||||||||||||||||||||||||||||","class":"leg0"},"instance5298":{"zIndex":10,"frames":"null|||||||24.85,71.50,0.00,0.25,0.25,1.00|23.25,76.05,0.00,0.57,0.57,1.00|21.65,80.60,0.00,0.88,0.88,1.00|20.15,85.00,0.00,1.20,1.20,1.00|20.50,84.05,0.00,1.13,1.13,1.00|20.85,83.10,0.00,1.07,1.07,1.00|21.15,82.15,0.00,1.00,1.00,1.00||||||||||||||||||||||||||||||||||||||||||||||||||||||23.00,76.80,0.00,0.63,0.63,1.00|24.85,71.50,0.00,0.25,0.25,1.00|null","class":"ffaefe"}},"totalFrames":70,"type":"hero$action13"}}}