<?xml version="1.0" encoding="UTF-8"?>
<TextureAtlas imagePath="sprites.png">
	<!--
	Created with ShoeBox
	http://renderhjs.net/shoebox/
	-->
	<SubTexture name="10d.png"	x="0"	y="160"	width="70"	height="79" frameX="-0" frameY="-0" frameWidth="70" frameHeight="79"/>
	<SubTexture name="10o.png"	x="0"	y="240"	width="70"	height="79" frameX="-0" frameY="-0" frameWidth="70" frameHeight="79"/>
	<SubTexture name="11d.png"	x="71"	y="640"	width="70"	height="79" frameX="-0" frameY="-0" frameWidth="70" frameHeight="79"/>
	<SubTexture name="11o.png"	x="426"	y="80"	width="70"	height="79" frameX="-0" frameY="-0" frameWidth="70" frameHeight="79"/>
	<SubTexture name="12d.png"	x="426"	y="0"	width="70"	height="79" frameX="-0" frameY="-0" frameWidth="70" frameHeight="79"/>
	<SubTexture name="12o.png"	x="426"	y="720"	width="70"	height="79" frameX="-0" frameY="-0" frameWidth="70" frameHeight="79"/>
	<SubTexture name="13d.png"	x="426"	y="640"	width="70"	height="79" frameX="-0" frameY="-0" frameWidth="70" frameHeight="79"/>
	<SubTexture name="13o.png"	x="781"	y="480"	width="70"	height="79" frameX="-0" frameY="-0" frameWidth="70" frameHeight="79"/>
	<SubTexture name="14d.png"	x="781"	y="400"	width="70"	height="79" frameX="-0" frameY="-0" frameWidth="70" frameHeight="79"/>
	<SubTexture name="14o.png"	x="781"	y="320"	width="70"	height="79" frameX="-0" frameY="-0" frameWidth="70" frameHeight="79"/>
	<SubTexture name="15d.png"	x="781"	y="240"	width="70"	height="79" frameX="-0" frameY="-0" frameWidth="70" frameHeight="79"/>
	<SubTexture name="15o.png"	x="781"	y="160"	width="70"	height="79" frameX="-0" frameY="-0" frameWidth="70" frameHeight="79"/>
	<SubTexture name="16d.png"	x="781"	y="80"	width="70"	height="79" frameX="-0" frameY="-0" frameWidth="70" frameHeight="79"/>
	<SubTexture name="16o.png"	x="781"	y="0"	width="70"	height="79" frameX="-0" frameY="-0" frameWidth="70" frameHeight="79"/>
	<SubTexture name="17d.png"	x="710"	y="880"	width="70"	height="79" frameX="-0" frameY="-0" frameWidth="70" frameHeight="79"/>
	<SubTexture name="17o.png"	x="710"	y="800"	width="70"	height="79" frameX="-0" frameY="-0" frameWidth="70" frameHeight="79"/>
	<SubTexture name="18d.png"	x="710"	y="720"	width="70"	height="79" frameX="-0" frameY="-0" frameWidth="70" frameHeight="79"/>
	<SubTexture name="18o.png"	x="710"	y="640"	width="70"	height="79" frameX="-0" frameY="-0" frameWidth="70" frameHeight="79"/>
	<SubTexture name="19d.png"	x="710"	y="560"	width="70"	height="79" frameX="-0" frameY="-0" frameWidth="70" frameHeight="79"/>
	<SubTexture name="19o.png"	x="710"	y="480"	width="70"	height="79" frameX="-0" frameY="-0" frameWidth="70" frameHeight="79"/>
	<SubTexture name="1d.png"	x="710"	y="400"	width="70"	height="79" frameX="-0" frameY="-0" frameWidth="70" frameHeight="79"/>
	<SubTexture name="1o.png"	x="710"	y="320"	width="70"	height="79" frameX="-0" frameY="-0" frameWidth="70" frameHeight="79"/>
	<SubTexture name="20d.png"	x="710"	y="240"	width="70"	height="79" frameX="-0" frameY="-0" frameWidth="70" frameHeight="79"/>
	<SubTexture name="20o.png"	x="710"	y="160"	width="70"	height="79" frameX="-0" frameY="-0" frameWidth="70" frameHeight="79"/>
	<SubTexture name="21d.png"	x="710"	y="80"	width="70"	height="79" frameX="-0" frameY="-0" frameWidth="70" frameHeight="79"/>
	<SubTexture name="21o.png"	x="710"	y="0"	width="70"	height="79" frameX="-0" frameY="-0" frameWidth="70" frameHeight="79"/>
	<SubTexture name="22d.png"	x="639"	y="880"	width="70"	height="79" frameX="-0" frameY="-0" frameWidth="70" frameHeight="79"/>
	<SubTexture name="22o.png"	x="639"	y="800"	width="70"	height="79" frameX="-0" frameY="-0" frameWidth="70" frameHeight="79"/>
	<SubTexture name="23d.png"	x="639"	y="720"	width="70"	height="79" frameX="-0" frameY="-0" frameWidth="70" frameHeight="79"/>
	<SubTexture name="23o.png"	x="639"	y="640"	width="70"	height="79" frameX="-0" frameY="-0" frameWidth="70" frameHeight="79"/>
	<SubTexture name="24d.png"	x="639"	y="560"	width="70"	height="79" frameX="-0" frameY="-0" frameWidth="70" frameHeight="79"/>
	<SubTexture name="24o.png"	x="639"	y="480"	width="70"	height="79" frameX="-0" frameY="-0" frameWidth="70" frameHeight="79"/>
	<SubTexture name="25d.png"	x="639"	y="400"	width="70"	height="79" frameX="-0" frameY="-0" frameWidth="70" frameHeight="79"/>
	<SubTexture name="25o.png"	x="639"	y="320"	width="70"	height="79" frameX="-0" frameY="-0" frameWidth="70" frameHeight="79"/>
	<SubTexture name="26d.png"	x="639"	y="240"	width="70"	height="79" frameX="-0" frameY="-0" frameWidth="70" frameHeight="79"/>
	<SubTexture name="26o.png"	x="639"	y="160"	width="70"	height="79" frameX="-0" frameY="-0" frameWidth="70" frameHeight="79"/>
	<SubTexture name="27d.png"	x="639"	y="80"	width="70"	height="79" frameX="-0" frameY="-0" frameWidth="70" frameHeight="79"/>
	<SubTexture name="27o.png"	x="639"	y="0"	width="70"	height="79" frameX="-0" frameY="-0" frameWidth="70" frameHeight="79"/>
	<SubTexture name="28d.png"	x="568"	y="880"	width="70"	height="79" frameX="-0" frameY="-0" frameWidth="70" frameHeight="79"/>
	<SubTexture name="28o.png"	x="568"	y="800"	width="70"	height="79" frameX="-0" frameY="-0" frameWidth="70" frameHeight="79"/>
	<SubTexture name="29d.png"	x="568"	y="720"	width="70"	height="79" frameX="-0" frameY="-0" frameWidth="70" frameHeight="79"/>
	<SubTexture name="29o.png"	x="568"	y="640"	width="70"	height="79" frameX="-0" frameY="-0" frameWidth="70" frameHeight="79"/>
	<SubTexture name="2d.png"	x="568"	y="560"	width="70"	height="79" frameX="-0" frameY="-0" frameWidth="70" frameHeight="79"/>
	<SubTexture name="2o.png"	x="568"	y="480"	width="70"	height="79" frameX="-0" frameY="-0" frameWidth="70" frameHeight="79"/>
	<SubTexture name="30d.png"	x="568"	y="400"	width="70"	height="79" frameX="-0" frameY="-0" frameWidth="70" frameHeight="79"/>
	<SubTexture name="30o.png"	x="568"	y="320"	width="70"	height="79" frameX="-0" frameY="-0" frameWidth="70" frameHeight="79"/>
	<SubTexture name="31d.png"	x="568"	y="240"	width="70"	height="79" frameX="-0" frameY="-0" frameWidth="70" frameHeight="79"/>
	<SubTexture name="31o.png"	x="568"	y="160"	width="70"	height="79" frameX="-0" frameY="-0" frameWidth="70" frameHeight="79"/>
	<SubTexture name="32d.png"	x="568"	y="80"	width="70"	height="79" frameX="-0" frameY="-0" frameWidth="70" frameHeight="79"/>
	<SubTexture name="32o.png"	x="568"	y="0"	width="70"	height="79" frameX="-0" frameY="-0" frameWidth="70" frameHeight="79"/>
	<SubTexture name="33d.png"	x="497"	y="880"	width="70"	height="79" frameX="-0" frameY="-0" frameWidth="70" frameHeight="79"/>
	<SubTexture name="33o.png"	x="497"	y="800"	width="70"	height="79" frameX="-0" frameY="-0" frameWidth="70" frameHeight="79"/>
	<SubTexture name="34d.png"	x="497"	y="720"	width="70"	height="79" frameX="-0" frameY="-0" frameWidth="70" frameHeight="79"/>
	<SubTexture name="34o.png"	x="497"	y="640"	width="70"	height="79" frameX="-0" frameY="-0" frameWidth="70" frameHeight="79"/>
	<SubTexture name="35d.png"	x="497"	y="560"	width="70"	height="79" frameX="-0" frameY="-0" frameWidth="70" frameHeight="79"/>
	<SubTexture name="35o.png"	x="497"	y="480"	width="70"	height="79" frameX="-0" frameY="-0" frameWidth="70" frameHeight="79"/>
	<SubTexture name="36d.png"	x="497"	y="400"	width="70"	height="79" frameX="-0" frameY="-0" frameWidth="70" frameHeight="79"/>
	<SubTexture name="36o.png"	x="497"	y="320"	width="70"	height="79" frameX="-0" frameY="-0" frameWidth="70" frameHeight="79"/>
	<SubTexture name="37d.png"	x="497"	y="240"	width="70"	height="79" frameX="-0" frameY="-0" frameWidth="70" frameHeight="79"/>
	<SubTexture name="37o.png"	x="497"	y="160"	width="70"	height="79" frameX="-0" frameY="-0" frameWidth="70" frameHeight="79"/>
	<SubTexture name="38d.png"	x="497"	y="80"	width="70"	height="79" frameX="-0" frameY="-0" frameWidth="70" frameHeight="79"/>
	<SubTexture name="38o.png"	x="497"	y="0"	width="70"	height="79" frameX="-0" frameY="-0" frameWidth="70" frameHeight="79"/>
	<SubTexture name="39d.png"	x="426"	y="880"	width="70"	height="79" frameX="-0" frameY="-0" frameWidth="70" frameHeight="79"/>
	<SubTexture name="39o.png"	x="426"	y="800"	width="70"	height="79" frameX="-0" frameY="-0" frameWidth="70" frameHeight="79"/>
	<SubTexture name="3d.png"	x="71"	y="720"	width="70"	height="79" frameX="-0" frameY="-0" frameWidth="70" frameHeight="79"/>
	<SubTexture name="3o.png"	x="781"	y="560"	width="70"	height="79" frameX="-0" frameY="-0" frameWidth="70" frameHeight="79"/>
	<SubTexture name="40d.png"	x="426"	y="560"	width="70"	height="79" frameX="-0" frameY="-0" frameWidth="70" frameHeight="79"/>
	<SubTexture name="40o.png"	x="426"	y="480"	width="70"	height="79" frameX="-0" frameY="-0" frameWidth="70" frameHeight="79"/>
	<SubTexture name="41d.png"	x="426"	y="400"	width="70"	height="79" frameX="-0" frameY="-0" frameWidth="70" frameHeight="79"/>
	<SubTexture name="41o.png"	x="426"	y="320"	width="70"	height="79" frameX="-0" frameY="-0" frameWidth="70" frameHeight="79"/>
	<SubTexture name="42d.png"	x="426"	y="240"	width="70"	height="79" frameX="-0" frameY="-0" frameWidth="70" frameHeight="79"/>
	<SubTexture name="42o.png"	x="426"	y="160"	width="70"	height="79" frameX="-0" frameY="-0" frameWidth="70" frameHeight="79"/>
	<SubTexture name="43d.png"	x="0"	y="80"	width="70"	height="79" frameX="-0" frameY="-0" frameWidth="70" frameHeight="79"/>
	<SubTexture name="43o.png"	x="0"	y="0"	width="70"	height="79" frameX="-0" frameY="-0" frameWidth="70" frameHeight="79"/>
	<SubTexture name="44d.png"	x="355"	y="880"	width="70"	height="79" frameX="-0" frameY="-0" frameWidth="70" frameHeight="79"/>
	<SubTexture name="44o.png"	x="355"	y="800"	width="70"	height="79" frameX="-0" frameY="-0" frameWidth="70" frameHeight="79"/>
	<SubTexture name="45d.png"	x="355"	y="720"	width="70"	height="79" frameX="-0" frameY="-0" frameWidth="70" frameHeight="79"/>
	<SubTexture name="45o.png"	x="355"	y="640"	width="70"	height="79" frameX="-0" frameY="-0" frameWidth="70" frameHeight="79"/>
	<SubTexture name="46d.png"	x="355"	y="560"	width="70"	height="79" frameX="-0" frameY="-0" frameWidth="70" frameHeight="79"/>
	<SubTexture name="46o.png"	x="355"	y="480"	width="70"	height="79" frameX="-0" frameY="-0" frameWidth="70" frameHeight="79"/>
	<SubTexture name="47d.png"	x="355"	y="400"	width="70"	height="79" frameX="-0" frameY="-0" frameWidth="70" frameHeight="79"/>
	<SubTexture name="47o.png"	x="355"	y="320"	width="70"	height="79" frameX="-0" frameY="-0" frameWidth="70" frameHeight="79"/>
	<SubTexture name="48d.png"	x="355"	y="240"	width="70"	height="79" frameX="-0" frameY="-0" frameWidth="70" frameHeight="79"/>
	<SubTexture name="48o.png"	x="355"	y="160"	width="70"	height="79" frameX="-0" frameY="-0" frameWidth="70" frameHeight="79"/>
	<SubTexture name="49d.png"	x="355"	y="80"	width="70"	height="79" frameX="-0" frameY="-0" frameWidth="70" frameHeight="79"/>
	<SubTexture name="49o.png"	x="355"	y="0"	width="70"	height="79" frameX="-0" frameY="-0" frameWidth="70" frameHeight="79"/>
	<SubTexture name="4d.png"	x="284"	y="880"	width="70"	height="79" frameX="-0" frameY="-0" frameWidth="70" frameHeight="79"/>
	<SubTexture name="4o.png"	x="284"	y="800"	width="70"	height="79" frameX="-0" frameY="-0" frameWidth="70" frameHeight="79"/>
	<SubTexture name="50d.png"	x="284"	y="720"	width="70"	height="79" frameX="-0" frameY="-0" frameWidth="70" frameHeight="79"/>
	<SubTexture name="50o.png"	x="284"	y="640"	width="70"	height="79" frameX="-0" frameY="-0" frameWidth="70" frameHeight="79"/>
	<SubTexture name="51d.png"	x="284"	y="560"	width="70"	height="79" frameX="-0" frameY="-0" frameWidth="70" frameHeight="79"/>
	<SubTexture name="51o.png"	x="284"	y="480"	width="70"	height="79" frameX="-0" frameY="-0" frameWidth="70" frameHeight="79"/>
	<SubTexture name="52d.png"	x="284"	y="400"	width="70"	height="79" frameX="-0" frameY="-0" frameWidth="70" frameHeight="79"/>
	<SubTexture name="52o.png"	x="284"	y="320"	width="70"	height="79" frameX="-0" frameY="-0" frameWidth="70" frameHeight="79"/>
	<SubTexture name="53d.png"	x="284"	y="240"	width="70"	height="79" frameX="-0" frameY="-0" frameWidth="70" frameHeight="79"/>
	<SubTexture name="53o.png"	x="284"	y="160"	width="70"	height="79" frameX="-0" frameY="-0" frameWidth="70" frameHeight="79"/>
	<SubTexture name="54d.png"	x="284"	y="80"	width="70"	height="79" frameX="-0" frameY="-0" frameWidth="70" frameHeight="79"/>
	<SubTexture name="54o.png"	x="284"	y="0"	width="70"	height="79" frameX="-0" frameY="-0" frameWidth="70" frameHeight="79"/>
	<SubTexture name="55d.png"	x="213"	y="880"	width="70"	height="79" frameX="-0" frameY="-0" frameWidth="70" frameHeight="79"/>
	<SubTexture name="55o.png"	x="213"	y="800"	width="70"	height="79" frameX="-0" frameY="-0" frameWidth="70" frameHeight="79"/>
	<SubTexture name="56d.png"	x="213"	y="720"	width="70"	height="79" frameX="-0" frameY="-0" frameWidth="70" frameHeight="79"/>
	<SubTexture name="56o.png"	x="213"	y="640"	width="70"	height="79" frameX="-0" frameY="-0" frameWidth="70" frameHeight="79"/>
	<SubTexture name="57d.png"	x="213"	y="560"	width="70"	height="79" frameX="-0" frameY="-0" frameWidth="70" frameHeight="79"/>
	<SubTexture name="57o.png"	x="213"	y="480"	width="70"	height="79" frameX="-0" frameY="-0" frameWidth="70" frameHeight="79"/>
	<SubTexture name="58d.png"	x="213"	y="400"	width="70"	height="79" frameX="-0" frameY="-0" frameWidth="70" frameHeight="79"/>
	<SubTexture name="58o.png"	x="213"	y="320"	width="70"	height="79" frameX="-0" frameY="-0" frameWidth="70" frameHeight="79"/>
	<SubTexture name="59d.png"	x="213"	y="240"	width="70"	height="79" frameX="-0" frameY="-0" frameWidth="70" frameHeight="79"/>
	<SubTexture name="59o.png"	x="213"	y="160"	width="70"	height="79" frameX="-0" frameY="-0" frameWidth="70" frameHeight="79"/>
	<SubTexture name="5d.png"	x="213"	y="80"	width="70"	height="79" frameX="-0" frameY="-0" frameWidth="70" frameHeight="79"/>
	<SubTexture name="5o.png"	x="213"	y="0"	width="70"	height="79" frameX="-0" frameY="-0" frameWidth="70" frameHeight="79"/>
	<SubTexture name="60d.png"	x="142"	y="889"	width="70"	height="79" frameX="-0" frameY="-0" frameWidth="70" frameHeight="79"/>
	<SubTexture name="60o.png"	x="142"	y="809"	width="70"	height="79" frameX="-0" frameY="-0" frameWidth="70" frameHeight="79"/>
	<SubTexture name="6d.png"	x="142"	y="729"	width="70"	height="79" frameX="-0" frameY="-0" frameWidth="70" frameHeight="79"/>
	<SubTexture name="6o.png"	x="142"	y="649"	width="70"	height="79" frameX="-0" frameY="-0" frameWidth="70" frameHeight="79"/>
	<SubTexture name="7d.png"	x="142"	y="569"	width="70"	height="79" frameX="-0" frameY="-0" frameWidth="70" frameHeight="79"/>
	<SubTexture name="7o.png"	x="142"	y="489"	width="70"	height="79" frameX="-0" frameY="-0" frameWidth="70" frameHeight="79"/>
	<SubTexture name="8d.png"	x="142"	y="409"	width="70"	height="79" frameX="-0" frameY="-0" frameWidth="70" frameHeight="79"/>
	<SubTexture name="8o.png"	x="142"	y="329"	width="70"	height="79" frameX="-0" frameY="-0" frameWidth="70" frameHeight="79"/>
	<SubTexture name="9d.png"	x="142"	y="249"	width="70"	height="79" frameX="-0" frameY="-0" frameWidth="70" frameHeight="79"/>
	<SubTexture name="9o.png"	x="142"	y="169"	width="70"	height="79" frameX="-0" frameY="-0" frameWidth="70" frameHeight="79"/>
	<SubTexture name="down.png"	x="142"	y="89"	width="70"	height="79" frameX="-0" frameY="-0" frameWidth="70" frameHeight="79"/>
	<SubTexture name="hand-cursor-move.png"	x="142"	y="0"	width="70"	height="88" frameX="-0" frameY="-0" frameWidth="70" frameHeight="88"/>
	<SubTexture name="hand-cursor-tap.png"	x="71"	y="889"	width="70"	height="88" frameX="-0" frameY="-0" frameWidth="70" frameHeight="88"/>
	<SubTexture name="hand-cursor.png"	x="71"	y="800"	width="70"	height="88" frameX="-0" frameY="-0" frameWidth="70" frameHeight="88"/>
	<SubTexture name="home-down.png"	x="781"	y="640"	width="60"	height="68" frameX="-0" frameY="-0" frameWidth="60" frameHeight="68"/>
	<SubTexture name="home-out.png"	x="781"	y="709"	width="60"	height="68" frameX="-0" frameY="-0" frameWidth="60" frameHeight="68"/>
	<SubTexture name="locked.png"	x="71"	y="560"	width="70"	height="79" frameX="-0" frameY="-0" frameWidth="70" frameHeight="79"/>
	<SubTexture name="menu-down.png"	x="71"	y="480"	width="70"	height="79" frameX="-0" frameY="-0" frameWidth="70" frameHeight="79"/>
	<SubTexture name="menu-out.png"	x="71"	y="400"	width="70"	height="79" frameX="-0" frameY="-0" frameWidth="70" frameHeight="79"/>
	<SubTexture name="moregames-down.png"	x="71"	y="320"	width="70"	height="79" frameX="-0" frameY="-0" frameWidth="70" frameHeight="79"/>
	<SubTexture name="moregames-out.png"	x="71"	y="240"	width="70"	height="79" frameX="-0" frameY="-0" frameWidth="70" frameHeight="79"/>
	<SubTexture name="nav-down-down.png"	x="71"	y="160"	width="70"	height="79" frameX="-0" frameY="-0" frameWidth="70" frameHeight="79"/>
	<SubTexture name="nav-down-out.png"	x="71"	y="80"	width="70"	height="79" frameX="-0" frameY="-0" frameWidth="70" frameHeight="79"/>
	<SubTexture name="nav-up-down.png"	x="71"	y="0"	width="70"	height="79" frameX="-0" frameY="-0" frameWidth="70" frameHeight="79"/>
	<SubTexture name="nav-up-out.png"	x="0"	y="880"	width="70"	height="79" frameX="-0" frameY="-0" frameWidth="70" frameHeight="79"/>
	<SubTexture name="out.png"	x="0"	y="800"	width="70"	height="79" frameX="-0" frameY="-0" frameWidth="70" frameHeight="79"/>
	<SubTexture name="pause-down.png"	x="0"	y="720"	width="70"	height="79" frameX="-0" frameY="-0" frameWidth="70" frameHeight="79"/>
	<SubTexture name="pause-out.png"	x="0"	y="640"	width="70"	height="79" frameX="-0" frameY="-0" frameWidth="70" frameHeight="79"/>
	<SubTexture name="play-down.png"	x="0"	y="560"	width="70"	height="79" frameX="-0" frameY="-0" frameWidth="70" frameHeight="79"/>
	<SubTexture name="play-out.png"	x="0"	y="480"	width="70"	height="79" frameX="-0" frameY="-0" frameWidth="70" frameHeight="79"/>
	<SubTexture name="replay-down.png"	x="0"	y="400"	width="70"	height="79" frameX="-0" frameY="-0" frameWidth="70" frameHeight="79"/>
	<SubTexture name="replay-out.png"	x="0"	y="320"	width="70"	height="79" frameX="-0" frameY="-0" frameWidth="70" frameHeight="79"/>
	<SubTexture name="sfx-off-down.png"	x="781"	y="778"	width="60"	height="69" frameX="-0" frameY="-0" frameWidth="60" frameHeight="69"/>
	<SubTexture name="sfx-off-out.png"	x="0"	y="960"	width="60"	height="61" frameX="-0" frameY="-0" frameWidth="60" frameHeight="61"/>
	<SubTexture name="sfx-on-down.png"	x="781"	y="848"	width="60"	height="69" frameX="-0" frameY="-0" frameWidth="60" frameHeight="69"/>
	<SubTexture name="sfx-on-out.png"	x="213"	y="960"	width="60"	height="61" frameX="-0" frameY="-0" frameWidth="60" frameHeight="61"/>
</TextureAtlas>