{"displays":{"Bomb4_":{"type":"Bomb4_","start":40,"end":40,"anchorX":0.51,"anchorY":0.51},"Bomb10_":{"type":"Bomb10_","start":4,"end":4,"anchorX":0.5,"anchorY":0.49},"Bomb7_":{"start":46,"anchorY":0.62,"end":46,"anchorX":0.64,"anchors":{"sparkle":"62.85,89.15,3"},"type":"Bomb7_"},"Bomb0":{"type":"Bomb0","start":0,"end":0,"anchorX":0.51,"anchorY":0.5},"Bomb9_":{"type":"Bomb9_","start":50,"end":50,"anchorX":0.54,"anchorY":0.51},"Bomb6":{"type":"Bomb6","start":43,"end":43,"anchorX":0.49,"anchorY":0.42},"sprite783aaaa":{"type":"sprite783aaaa","start":53,"end":53,"anchorX":0.79,"anchorY":0.29},"Bomb15":{"type":"Bomb15","start":28,"end":28,"anchorX":0.49,"anchorY":0.49},"Bomb10":{"type":"Bomb10","start":3,"end":3,"anchorX":0.53,"anchorY":0.46},"Bomb17_":{"type":"Bomb17_","start":33,"end":33,"anchorX":0.2,"anchorY":0.77},"Bomb3":{"type":"Bomb3","start":37,"end":37,"anchorX":0.51,"anchorY":0.5},"Bomb12":{"type":"Bomb12","start":7,"end":7,"anchorX":0.52,"anchorY":0.5},"Bomb17":{"type":"Bomb17","start":32,"end":32,"anchorX":0.51,"anchorY":0.5},"Bomb1":{"type":"Bomb1","start":2,"end":2,"anchorX":0.51,"anchorY":0.5},"Bomb2_":{"start":36,"anchorY":0.42,"end":36,"anchorX":0.5,"anchors":{"sparkle":"74.00,94.05,1"},"type":"Bomb2_"},"Bomb3_":{"start":38,"anchorY":0.47,"end":38,"anchorX":0.5,"anchors":{"sparkle":"53.30,105.05,1"},"type":"Bomb3_"},"Bomb6_":{"start":44,"anchorY":0.6,"end":44,"anchorX":0.61,"anchors":{"sparkle":"63.20,89.30,3"},"type":"Bomb6_"},"Bomb11_":{"type":"Bomb11_","start":6,"end":6,"anchorX":0.52,"anchorY":0.51},"Bomb8_":{"start":48,"anchorY":0.59,"end":48,"anchorX":0.57,"anchors":{"sparkle":"63.40,89.45,3"},"type":"Bomb8_"},"Bomb12_":{"type":"Bomb12_","start":8,"end":8,"anchorX":0.49,"anchorY":0.53},"Bomb14_":{"type":"Bomb14_","start":12,"end":27,"anchorX":0.56,"anchorY":0.03},"Bomb5_":{"type":"Bomb5_","start":42,"end":42,"anchorX":0.5,"anchorY":0.49},"Bomb13_":{"type":"Bomb13_","start":10,"end":10,"anchorX":0.49,"anchorY":0.46},"Bomb11":{"type":"Bomb11","start":5,"end":5,"anchorX":0.5,"anchorY":0.5},"SparkleEffect":{"type":"SparkleEffect","start":51,"end":52,"anchorX":0.5,"anchorY":0.51},"Bomb9":{"type":"Bomb9","start":49,"end":49,"anchorX":0.52,"anchorY":0.46},"Bomb14":{"type":"Bomb14","start":11,"end":11,"anchorX":0.51,"anchorY":0.46},"Bomb0_":{"start":1,"anchorY":0.5,"end":1,"anchorX":0.54,"anchors":{"sparkle":"74.10,93.05,1"},"type":"Bomb0_"},"Bomb2":{"type":"Bomb2","start":35,"end":35,"anchorX":0.51,"anchorY":0.5},"Bomb4":{"type":"Bomb4","start":39,"end":39,"anchorX":0.51,"anchorY":0.5},"Bomb16":{"type":"Bomb16","start":30,"end":30,"anchorX":0.49,"anchorY":0.49},"Bomb1_":{"start":34,"anchorY":0.52,"end":34,"anchorX":0.5,"anchors":{"sparkle":"82.50,104.15,1"},"type":"Bomb1_"},"Bomb7":{"type":"Bomb7","start":45,"end":45,"anchorX":0.48,"anchorY":0.44},"Bomb16_":{"type":"Bomb16_","start":31,"end":31,"anchorX":0.52,"anchorY":0.54},"Bomb13":{"type":"Bomb13","start":9,"end":9,"anchorX":0.54,"anchorY":0.49},"Bomb15_":{"type":"Bomb15_","start":29,"end":29,"anchorX":0.5,"anchorY":0.51},"Bomb5":{"type":"Bomb5","start":41,"end":41,"anchorX":0.51,"anchorY":0.5},"Bomb8":{"type":"Bomb8","start":47,"end":47,"anchorX":0.48,"anchorY":0.42}},"metadata":{"textureFileName":"bombs1.png","realTextureFileName":"bombs1.png","format":2,"size":"{1000,700}"},"frames":{"bombs1_000013":{"frame":"{{381,213},{94,84}}","offset":"{1.58,-18.35}","rotated":false,"sourceSize":"{102.35,112.7}"},"bombs1_000026":{"frame":"{{851,213},{94,74}}","offset":"{5.18,-23.00}","rotated":false,"sourceSize":"{102.35,112.7}"},"bombs1_000003":{"frame":"{{382,0},{98,99}}","offset":"{2.00,-2.00}","rotated":false,"sourceSize":"{94,95}"},"bombs1_000048":{"frame":"{{0,507},{72,91}}","offset":"{2.00,-2.00}","rotated":false,"sourceSize":"{68,87}"},"bombs1_000001":{"frame":"{{162,310},{82,99}}","offset":"{2.00,-2.00}","rotated":false,"sourceSize":"{78,95}"},"bombs1_000021":{"frame":"{{475,213},{94,80}}","offset":"{5.18,-20.15}","rotated":false,"sourceSize":"{102.35,112.7}"},"bombs1_000051":{"frame":"{{578,417},{37,33}}","offset":"{2.00,-2.00}","rotated":false,"sourceSize":"{33,29}"},"bombs1_000016":{"frame":"{{569,213},{94,77}}","offset":"{3.28,-21.00}","rotated":false,"sourceSize":"{102.35,112.7}"},"bombs1_000011":{"frame":"{{194,116},{97,97}}","offset":"{2.00,-2.00}","rotated":false,"sourceSize":"{93,93}"},"bombs1_000014":{"frame":"{{0,0},{92,116}}","offset":"{-5.17,-1.65}","rotated":false,"sourceSize":"{102.35,112.7}"},"bombs1_000023":{"frame":"{{791,310},{94,67}}","offset":"{6.18,-26.30}","rotated":false,"sourceSize":"{102.35,112.7}"},"bombs1_000038":{"frame":"{{0,310},{80,107}}","offset":"{2.00,-2.00}","rotated":false,"sourceSize":"{76,103}"},"bombs1_000042":{"frame":"{{191,213},{96,88}}","offset":"{2.00,-2.00}","rotated":false,"sourceSize":"{92,84}"},"bombs1_000040":{"frame":"{{94,213},{97,89}}","offset":"{2.00,-2.00}","rotated":false,"sourceSize":"{93,85}"},"bombs1_000044":{"frame":"{{224,417},{70,90}}","offset":"{2.00,-2.00}","rotated":false,"sourceSize":"{66,86}"},"bombs1_000030":{"frame":"{{480,0},{98,98}}","offset":"{2.00,-2.00}","rotated":false,"sourceSize":"{94,94}"},"bombs1_000034":{"frame":"{{92,0},{91,111}}","offset":"{2.00,-2.00}","rotated":false,"sourceSize":"{87,107}"},"bombs1_000018":{"frame":"{{697,310},{94,67}}","offset":"{6.18,-26.40}","rotated":false,"sourceSize":"{102.35,112.7}"},"bombs1_000036":{"frame":"{{80,310},{82,100}}","offset":"{2.00,-2.00}","rotated":false,"sourceSize":"{78,96}"},"bombs1_000050":{"frame":"{{75,417},{75,90}}","offset":"{2.00,-2.00}","rotated":false,"sourceSize":"{71,86}"},"bombs1_000015":{"frame":"{{0,213},{94,97}}","offset":"{-0.87,-11.30}","rotated":false,"sourceSize":"{102.35,112.7}"},"bombs1_000047":{"frame":"{{873,116},{97,97}}","offset":"{2.00,-2.00}","rotated":false,"sourceSize":"{93,93}"},"bombs1_000010":{"frame":"{{364,417},{75,67}}","offset":"{2.00,-2.00}","rotated":false,"sourceSize":"{71,63}"},"bombs1_000008":{"frame":"{{325,310},{90,80}}","offset":"{2.00,-2.00}","rotated":false,"sourceSize":"{86,76}"},"bombs1_000032":{"frame":"{{291,116},{97,97}}","offset":"{2.00,-2.00}","rotated":false,"sourceSize":"{93,93}"},"bombs1_000028":{"frame":"{{183,0},{100,100}}","offset":"{2.00,-2.00}","rotated":false,"sourceSize":"{96,96}"},"bombs1_000046":{"frame":"{{294,417},{70,90}}","offset":"{2.00,-2.00}","rotated":false,"sourceSize":"{66,86}"},"bombs1_000025":{"frame":"{{509,310},{94,72}}","offset":"{6.18,-24.30}","rotated":false,"sourceSize":"{102.35,112.7}"},"bombs1_000006":{"frame":"{{0,417},{75,90}}","offset":"{2.00,-2.00}","rotated":false,"sourceSize":"{71,86}"},"bombs1_000000":{"frame":"{{774,0},{97,97}}","offset":"{2.00,-2.00}","rotated":false,"sourceSize":"{93,93}"},"bombs1_000004":{"frame":"{{150,417},{74,90}}","offset":"{2.00,-2.00}","rotated":false,"sourceSize":"{70,86}"},"bombs1_000002":{"frame":"{{871,0},{97,97}}","offset":"{2.00,-2.00}","rotated":false,"sourceSize":"{93,93}"},"bombs1_000053":{"frame":"{{945,213},{49,58}}","offset":"{2.00,-2.00}","rotated":false,"sourceSize":"{45,54}"},"bombs1_000012":{"frame":"{{439,417},{93,50}}","offset":"{8.68,-35.10}","rotated":false,"sourceSize":"{102.35,112.7}"},"bombs1_000020":{"frame":"{{287,213},{94,86}}","offset":"{4.18,-16.75}","rotated":false,"sourceSize":"{102.35,112.7}"},"bombs1_000027":{"frame":"{{757,213},{94,76}}","offset":"{5.18,-21.60}","rotated":false,"sourceSize":"{102.35,112.7}"},"bombs1_000022":{"frame":"{{415,310},{94,73}}","offset":"{5.18,-23.10}","rotated":false,"sourceSize":"{102.35,112.7}"},"bombs1_000049":{"frame":"{{578,0},{98,98}}","offset":"{2.00,-2.00}","rotated":false,"sourceSize":"{94,94}"},"bombs1_000017":{"frame":"{{885,310},{93,58}}","offset":"{7.68,-31.35}","rotated":false,"sourceSize":"{102.35,112.7}"},"bombs1_000041":{"frame":"{{676,0},{98,97}}","offset":"{2.00,-2.00}","rotated":false,"sourceSize":"{94,93}"},"bombs1_000043":{"frame":"{{679,116},{97,97}}","offset":"{2.00,-2.00}","rotated":false,"sourceSize":"{93,93}"},"bombs1_000052":{"frame":"{{968,0},{32,31}}","offset":"{2.30,-2.30}","rotated":false,"sourceSize":"{33,29}"},"bombs1_000045":{"frame":"{{776,116},{97,97}}","offset":"{2.00,-2.00}","rotated":false,"sourceSize":"{93,93}"},"bombs1_000024":{"frame":"{{603,310},{94,69}}","offset":"{6.18,-25.10}","rotated":false,"sourceSize":"{102.35,112.7}"},"bombs1_000035":{"frame":"{{388,116},{97,97}}","offset":"{2.00,-2.00}","rotated":false,"sourceSize":"{93,93}"},"bombs1_000039":{"frame":"{{582,116},{97,97}}","offset":"{2.00,-2.00}","rotated":false,"sourceSize":"{93,93}"},"bombs1_000037":{"frame":"{{485,116},{97,97}}","offset":"{2.00,-2.00}","rotated":false,"sourceSize":"{93,93}"},"bombs1_000031":{"frame":"{{244,310},{81,96}}","offset":"{2.00,-2.00}","rotated":false,"sourceSize":"{77,92}"},"bombs1_000029":{"frame":"{{0,598},{68,93}}","offset":"{2.00,-2.00}","rotated":false,"sourceSize":"{64,89}"},"bombs1_000033":{"frame":"{{532,417},{46,46}}","offset":"{2.00,-2.00}","rotated":false,"sourceSize":"{42,42}"},"bombs1_000019":{"frame":"{{663,213},{94,77}}","offset":"{5.18,-21.85}","rotated":false,"sourceSize":"{102.35,112.7}"},"bombs1_000009":{"frame":"{{283,0},{99,99}}","offset":"{2.00,-2.00}","rotated":false,"sourceSize":"{95,95}"},"bombs1_000007":{"frame":"{{97,116},{97,97}}","offset":"{2.00,-2.00}","rotated":false,"sourceSize":"{93,93}"},"bombs1_000005":{"frame":"{{0,116},{97,97}}","offset":"{2.00,-2.00}","rotated":false,"sourceSize":"{93,93}"}}}