{"fonts":{"ValueFont2":{"end":124,"chars":"1234567890","start":115,"size":30,"anchorY":1.34,"anchorX":-0.1},"ValueFont":{"end":114,"chars":"-0123456789","start":104,"size":25,"anchorY":1.41,"anchorX":-0.19}},"displays":{"dzfghjksdffshdfhr5456":{"anchorY":0.98,"end":86,"anchorX":0.02,"type":"dzfghjksdffshdfhr5456","start":86},"LinkEffect":{"anchorY":0.5,"end":61,"anchorX":0.51,"type":"LinkEffect","start":42},"asdfasdf":{"anchorY":0.86,"end":73,"anchorX":0.12,"type":"asdfasdf","start":73},"asfdasdfasda33c2":{"anchorY":1,"end":85,"anchorX":0,"type":"asfdasdfasda33c2","start":85},"ClickRect":{"anchorY":0.5,"end":41,"anchorX":0.5,"type":"ClickRect","start":41},"asdfaf00":{"anchorY":1.38,"end":72,"anchorX":0.23,"type":"asdfaf00","start":72},"asdfasdfcc3":{"anchorY":0.88,"end":84,"anchorX":0.15,"type":"asdfasdfcc3","start":84},"Bomb15flash":{"anchorY":0.17,"end":40,"anchorX":0.49,"type":"Bomb15flash","start":21},"adfadc33":{"anchorY":0.73,"end":71,"anchorX":0.34,"type":"adfadc33","start":71},"asdfasdf65a":{"anchorY":-0.34,"end":83,"anchorX":1.23,"type":"asdfasdf65a","start":83},"links":{"anchorY":0.87,"end":134,"anchorX":0.51,"type":"links","start":129},"Bomb12flash":{"anchorY":0.38,"end":20,"anchorX":0.5,"type":"Bomb12flash","start":0},"StartText1":{"anchorY":0.55,"end":70,"anchorX":0.51,"type":"StartText1","start":63},"asdfasdf33121":{"anchorY":1.26,"end":82,"anchorX":-0.42,"type":"asdfasdf33121","start":82},"hahahaha":{"anchorY":2.12,"end":128,"anchorX":0.09,"type":"hahahaha","start":125},"explode1":{"anchorY":0.51,"end":103,"anchorX":0.5,"type":"explode1","start":87},"qwevbnmhjk":{"anchorY":0.58,"end":140,"anchorX":0.42,"type":"qwevbnmhjk","start":135},"ReadyText":{"anchorY":0.55,"end":62,"anchorX":0.5,"type":"ReadyText","start":62},"asdfasdf3":{"anchorY":0.8,"end":81,"anchorX":0.27,"type":"asdfasdf3","start":74},"sdfhgsdfdfg":{"anchorY":0.52,"end":151,"anchorX":0.5,"type":"sdfhgsdfdfg","start":141}},"metadata":{"size":"{1746,1922}","textureFileName":"effect.png","format":2,"realTextureFileName":"effect.png"},"frames":{"effect_000018":{"rotated":false,"sourceSize":"{450,101.95}","frame":"{{544,921},{174,91}}","offset":"{2.05,-9.48}"},"effect_000006":{"rotated":false,"sourceSize":"{450,101.95}","frame":"{{1128,442},{378,89}}","offset":"{0.55,-6.48}"},"effect_000040":{"rotated":false,"sourceSize":"{130,133.2}","frame":"{{1005,1126},{45,48}}","offset":"{-1.75,-46.60}"},"effect_000085":{"rotated":false,"sourceSize":"{33,33}","frame":"{{1484,811},{37,37}}","offset":"{2.00,-2.00}"},"effect_000010":{"rotated":false,"sourceSize":"{450,101.95}","frame":"{{1270,105},{436,103}}","offset":"{1.85,-1.82}"},"effect_000054":{"rotated":false,"sourceSize":"{105,105}","frame":"{{987,1240},{87,73}}","offset":"{-1.80,-2.25}"},"effect_000094":{"rotated":false,"sourceSize":"{265,247}","frame":"{{1003,0},{267,210}}","offset":"{1.30,9.00}"},"effect_000107":{"rotated":false,"sourceSize":"{21,27}","frame":"{{1568,856},{23,31}}","offset":"{2.00,-2.00}"},"effect_000028":{"rotated":false,"sourceSize":"{130,133.2}","frame":"{{0,1126},{128,114}}","offset":"{1.00,-4.10}"},"effect_000137":{"rotated":false,"sourceSize":"{36,38}","frame":"{{1706,105},{40,42}}","offset":"{2.00,-2.00}"},"effect_000142":{"rotated":false,"sourceSize":"{36,35}","frame":"{{1718,660},{24,26}}","offset":"{1.85,-1.95}"},"effect_000126":{"rotated":false,"sourceSize":"{104,113}","frame":"{{216,1357},{108,117}}","offset":"{2.00,-2.00}"},"effect_000036":{"rotated":false,"sourceSize":"{130,133.2}","frame":"{{933,1015},{134,96}}","offset":"{2.00,12.05}"},"effect_000143":{"rotated":false,"sourceSize":"{36,35}","frame":"{{1692,660},{26,26}}","offset":"{2.10,-1.60}"},"effect_000047":{"rotated":false,"sourceSize":"{105,105}","frame":"{{432,1357},{88,86}}","offset":"{3.70,-3.05}"},"effect_000145":{"rotated":false,"sourceSize":"{36,35}","frame":"{{1587,811},{34,33}}","offset":"{1.70,-1.70}"},"effect_000151":{"rotated":false,"sourceSize":"{36,35}","frame":"{{1718,94},{4,4}}","offset":"{2.15,-1.45}"},"effect_000100":{"rotated":false,"sourceSize":"{265,247}","frame":"{{205,746},{189,172}}","offset":"{17.30,34.30}"},"effect_000144":{"rotated":false,"sourceSize":"{36,35}","frame":"{{1716,442},{29,28}}","offset":"{1.95,-1.95}"},"effect_000136":{"rotated":false,"sourceSize":"{36,38}","frame":"{{1521,811},{33,35}}","offset":"{1.85,-1.85}"},"effect_000148":{"rotated":false,"sourceSize":"{36,35}","frame":"{{765,210},{13,13}}","offset":"{2.40,-1.70}"},"effect_000076":{"rotated":false,"sourceSize":"{503,44.3}","frame":"{{1077,856},{420,33}}","offset":"{9.05,-4.00}"},"effect_000084":{"rotated":false,"sourceSize":"{11,12}","frame":"{{1728,186},{15,16}}","offset":"{2.00,-2.00}"},"effect_000027":{"rotated":false,"sourceSize":"{130,133.2}","frame":"{{0,1240},{124,117}}","offset":"{1.10,-8.10}"},"effect_000093":{"rotated":false,"sourceSize":"{265,247}","frame":"{{222,0},{260,240}}","offset":"{1.60,-7.50}"},"effect_000150":{"rotated":false,"sourceSize":"{36,35}","frame":"{{1722,94},{4,4}}","offset":"{-2.60,3.30}"},"effect_000149":{"rotated":false,"sourceSize":"{36,35}","frame":"{{778,210},{13,12}}","offset":"{2.15,-1.95}"},"effect_000022":{"rotated":false,"sourceSize":"{130,133.2}","frame":"{{0,1474},{69,79}}","offset":"{0.45,-30.60}"},"effect_000046":{"rotated":false,"sourceSize":"{105,105}","frame":"{{520,1357},{86,80}}","offset":"{3.60,-4.85}"},"effect_000017":{"rotated":false,"sourceSize":"{450,101.95}","frame":"{{1539,346},{184,94}}","offset":"{7.85,-7.98}"},"effect_000125":{"rotated":false,"sourceSize":"{104,113}","frame":"{{108,1357},{108,117}}","offset":"{2.00,-2.00}"},"effect_000070":{"rotated":false,"sourceSize":"{332,65}","frame":"{{892,921},{255,59}}","offset":"{4.50,0.00}"},"effect_000065":{"rotated":false,"sourceSize":"{332,65}","frame":"{{726,746},{281,65}}","offset":"{-1.50,-4.00}"},"effect_000083":{"rotated":false,"sourceSize":"{70,70}","frame":"{{845,1357},{74,74}}","offset":"{2.00,-2.00}"},"effect_000053":{"rotated":false,"sourceSize":"{105,105}","frame":"{{1074,1240},{85,68}}","offset":"{-2.95,-1.75}"},"effect_000134":{"rotated":false,"sourceSize":"{30,125.95}","frame":"{{0,1682},{25,122}}","offset":"{1.50,-1.82}"},"effect_000106":{"rotated":false,"sourceSize":"{21,27}","frame":"{{1545,856},{23,31}}","offset":"{3.00,-2.00}"},"effect_000060":{"rotated":false,"sourceSize":"{105,105}","frame":"{{606,1357},{76,80}}","offset":"{1.70,-6.60}"},"effect_000031":{"rotated":false,"sourceSize":"{130,133.2}","frame":"{{264,1015},{133,109}}","offset":"{1.65,3.85}"},"effect_000001":{"rotated":false,"sourceSize":"{450,101.95}","frame":"{{1636,611},{79,36}}","offset":"{9.85,-0.98}"},"effect_000013":{"rotated":false,"sourceSize":"{450,101.95}","frame":"{{647,240},{454,93}}","offset":"{2.00,-7.48}"},"effect_000099":{"rotated":false,"sourceSize":"{265,247}","frame":"{{0,746},{205,175}}","offset":"{10.20,32.20}"},"effect_000005":{"rotated":false,"sourceSize":"{450,101.95}","frame":"{{609,567},{352,87}}","offset":"{0.10,-7.48}"},"effect_000039":{"rotated":false,"sourceSize":"{130,133.2}","frame":"{{762,1126},{98,65}}","offset":"{1.10,34.10}"},"effect_000082":{"rotated":false,"sourceSize":"{9,9}","frame":"{{752,210},{13,13}}","offset":"{2.00,-2.00}"},"effect_000009":{"rotated":false,"sourceSize":"{450,101.95}","frame":"{{222,240},{425,100}}","offset":"{1.50,-2.62}"},"effect_000035":{"rotated":false,"sourceSize":"{130,133.2}","frame":"{{799,1015},{134,99}}","offset":"{2.00,11.10}"},"effect_000075":{"rotated":false,"sourceSize":"{503,44.3}","frame":"{{726,856},{351,39}}","offset":"{26.70,-6.50}"},"effect_000124":{"rotated":false,"sourceSize":"{21,29}","frame":"{{1621,811},{24,32}}","offset":"{2.50,-2.50}"},"effect_000052":{"rotated":false,"sourceSize":"{105,105}","frame":"{{860,1126},{85,63}}","offset":"{-4.05,-0.20}"},"effect_000026":{"rotated":false,"sourceSize":"{130,133.2}","frame":"{{124,1240},{113,115}}","offset":"{0.80,-11.55}"},"effect_000016":{"rotated":false,"sourceSize":"{450,101.95}","frame":"{{0,921},{182,94}}","offset":"{7.55,-7.98}"},"effect_000021":{"rotated":false,"sourceSize":"{130,133.2}","frame":"{{1050,1126},{45,48}}","offset":"{-1.75,-46.60}"},"effect_000133":{"rotated":false,"sourceSize":"{30,125.95}","frame":"{{100,1553},{30,125}}","offset":"{2.00,-1.42}"},"effect_000092":{"rotated":false,"sourceSize":"{265,247}","frame":"{{482,0},{252,231}}","offset":"{1.90,-3.05}"},"effect_000123":{"rotated":false,"sourceSize":"{21,29}","frame":"{{1723,378},{23,32}}","offset":"{2.00,-2.50}"},"effect_000043":{"rotated":false,"sourceSize":"{105,105}","frame":"{{1654,746},{47,47}}","offset":"{1.90,-2.10}"},"effect_000064":{"rotated":false,"sourceSize":"{332,65}","frame":"{{542,660},{335,60}}","offset":"{2.50,0.50}"},"effect_000081":{"rotated":false,"sourceSize":"{503,44.3}","frame":"{{1147,921},{421,32}}","offset":"{-12.80,-3.50}"},"effect_000059":{"rotated":false,"sourceSize":"{105,105}","frame":"{{533,1240},{90,89}}","offset":"{-5.80,-2.10}"},"effect_000135":{"rotated":false,"sourceSize":"{36,38}","frame":"{{1659,856},{25,27}}","offset":"{2.05,-2.05}"},"effect_000014":{"rotated":false,"sourceSize":"{450,101.95}","frame":"{{182,921},{181,94}}","offset":"{7.60,-7.98}"},"effect_000098":{"rotated":false,"sourceSize":"{265,247}","frame":"{{0,567},{212,179}}","offset":"{12.85,28.45}"},"effect_000077":{"rotated":false,"sourceSize":"{503,44.3}","frame":"{{1210,611},{426,41}}","offset":"{18.75,-5.65}"},"effect_000069":{"rotated":false,"sourceSize":"{332,65}","frame":"{{1205,660},{318,58}}","offset":"{1.00,-0.50}"},"effect_000132":{"rotated":false,"sourceSize":"{30,125.95}","frame":"{{34,1553},{34,129}}","offset":"{2.00,-1.52}"},"effect_000051":{"rotated":false,"sourceSize":"{105,105}","frame":"{{234,1126},{109,109}}","offset":"{2.00,-2.00}"},"effect_000140":{"rotated":false,"sourceSize":"{36,38}","frame":"{{1714,0},{30,32}}","offset":"{2.05,-2.05}"},"effect_000058":{"rotated":false,"sourceSize":"{105,105}","frame":"{{623,1240},{89,87}}","offset":"{-4.30,-2.85}"},"effect_000104":{"rotated":false,"sourceSize":"{21,27}","frame":"{{734,210},{18,13}}","offset":"{0.50,-4.00}"},"effect_000074":{"rotated":false,"sourceSize":"{503,44.3}","frame":"{{1210,567},{507,44}}","offset":"{2.00,0.15}"},"effect_000122":{"rotated":false,"sourceSize":"{21,29}","frame":"{{1723,346},{23,32}}","offset":"{2.00,-2.50}"},"effect_000042":{"rotated":false,"sourceSize":"{105,105}","frame":"{{1714,64},{29,30}}","offset":"{2.35,-2.25}"},"effect_000080":{"rotated":false,"sourceSize":"{503,44.3}","frame":"{{1337,1015},{267,39}}","offset":"{-13.90,-1.55}"},"effect_000004":{"rotated":false,"sourceSize":"{450,101.95}","frame":"{{961,567},{249,87}}","offset":"{0.65,-6.48}"},"effect_000000":{"rotated":false,"sourceSize":"{450,101.95}","frame":"{{1523,660},{127,35}}","offset":"{9.95,-6.48}"},"effect_000008":{"rotated":false,"sourceSize":"{450,101.95}","frame":"{{1128,346},{411,96}}","offset":"{1.55,-4.52}"},"effect_000012":{"rotated":false,"sourceSize":"{450,101.95}","frame":"{{1101,240},{451,92}}","offset":"{1.90,-7.87}"},"effect_000091":{"rotated":false,"sourceSize":"{265,247}","frame":"{{0,346},{242,221}}","offset":"{7.60,0.35}"},"effect_000105":{"rotated":false,"sourceSize":"{21,27}","frame":"{{1645,811},{24,31}}","offset":"{2.50,-2.00}"},"effect_000030":{"rotated":false,"sourceSize":"{130,133.2}","frame":"{{0,1015},{133,111}}","offset":"{1.65,1.55}"},"effect_000025":{"rotated":false,"sourceSize":"{130,133.2}","frame":"{{237,1240},{109,115}}","offset":"{-0.65,-12.35}"},"effect_000015":{"rotated":false,"sourceSize":"{450,101.95}","frame":"{{363,921},{181,94}}","offset":"{7.85,-7.98}"},"effect_000063":{"rotated":false,"sourceSize":"{332,65}","frame":"{{877,660},{328,60}}","offset":"{2.00,0.50}"},"effect_000034":{"rotated":false,"sourceSize":"{130,133.2}","frame":"{{665,1015},{134,99}}","offset":"{2.00,8.70}"},"effect_000119":{"rotated":false,"sourceSize":"{21,29}","frame":"{{1612,921},{22,32}}","offset":"{2.50,-2.50}"},"effect_000020":{"rotated":false,"sourceSize":"{450,101.95}","frame":"{{1597,746},{57,53}}","offset":"{2.95,8.52}"},"effect_000038":{"rotated":false,"sourceSize":"{130,133.2}","frame":"{{651,1126},{111,75}}","offset":"{5.85,26.50}"},"effect_000050":{"rotated":false,"sourceSize":"{105,105}","frame":"{{343,1126},{103,103}}","offset":"{2.15,-2.20}"},"effect_000120":{"rotated":false,"sourceSize":"{21,29}","frame":"{{1715,611},{24,32}}","offset":"{2.50,-2.50}"},"effect_000118":{"rotated":false,"sourceSize":"{21,29}","frame":"{{1717,567},{25,31}}","offset":"{2.00,-2.00}"},"effect_000121":{"rotated":false,"sourceSize":"{21,29}","frame":"{{1521,856},{24,31}}","offset":"{2.50,-2.00}"},"effect_000068":{"rotated":false,"sourceSize":"{332,65}","frame":"{{1007,746},{299,57}}","offset":"{14.50,0.00}"},"effect_000079":{"rotated":false,"sourceSize":"{503,44.3}","frame":"{{892,980},{347,32}}","offset":"{-13.00,2.00}"},"effect_000131":{"rotated":false,"sourceSize":"{30,125.95}","frame":"{{0,1553},{34,129}}","offset":"{2.00,-2.48}"},"effect_000097":{"rotated":false,"sourceSize":"{265,247}","frame":"{{914,346},{214,186}}","offset":"{12.95,23.70}"},"effect_000117":{"rotated":false,"sourceSize":"{21,29}","frame":"{{1590,921},{22,32}}","offset":"{2.50,-2.50}"},"effect_000078":{"rotated":false,"sourceSize":"{503,44.3}","frame":"{{1085,811},{399,39}}","offset":"{-13.25,-1.55}"},"effect_000073":{"rotated":false,"sourceSize":"{355,41}","frame":"{{726,811},{359,45}}","offset":"{2.00,-2.00}"},"effect_000116":{"rotated":false,"sourceSize":"{21,29}","frame":"{{1614,856},{23,31}}","offset":"{2.00,-2.00}"},"effect_000057":{"rotated":false,"sourceSize":"{105,105}","frame":"{{712,1240},{90,85}}","offset":"{-4.05,-3.35}"},"effect_000090":{"rotated":false,"sourceSize":"{265,247}","frame":"{{476,346},{227,211}}","offset":"{17.05,-2.30}"},"effect_000130":{"rotated":false,"sourceSize":"{30,125.95}","frame":"{{68,1553},{32,125}}","offset":"{3.00,-2.42}"},"effect_000139":{"rotated":false,"sourceSize":"{36,38}","frame":"{{1554,811},{33,35}}","offset":"{1.90,-1.90}"},"effect_000103":{"rotated":false,"sourceSize":"{265,247}","frame":"{{1714,94},{4,4}}","offset":"{3.10,1.15}"},"effect_000049":{"rotated":false,"sourceSize":"{105,105}","frame":"{{436,1240},{97,96}}","offset":"{2.40,-2.35}"},"effect_000088":{"rotated":false,"sourceSize":"{265,247}","frame":"{{582,746},{144,149}}","offset":"{6.65,-9.70}"},"effect_000089":{"rotated":false,"sourceSize":"{265,247}","frame":"{{703,346},{211,205}}","offset":"{23.80,-5.25}"},"effect_000072":{"rotated":false,"sourceSize":"{78,70}","frame":"{{763,1357},{82,74}}","offset":"{2.00,-2.00}"},"effect_000056":{"rotated":false,"sourceSize":"{105,105}","frame":"{{802,1240},{94,80}}","offset":"{-1.95,-4.60}"},"effect_000019":{"rotated":false,"sourceSize":"{450,101.95}","frame":"{{718,921},{174,91}}","offset":"{2.25,-8.48}"},"effect_000045":{"rotated":false,"sourceSize":"{105,105}","frame":"{{682,1357},{81,75}}","offset":"{4.05,-5.45}"},"effect_000029":{"rotated":false,"sourceSize":"{130,133.2}","frame":"{{133,1015},{131,111}}","offset":"{1.05,-0.50}"},"effect_000011":{"rotated":false,"sourceSize":"{450,101.95}","frame":"{{1270,0},{444,105}}","offset":"{1.65,-1.52}"},"effect_000024":{"rotated":false,"sourceSize":"{130,133.2}","frame":"{{128,1126},{106,114}}","offset":"{-1.15,-13.10}"},"effect_000003":{"rotated":false,"sourceSize":"{450,101.95}","frame":"{{1552,240},{181,88}}","offset":"{9.95,-5.98}"},"effect_000037":{"rotated":false,"sourceSize":"{130,133.2}","frame":"{{446,1126},{110,94}}","offset":"{6.10,15.75}"},"effect_000129":{"rotated":false,"sourceSize":"{30,125.95}","frame":"{{130,1553},{28,121}}","offset":"{2.00,-2.32}"},"effect_000007":{"rotated":false,"sourceSize":"{450,101.95}","frame":"{{212,567},{397,93}}","offset":"{0.50,-5.02}"},"effect_000033":{"rotated":false,"sourceSize":"{130,133.2}","frame":"{{531,1015},{134,102}}","offset":"{2.00,7.10}"},"effect_000115":{"rotated":false,"sourceSize":"{21,29}","frame":"{{1568,921},{22,32}}","offset":"{2.50,-1.50}"},"effect_000102":{"rotated":false,"sourceSize":"{265,247}","frame":"{{1067,1015},{129,93}}","offset":"{12.30,14.00}"},"effect_000062":{"rotated":false,"sourceSize":"{206,68}","frame":"{{1506,442},{210,72}}","offset":"{2.00,-2.00}"},"effect_000113":{"rotated":false,"sourceSize":"{21,27}","frame":"{{1717,811},{24,31}}","offset":"{2.50,-2.00}"},"effect_000067":{"rotated":false,"sourceSize":"{332,65}","frame":"{{1306,746},{291,57}}","offset":"{1.50,4.00}"},"effect_000041":{"rotated":false,"sourceSize":"{63,62}","frame":"{{1234,1240},{67,66}}","offset":"{2.00,-2.00}"},"effect_000096":{"rotated":false,"sourceSize":"{265,247}","frame":"{{242,346},{234,211}}","offset":"{3.45,10.30}"},"effect_000141":{"rotated":false,"sourceSize":"{36,35}","frame":"{{1706,186},{22,22}}","offset":"{2.25,-1.55}"},"effect_000055":{"rotated":false,"sourceSize":"{105,105}","frame":"{{896,1240},{91,77}}","offset":"{-1.50,-4.75}"},"effect_000048":{"rotated":false,"sourceSize":"{105,105}","frame":"{{556,1126},{95,93}}","offset":"{4.05,-3.25}"},"effect_000109":{"rotated":false,"sourceSize":"{21,27}","frame":"{{1716,470},{25,31}}","offset":"{2.00,-2.00}"},"effect_000095":{"rotated":false,"sourceSize":"{265,247}","frame":"{{734,0},{269,210}}","offset":"{2.00,9.30}"},"effect_000087":{"rotated":false,"sourceSize":"{265,247}","frame":"{{1714,32},{29,32}}","offset":"{-0.20,1.05}"},"effect_000108":{"rotated":false,"sourceSize":"{21,27}","frame":"{{1591,856},{23,31}}","offset":"{2.00,-2.00}"},"effect_000128":{"rotated":false,"sourceSize":"{104,113}","frame":"{{0,1357},{108,117}}","offset":"{2.00,-2.00}"},"effect_000071":{"rotated":false,"sourceSize":"{218,342}","frame":"{{0,0},{222,346}}","offset":"{2.00,-2.00}"},"effect_000111":{"rotated":false,"sourceSize":"{21,27}","frame":"{{1669,811},{24,31}}","offset":"{2.50,-2.00}"},"effect_000086":{"rotated":false,"sourceSize":"{71,63}","frame":"{{1159,1240},{75,67}}","offset":"{2.00,-2.00}"},"effect_000114":{"rotated":false,"sourceSize":"{21,27}","frame":"{{1497,856},{24,31}}","offset":"{2.50,-2.00}"},"effect_000112":{"rotated":false,"sourceSize":"{21,27}","frame":"{{1693,811},{24,31}}","offset":"{2.50,-2.00}"},"effect_000101":{"rotated":false,"sourceSize":"{265,247}","frame":"{{394,746},{188,169}}","offset":"{17.20,39.00}"},"effect_000138":{"rotated":false,"sourceSize":"{36,38}","frame":"{{1701,746},{37,39}}","offset":"{2.20,-2.20}"},"effect_000066":{"rotated":false,"sourceSize":"{332,65}","frame":"{{212,660},{330,63}}","offset":"{-1.00,-2.00}"},"effect_000061":{"rotated":false,"sourceSize":"{105,105}","frame":"{{1650,660},{42,28}}","offset":"{-14.40,-33.55}"},"effect_000110":{"rotated":false,"sourceSize":"{21,27}","frame":"{{1637,856},{22,31}}","offset":"{2.50,-2.00}"},"effect_000127":{"rotated":false,"sourceSize":"{104,113}","frame":"{{324,1357},{108,117}}","offset":"{2.00,-2.00}"},"effect_000023":{"rotated":false,"sourceSize":"{130,133.2}","frame":"{{346,1240},{90,109}}","offset":"{-0.65,-15.10}"},"effect_000032":{"rotated":false,"sourceSize":"{130,133.2}","frame":"{{397,1015},{134,104}}","offset":"{2.00,7.50}"},"effect_000146":{"rotated":false,"sourceSize":"{36,35}","frame":"{{1706,147},{40,39}}","offset":"{2.00,-2.00}"},"effect_000147":{"rotated":false,"sourceSize":"{36,35}","frame":"{{1723,410},{22,22}}","offset":"{2.35,-1.65}"},"effect_000002":{"rotated":false,"sourceSize":"{450,101.95}","frame":"{{1196,1015},{141,81}}","offset":"{4.90,-8.48}"},"effect_000044":{"rotated":false,"sourceSize":"{105,105}","frame":"{{945,1126},{60,60}}","offset":"{2.30,-2.70}"}},"mcs":{"win2":{"children":{"instance1275":{"zIndex":0,"class":"asdfasdf","frames":"50.45,40.75,0.00,1.16,1.16,1.00|54.10,40.40,0.00,1.13,1.13,1.00|57.80,40.05,0.00,1.11,1.11,1.00|61.45,39.70,0.00,1.08,1.08,1.00|65.15,39.35,0.00,1.05,1.05,1.00|68.80,39.00,0.00,1.03,1.03,1.00|72.50,38.70,0.00,1.00,1.00,1.00"}},"rect":"0,0,410.45,47.45","anchorY":0.54,"anchorX":0.49,"totalFrames":7,"type":"win2"},"addText":{"children":{"txt":{"width":28,"class":"ValueFont2","align":"left","frames":"0.00,16.95,0.00,1.00,1.00,1.00","zIndex":0,"text":"100","height":21}},"rect":"0,0,23.65,16.95","anchorY":1,"anchorX":0.06,"totalFrames":1,"type":"addText"},"DamageAnim":{"children":{"txtMc":{"zIndex":0,"class":"DamageTxt","frames":"0.00,37.00,0.00,1.00,1.00,1.00|0.00,46.35,0.00,1.00,1.00,1.00|0.00,55.65,0.00,1.00,1.00,1.00|0.00,65.00,0.00,1.00,1.00,1.00|0.00,74.35,0.00,1.00,1.00,1.00|0.00,83.65,0.00,1.00,1.00,1.00|0.00,93.00,0.00,1.00,1.00,1.00|0.00,102.30,0.00,1.00,1.00,1.00|0.00,111.65,0.00,1.00,1.00,1.00|0.00,121.00,0.00,1.00,1.00,1.00|0.00,130.30,0.00,1.00,1.00,1.00|0.00,139.65,0.00,1.00,1.00,1.00|0.00,149.00,0.00,1.00,1.00,1.00|0.00,158.30,0.00,1.00,1.00,1.00|0.00,167.65,0.00,1.00,1.00,1.00|0.00,177.00,0.00,1.00,1.00,1.00"}},"rect":"0,0,44.3,177","anchorY":0.21,"anchorX":0,"totalFrames":16,"type":"DamageAnim"},"Bomb13flash":{"children":{"instance3119":{"zIndex":0,"class":"dzfghjksdffshdfhr5456","frames":"75.25,118.25,0.00,1.00,1.00,1.00|68.25,125.80,0.00,1.21,1.21,0.90|61.15,133.25,0.00,1.43,1.43,0.80|54.15,140.80,0.00,1.64,1.64,0.70|47.10,148.30,0.00,1.85,1.85,0.60|40.05,155.85,0.00,2.07,2.07,0.50|33.05,163.35,0.00,2.28,2.28,0.40|25.95,170.90,0.00,2.49,2.49,0.30|18.95,178.45,0.00,2.71,2.71,0.20|11.90,185.95,0.00,2.92,2.92,0.10|4.70,193.30,0.00,3.14,3.14,0.00|null||||||||||||||||||"},"instance3670":{"zIndex":1,"class":"dzfghjksdffshdfhr5456","frames":"null|||75.25,118.25,0.00,1.00,1.00,1.00|68.25,125.80,0.00,1.21,1.21,0.90|61.15,133.25,0.00,1.43,1.43,0.80|54.15,140.80,0.00,1.64,1.64,0.70|47.10,148.30,0.00,1.85,1.85,0.60|40.05,155.85,0.00,2.07,2.07,0.50|33.05,163.35,0.00,2.28,2.28,0.40|25.95,170.90,0.00,2.49,2.49,0.30|18.95,178.45,0.00,2.71,2.71,0.20|11.90,185.95,0.00,2.92,2.92,0.10|4.70,193.30,0.00,3.14,3.14,0.00|null|||||||||||||||"},"instance1039":{"zIndex":1,"class":"asdfaf00","frames":"87.60,140.70,-2.30,0.90,0.90,1.00|||||||||||||||||||||||||||||"},"instance3810":{"zIndex":2,"class":"dzfghjksdffshdfhr5456","frames":"null||||||75.25,118.25,0.00,1.00,1.00,1.00|68.25,125.80,0.00,1.21,1.21,0.90|61.15,133.25,0.00,1.43,1.43,0.80|54.15,140.80,0.00,1.64,1.64,0.70|47.10,148.30,0.00,1.85,1.85,0.60|40.05,155.85,0.00,2.07,2.07,0.50|33.05,163.35,0.00,2.28,2.28,0.40|25.95,170.90,0.00,2.49,2.49,0.30|18.95,178.45,0.00,2.71,2.71,0.20|11.90,185.95,0.00,2.92,2.92,0.10|4.70,193.30,0.00,3.14,3.14,0.00|null||||||||||||"}},"rect":"0,0,221.5,198","anchorY":0.42,"anchorX":0.49,"totalFrames":30,"type":"Bomb13flash"},"dian":{"children":{"instance3911":{"zIndex":0,"class":"asfdasdfasda33c2","frames":"null|||||||||34.85,72.90,0.00,0.54,0.54,1.00|29.90,77.80,0.00,0.84,0.84,0.86|24.95,82.80,0.00,1.14,1.14,0.71|19.95,87.70,0.00,1.44,1.44,0.57|14.95,92.65,0.00,1.74,1.74,0.43|10.00,97.60,0.00,2.04,2.04,0.29|5.05,102.55,0.00,2.34,2.34,0.14|0.00,107.55,0.00,2.64,2.64,0.00|null||||||"},"instance1222":{"zIndex":0,"class":"asdfasdf65a","frames":"123.65,-23.45,0.00,1.00,1.00,1.00||||122.30,-22.05,0.00,0.98,0.98,1.00|120.90,-20.70,0.00,0.97,0.97,1.00|119.55,-19.30,0.00,0.95,0.95,1.00|118.15,-17.90,0.00,0.93,0.93,1.00|116.80,-16.55,0.00,0.92,0.92,1.00|115.40,-15.15,0.00,0.90,0.90,1.00|116.80,-16.50,0.00,0.92,0.92,1.00|118.15,-17.90,0.00,0.93,0.93,1.00|119.55,-19.25,0.00,0.95,0.95,1.00|120.90,-20.70,0.00,0.97,0.97,1.00|122.30,-22.00,0.00,0.98,0.98,1.00|123.65,-23.45,0.00,1.00,1.00,1.00||||||||"}},"rect":"0,0,107.7,107.55","anchorY":0.65,"anchorX":0.35,"totalFrames":24,"type":"dian"},"DamageTxt":{"children":{"txt":{"width":54,"class":"ValueFont","align":"left","frames":"0.00,37.00,0.00,1.00,1.00,1.00","zIndex":0,"text":"-10","height":47}},"rect":"0,0,44.3,37","anchorY":1,"anchorX":0,"totalFrames":1,"type":"DamageTxt"},"Bomb16flash":{"children":{"instance1068":{"zIndex":0,"class":"adfadc33","frames":"162.90,56.75,0.00,0.22,0.22,0.13|143.25,112.85,0.00,0.45,0.45,0.35|123.50,169.05,0.00,0.67,0.67,0.57|103.85,225.15,0.00,0.90,0.90,0.78|84.15,281.05,0.00,1.12,1.12,1.00|86.60,275.60,0.00,1.10,1.10,1.00|89.00,270.15,0.00,1.08,1.08,1.00|91.45,264.75,0.00,1.05,1.05,1.00|93.90,259.25,0.00,1.03,1.03,1.00||||||||||||||||||||||||||||||||||||||||||||||||||||||||||||||107.70,218.75,0.00,0.87,0.87,0.82|121.50,178.25,0.00,0.71,0.71,0.65|135.35,137.70,0.00,0.54,0.54,0.48|149.15,97.20,0.00,0.38,0.38,0.30|162.90,56.75,0.00,0.22,0.22,0.13"}},"rect":"0,0,245.05,384.45","anchorY":0,"anchorX":0.87,"totalFrames":75,"type":"Bomb16flash"},"win1":{"children":{"label__1":{"zIndex":0,"class":"asdfasdf3","frames":"124.70,33.05,0.00,1.16,1.16,1.00|128.35,32.70,0.00,1.13,1.13,1.00|132.05,32.35,0.00,1.11,1.11,1.00|135.70,32.00,0.00,1.08,1.08,1.00|139.40,31.65,0.00,1.05,1.05,1.00|143.05,31.30,0.00,1.03,1.03,1.00|146.75,31.00,0.00,1.00,1.00,1.00"}},"rect":"0,0,482.25,32.3","anchorY":0.53,"anchorX":0.59,"totalFrames":7,"type":"win1"},"Bomb17flash":{"children":{"instance3356":{"zIndex":2,"class":"asdfasdf33121","frames":"null||21.15,18.95,0.00,2.41,2.41,0.00|21.10,22.20,0.00,2.41,2.41,0.33|21.10,25.45,0.00,2.41,2.41,0.67|21.15,28.60,0.00,2.41,2.41,1.00|21.10,31.55,0.00,2.41,2.41,1.00|21.10,34.45,0.00,2.41,2.41,1.00|21.10,37.35,0.00,2.41,2.41,1.00|21.10,40.25,0.00,2.41,2.41,1.00|21.15,43.10,0.00,2.41,2.41,1.00|21.10,46.95,0.00,2.41,2.41,0.75|21.10,50.90,0.00,2.41,2.41,0.50|21.10,54.80,0.00,2.41,2.41,0.25|21.15,58.80,0.00,2.41,2.41,0.00|null|"},"instance3675":{"zIndex":4,"class":"asdfasdf33121","frames":"null|||66.15,58.00,0.00,2.41,2.41,0.00|66.10,61.20,0.00,2.41,2.41,0.33|66.10,64.45,0.00,2.41,2.41,0.67|66.15,67.65,0.00,2.41,2.41,1.00|66.10,70.55,0.00,2.41,2.41,1.00|66.10,73.45,0.00,2.41,2.41,1.00|66.10,76.40,0.00,2.41,2.41,1.00|66.10,79.30,0.00,2.41,2.41,1.00|66.15,82.20,0.00,2.41,2.41,1.00|66.10,86.05,0.00,2.41,2.41,0.75|66.10,90.00,0.00,2.41,2.41,0.50|66.10,93.90,0.00,2.41,2.41,0.25|66.15,97.90,0.00,2.41,2.41,0.00|null"},"instance3353":{"zIndex":1,"class":"asdfasdfcc3","frames":"null||67.95,43.05,0.00,2.41,2.41,0.00|67.90,46.15,0.00,2.41,2.41,0.34|67.95,49.25,0.00,2.41,2.41,0.67|67.95,52.25,0.00,2.41,2.41,1.00|67.90,55.45,0.00,2.41,2.41,1.00|67.90,58.60,0.00,2.41,2.41,1.00|67.90,61.75,0.00,2.41,2.41,1.00|67.95,64.85,0.00,2.41,2.41,1.00|67.90,67.95,0.00,2.41,2.41,0.80|67.90,71.05,0.00,2.41,2.41,0.60|67.90,74.20,0.00,2.41,2.41,0.40|67.90,77.30,0.00,2.41,2.41,0.20|67.95,80.40,0.00,2.41,2.41,0.00|null|"},"instance3672":{"zIndex":3,"class":"asdfasdf33121","frames":"null|||-10.05,69.45,0.00,2.41,2.41,0.00|-10.05,72.65,0.00,2.41,2.41,0.33|-10.05,75.85,0.00,2.41,2.41,0.67|-10.05,79.05,0.00,2.41,2.41,1.00|-10.05,81.95,0.00,2.41,2.41,1.00|-10.05,84.85,0.00,2.41,2.41,1.00|-10.05,87.80,0.00,2.41,2.41,1.00|-10.05,90.70,0.00,2.41,2.41,1.00|-10.05,93.70,0.00,2.41,2.41,1.00|-10.05,97.60,0.00,2.41,2.41,0.75|-10.05,101.55,0.00,2.41,2.41,0.50|-10.05,105.45,0.00,2.41,2.41,0.25|-10.05,109.40,0.00,2.41,2.41,0.00|null"},"instance3716":{"zIndex":2,"class":"asdfasdfcc3","frames":"null||||-0.90,27.50,0.00,2.41,2.41,0.00|-0.95,30.85,0.00,2.41,2.41,0.33|-0.95,34.25,0.00,2.41,2.41,0.67|-0.90,37.60,0.00,2.41,2.41,1.00|-0.95,41.05,0.00,2.41,2.41,1.00|-0.95,44.55,0.00,2.41,2.41,1.00|-0.90,48.00,0.00,2.41,2.41,1.00|-0.95,51.35,0.00,2.41,2.41,0.80|-0.95,54.75,0.00,2.41,2.41,0.60|-0.95,58.10,0.00,2.41,2.41,0.40|-0.95,61.50,0.00,2.41,2.41,0.20|-0.90,64.85,0.00,2.41,2.41,0.00|null"},"instance2499":{"zIndex":0,"class":"asdfasdfcc3","frames":"29.30,64.85,0.00,2.41,2.41,0.10|29.30,67.75,0.00,2.41,2.41,0.33|29.30,70.65,0.00,2.41,2.41,0.66|29.30,73.55,0.00,2.41,2.41,1.00|29.30,76.40,0.00,2.41,2.41,1.00|29.30,79.25,0.00,2.41,2.41,1.00|29.30,82.15,0.00,2.41,2.41,1.00|29.30,85.00,0.00,2.41,2.41,1.00|29.30,88.00,0.00,2.41,2.41,0.83|29.30,90.80,0.00,2.41,2.41,0.67|29.30,93.55,0.00,2.41,2.41,0.50|29.30,96.40,0.00,2.41,2.41,0.34|29.30,99.30,0.00,2.41,2.41,0.17|29.30,102.15,0.00,2.41,2.41,0.00|null||"},"txtMc":{"zIndex":1,"class":"addText","frames":"16.75,58.30,0.00,2.41,2.41,0.10|14.85,62.40,0.00,2.62,2.62,0.33|12.90,66.50,0.00,2.83,2.83,0.55|11.00,70.75,0.00,3.04,3.04,0.78|9.05,74.95,0.00,3.24,3.24,1.00|11.70,74.95,0.00,2.97,2.97,1.00|14.25,75.00,0.00,2.69,2.69,1.00|16.75,75.10,0.00,2.41,2.41,1.00|16.75,77.55,0.00,2.41,2.41,1.00|16.75,80.00,0.00,2.41,2.41,1.00|16.75,82.45,0.00,2.41,2.41,1.00|16.75,84.85,0.00,2.41,2.41,0.80|16.75,87.30,0.00,2.41,2.41,0.60|16.75,89.70,0.00,2.41,2.41,0.40|16.75,92.15,0.00,2.41,2.41,0.20|16.75,94.55,0.00,2.41,2.41,0.00|null"}},"rect":"0,0,88.6,100.95","anchorY":0.46,"anchorX":0.44,"totalFrames":17,"type":"Bomb17flash"},"LevelConmplete":{"children":{"label__2":{"zIndex":0,"class":"StartText1","frames":"null||||||||699.25,38.40,0.00,1.00,1.00,1.00|704.50,38.40,0.00,1.00,1.00,1.00|709.75,38.40,0.00,1.00,1.00,1.00|715.00,38.40,0.00,1.00,1.00,1.00|720.25,38.40,0.00,1.00,1.00,1.00||||725.55,38.40,0.00,1.00,1.00,1.00|730.90,38.40,0.00,1.00,1.00,1.00|736.20,38.40,0.00,1.00,1.00,1.00|741.55,38.40,0.00,1.00,1.00,1.00|746.85,38.40,0.00,1.00,1.00,1.00|633.45,38.40,0.00,1.00,1.00,1.00|520.05,38.40,0.00,1.00,1.00,1.00|406.65,38.40,0.00,1.00,1.00,1.00|293.25,38.40,0.00,1.00,1.00,1.00|179.85,38.40,0.00,1.00,1.00,1.00"},"instance3131":{"zIndex":0,"class":"StartText1","frames":"1201.85,38.40,0.00,1.00,1.00,1.00|1139.05,38.40,0.00,1.00,1.00,1.00|1076.20,38.40,0.00,1.00,1.00,1.00|1013.35,38.40,0.00,1.00,1.00,1.00|950.55,38.40,0.00,1.00,1.00,1.00|887.75,38.40,0.00,1.00,1.00,1.00|824.90,38.40,0.00,1.00,1.00,1.00|762.05,38.40,0.00,1.00,1.00,1.00|null|||||||||||||||||"}},"rect":"0,0,1375.2,78.4","anchorY":0.5,"anchorX":0.87,"totalFrames":26,"type":"LevelConmplete"}}}