{"frames":{"ui1_000018":{"frame":"{{933,843},{187,359}}","offset":"{-11.20,-4.98}","sourceSize":"{270.2,373.15000000000003}","rotated":false},"ui1_000051":{"frame":"{{1861,514},{20,24}}","offset":"{0.00,-2.00}","sourceSize":"{20,20}","rotated":false},"ui1_000023":{"frame":"{{486,843},{224,369}}","offset":"{11.60,-1.48}","sourceSize":"{270.2,373.15000000000003}","rotated":false},"ui1_000012":{"frame":"{{0,843},{248,393}}","offset":"{7.70,-8.82}","sourceSize":"{280.09999999999997,402.65000000000003}","rotated":false},"ui1_000015":{"frame":"{{1078,0},{261,372}}","offset":"{11.85,-7.07}","sourceSize":"{280.09999999999997,402.65000000000003}","rotated":false},"ui1_000004":{"frame":"{{1786,344},{90,22}}","offset":"{4.57,0.57}","sourceSize":"{92.45,29.15}","rotated":false},"ui1_000008":{"frame":"{{1339,0},{255,370}}","offset":"{8.90,-4.47}","sourceSize":"{280.09999999999997,402.65000000000003}","rotated":false},"ui1_000006":{"frame":"{{1770,633},{85,21}}","offset":"{2.63,0.62}","sourceSize":"{92.45,29.15}","rotated":false},"ui1_000020":{"frame":"{{710,843},{223,368}}","offset":"{0.25,-3.13}","sourceSize":"{270.2,373.15000000000003}","rotated":false},"ui1_000047":{"frame":"{{1883,423},{21,26}}","offset":"{0.00,-2.50}","sourceSize":"{23,23}","rotated":false},"ui1_000002":{"frame":"{{1770,573},{94,27}}","offset":"{0.77,0.52}","sourceSize":"{92.45,29.15}","rotated":false},"ui1_000010":{"frame":"{{527,387},{254,400}}","offset":"{-9.60,1.33}","sourceSize":"{280.09999999999997,402.65000000000003}","rotated":false},"ui1_000000":{"frame":"{{1770,600},{72,33}}","offset":"{5.17,-2.08}","sourceSize":"{92.45,29.15}","rotated":false},"ui1_000025":{"frame":"{{1863,0},{30,293}}","offset":"{2.00,-2.00}","sourceSize":"{26,289}","rotated":false},"ui1_000054":{"frame":"{{1901,514},{20,23}}","offset":"{1.00,-2.50}","sourceSize":"{20,20}","rotated":false},"ui1_000050":{"frame":"{{1900,486},{20,23}}","offset":"{1.00,-2.50}","sourceSize":"{20,20}","rotated":false},"ui1_000044":{"frame":"{{1893,253},{21,26}}","offset":"{0.00,-2.50}","sourceSize":"{23,23}","rotated":false},"ui1_000038":{"frame":"{{1893,95},{26,26}}","offset":"{2.50,-2.50}","sourceSize":"{23,23}","rotated":false},"ui1_000028":{"frame":"{{1863,293},{35,36}}","offset":"{2.50,-2.00}","sourceSize":"{32,32}","rotated":false},"ui1_000040":{"frame":"{{1893,201},{22,26}}","offset":"{1.50,-2.50}","sourceSize":"{23,23}","rotated":false},"ui1_000030":{"frame":"{{1770,654},{30,36}}","offset":"{1.00,-2.00}","sourceSize":"{32,32}","rotated":false},"ui1_000034":{"frame":"{{1893,0},{29,35}}","offset":"{-0.50,-1.50}","sourceSize":"{32,32}","rotated":false},"ui1_000046":{"frame":"{{1898,293},{21,26}}","offset":"{1.00,-2.50}","sourceSize":"{23,23}","rotated":false},"ui1_000036":{"frame":"{{1830,654},{30,35}}","offset":"{1.00,-1.50}","sourceSize":"{32,32}","rotated":false},"ui1_000017":{"frame":"{{809,0},{269,374}}","offset":"{-0.60,-3.58}","sourceSize":"{270.2,373.15000000000003}","rotated":false},"ui1_000042":{"frame":"{{1893,121},{23,27}}","offset":"{0.00,-2.00}","sourceSize":"{23,23}","rotated":false},"ui1_000058":{"frame":"{{1893,70},{28,25}}","offset":"{2.00,-2.00}","sourceSize":"{24,21}","rotated":false},"ui1_000022":{"frame":"{{1292,387},{250,356}}","offset":"{0.50,-5.77}","sourceSize":"{270.2,373.15000000000003}","rotated":false},"ui1_000019":{"frame":"{{1594,0},{269,344}}","offset":"{4.60,-15.23}","sourceSize":"{270.2,373.15000000000003}","rotated":false},"ui1_000027":{"frame":"{{1770,387},{113,64}}","offset":"{2.00,-2.00}","sourceSize":"{109,60}","rotated":false},"ui1_000024":{"frame":"{{0,0},{527,843}}","offset":"{2.00,-2.00}","sourceSize":"{523,839}","rotated":false},"ui1_000053":{"frame":"{{1881,514},{20,23}}","offset":"{0.00,-2.50}","sourceSize":"{20,20}","rotated":false},"ui1_000032":{"frame":"{{1883,387},{31,36}}","offset":"{-0.50,-2.00}","sourceSize":"{32,32}","rotated":false},"ui1_000009":{"frame":"{{527,0},{282,387}}","offset":"{0.95,-7.03}","sourceSize":"{280.09999999999997,402.65000000000003}","rotated":false},"ui1_000013":{"frame":"{{1038,387},{254,364}}","offset":"{17.05,-5.32}","sourceSize":"{280.09999999999997,402.65000000000003}","rotated":false},"ui1_000011":{"frame":"{{781,387},{257,380}}","offset":"{8.40,-11.78}","sourceSize":"{280.09999999999997,402.65000000000003}","rotated":false},"ui1_000007":{"frame":"{{1690,344},{96,23}}","offset":"{1.92,0.02}","sourceSize":"{92.45,29.15}","rotated":false},"ui1_000001":{"frame":"{{1770,546},{95,27}}","offset":"{2.72,1.07}","sourceSize":"{92.45,29.15}","rotated":false},"ui1_000003":{"frame":"{{1770,514},{91,32}}","offset":"{2.92,-2.38}","sourceSize":"{92.45,29.15}","rotated":false},"ui1_000057":{"frame":"{{1864,573},{20,23}}","offset":"{1.00,-2.50}","sourceSize":"{20,20}","rotated":false},"ui1_000005":{"frame":"{{1594,344},{96,26}}","offset":"{1.77,0.97}","sourceSize":"{92.45,29.15}","rotated":false},"ui1_000021":{"frame":"{{0,1236},{216,374}}","offset":"{12.95,-0.43}","sourceSize":"{270.2,373.15000000000003}","rotated":false},"ui1_000049":{"frame":"{{1876,344},{13,22}}","offset":"{-2.50,-2.00}","sourceSize":"{20,20}","rotated":false},"ui1_000016":{"frame":"{{1542,387},{228,347}}","offset":"{1.75,0.88}","sourceSize":"{270.2,373.15000000000003}","rotated":false},"ui1_000037":{"frame":"{{1893,35},{29,35}}","offset":"{-0.50,-1.50}","sourceSize":"{32,32}","rotated":false},"ui1_000056":{"frame":"{{1885,546},{20,23}}","offset":"{1.00,-2.50}","sourceSize":"{20,20}","rotated":false},"ui1_000039":{"frame":"{{1904,423},{11,25}}","offset":"{-4.00,-2.00}","sourceSize":"{23,23}","rotated":false},"ui1_000029":{"frame":"{{1860,654},{16,34}}","offset":"{-6.00,-2.00}","sourceSize":"{32,32}","rotated":false},"ui1_000041":{"frame":"{{1893,174},{22,27}}","offset":"{-0.50,-2.00}","sourceSize":"{23,23}","rotated":false},"ui1_000026":{"frame":"{{1770,451},{86,63}}","offset":"{2.00,-2.00}","sourceSize":"{82,59}","rotated":false},"ui1_000035":{"frame":"{{1856,451},{31,35}}","offset":"{0.50,-1.50}","sourceSize":"{32,32}","rotated":false},"ui1_000033":{"frame":"{{1887,451},{30,35}}","offset":"{-1.00,-1.50}","sourceSize":"{32,32}","rotated":false},"ui1_000045":{"frame":"{{1893,148},{23,26}}","offset":"{1.00,-2.50}","sourceSize":"{23,23}","rotated":false},"ui1_000048":{"frame":"{{1856,486},{23,23}}","offset":"{2.50,-2.50}","sourceSize":"{20,20}","rotated":false},"ui1_000014":{"frame":"{{248,843},{238,384}}","offset":"{12.00,-2.53}","sourceSize":"{280.09999999999997,402.65000000000003}","rotated":false},"ui1_000031":{"frame":"{{1800,654},{30,36}}","offset":"{-1.00,-2.00}","sourceSize":"{32,32}","rotated":false},"ui1_000043":{"frame":"{{1893,227},{22,26}}","offset":"{-0.50,-2.50}","sourceSize":"{23,23}","rotated":false},"ui1_000052":{"frame":"{{1879,486},{21,23}}","offset":"{0.50,-2.50}","sourceSize":"{20,20}","rotated":false},"ui1_000055":{"frame":"{{1865,546},{20,23}}","offset":"{1.00,-2.50}","sourceSize":"{20,20}","rotated":false}},"mcs":{"shopBack":{"anchorX":0.47,"rect":"0,0,82.2,59.4","children":{"instance940":{"zIndex":0,"frames":"6.00,53.40,0.00,1.00,1.00,1.00","class":"asfasdf33aacc"}},"totalFrames":1,"anchorY":0.84,"type":"button"},"buy":{"anchorX":0.48,"rect":"0,0,109.25,59.8","children":{"instance911":{"zIndex":0,"frames":"7.70,54.80,0.00,1.00,1.00,1.00","class":"asfdas33001"},"label__5":{"zIndex":1,"frames":"24.10,41.25,0.00,1.00,1.00,1.00","class":"asdf3118"}},"totalFrames":1,"anchorY":0.41,"type":"button"},"DamageTxt":{"anchorX":0,"rect":"0,0,44.3,37","children":{"txt":{"frames":"0.00,37.00,0.00,1.00,1.00,1.00","align":"left","class":"ValueFont","text":"-10","zIndex":0,"height":47,"width":54}},"totalFrames":1,"anchorY":1,"type":"DamageTxt"},"ShopBar":{"anchorX":0.49,"rect":"0,0,25.65,289.2","children":{"instance990":{"zIndex":0,"frames":"2.50,286.70,0.00,1.00,1.00,1.00","class":"asdfasdf65677"}},"totalFrames":1,"anchorY":0.98,"type":"ShopBar"},"buyPandel":{"anchorX":-0.12,"rect":"0,0,522.5,838.85","children":{"scoreTxtg5":{"frames":"81.85,187.15,0.00,0.77,0.77,1.00","align":"center","class":"ScoreFont3","text":"00","zIndex":24,"height":46,"width":54},"scoreTxt5":{"frames":"409.15,259.65,0.00,1.29,1.29,1.00","align":"left","class":"ScoreFont3","text":"100","zIndex":9,"height":39,"width":76},"instance1144":{"zIndex":6,"frames":"363.35,546.35,0.00,1.29,1.29,1.00","class":"hjx28768_39664"},"label__5":{"zIndex":1,"frames":"128.90,813.20,0.00,1.00,1.00,1.00","class":"asdfasd00225u"},"buy1":{"zIndex":14,"frames":"458.85,742.25,0.00,1.00,1.00,1.00","class":"buy"},"scoreTxtg2":{"frames":"84.15,617.30,0.00,0.77,0.77,1.00","align":"center","class":"ScoreFont3","text":"00","zIndex":21,"height":51,"width":52},"instance1146":{"zIndex":8,"frames":"363.35,405.55,0.00,1.29,1.29,1.00","class":"hjx28768_39664"},"scoreTxt6":{"frames":"410.35,115.25,0.00,1.29,1.29,1.00","align":"left","class":"ScoreFont3","text":"100","zIndex":11,"height":39,"width":75},"buy3":{"zIndex":16,"frames":"454.40,458.20,0.00,1.00,1.00,1.00","class":"buy"},"buy4":{"zIndex":17,"frames":"455.95,317.80,0.00,1.00,1.00,1.00","class":"buy"},"buy2":{"zIndex":15,"frames":"458.85,599.60,0.00,1.00,1.00,1.00","class":"buy"},"buy5":{"zIndex":18,"frames":"455.95,177.10,0.00,1.00,1.00,1.00","class":"buy"},"buy6":{"zIndex":19,"frames":"455.95,35.15,0.00,1.00,1.00,1.00","class":"buy"},"instance1148":{"zIndex":10,"frames":"365.25,260.90,0.00,1.29,1.29,1.00","class":"hjx28768_39664"},"scoreTxt1":{"frames":"409.30,822.20,0.00,1.29,1.29,1.00","align":"left","class":"ScoreFont3","text":"100","zIndex":13,"height":39,"width":81},"buybg":{"zIndex":0,"frames":"0.00,838.85,0.00,1.00,1.00,1.00","class":"asdfasdf33ad"},"label__4":{"zIndex":26,"frames":"128.90,813.20,0.00,1.00,1.00,1.00","class":"asdfasd00225sd"},"scoreTxtg4":{"frames":"85.60,329.75,0.00,0.77,0.77,1.00","align":"center","class":"ScoreFont3","text":"99","zIndex":23,"height":51,"width":50},"scoreTxt2":{"frames":"405.25,685.40,0.00,1.29,1.29,1.00","align":"left","class":"ScoreFont3","text":"100","zIndex":3,"height":39,"width":80},"scoreTxtg1":{"frames":"86.90,754.85,0.00,0.77,0.77,1.00","align":"center","class":"ScoreFont3","text":"00","zIndex":20,"height":48,"width":47},"scoreTxt3":{"frames":"405.30,544.25,0.00,1.29,1.29,1.00","align":"left","class":"ScoreFont3","text":"100","zIndex":5,"height":39,"width":80},"instance1140":{"zIndex":2,"frames":"365.15,822.50,0.00,1.29,1.29,1.00","class":"hjx28768_39664"},"instance1150":{"zIndex":12,"frames":"365.65,119.15,0.00,1.29,1.29,1.00","class":"hjx28768_39664"},"scoreTxtg3":{"frames":"84.35,474.80,0.00,0.77,0.77,1.00","align":"center","class":"ScoreFont3","text":"00","zIndex":22,"height":52,"width":46},"instance1142":{"zIndex":4,"frames":"363.90,688.10,0.00,1.29,1.29,1.00","class":"hjx28768_39664"},"scoreTxt4":{"frames":"408.35,400.85,0.00,1.29,1.29,1.00","align":"left","class":"ScoreFont3","text":"500","zIndex":7,"height":39,"width":77},"scoreTxtg6":{"frames":"88.10,48.45,0.00,0.77,0.77,1.00","align":"center","class":"ScoreFont3","text":"00","zIndex":25,"height":50,"width":46}},"totalFrames":1,"anchorY":-0.04,"type":"buyPandel"}},"metadata":{"textureFileName":"ui1.png","realTextureFileName":"ui1.png","format":2,"size":"{1922,1922}"},"fonts":{"ScoreFont3":{"start":48,"chars":"0123456789","anchorX":-0.1,"end":57,"anchorY":1.5,"size":25},"ScoreFont":{"start":28,"chars":"0123456789","anchorX":-0.06,"end":37,"anchorY":1.53,"size":45},"ScoreFont2":{"start":38,"chars":"0123456789","anchorX":-0.04,"end":47,"anchorY":1.52,"size":35}},"displays":{"asdfasdf33ad":{"anchorX":0,"start":24,"end":24,"anchorY":1,"type":"asdfasdf33ad"},"asdf3118":{"anchorX":0.17,"start":0,"end":7,"anchorY":0.99,"type":"asdf3118"},"asdfasd00225u":{"anchorX":0.04,"start":16,"end":23,"anchorY":2.11,"type":"asdfasd00225u"},"asdfasdf65677":{"anchorX":0.1,"start":25,"end":25,"anchorY":0.99,"type":"asdfasdf65677"},"asdfasd00225sd":{"anchorX":0.08,"start":8,"end":15,"anchorY":0.95,"type":"asdfasd00225sd"},"hjx28768_39664":{"anchorX":-0.47,"start":58,"end":58,"anchorY":1.48,"type":"hjx28768_39664"},"asfdas33001":{"anchorX":0.07,"start":27,"end":27,"anchorY":0.92,"type":"asfdas33001"},"asfasdf33aacc":{"anchorX":0.07,"start":26,"end":26,"anchorY":0.9,"type":"asfasdf33aacc"}}}