{"mcs":{"a23":{"labels":{"selected":{"start":1,"end":1},"up":{"start":0,"end":0}},"rect":"0,0,93.2,93.8","anchorY":0.81,"anchorX":-0.07,"children":{"instance21935":{"zIndex":1,"frames":"null|45.60,20.70,0.00,1.00,1.00,1.00","class":"aafd676j"},"instance21401":{"zIndex":0,"frames":"2.00,91.80,0.00,1.00,1.00,1.00|null","class":"hjx99742_96672"},"instance21932":{"zIndex":0,"frames":"null|2.00,91.80,0.00,1.00,1.00,1.00","class":"adsfasdf22"}},"totalFrames":2,"type":"button"},"a24":{"labels":{"selected":{"start":1,"end":1},"up":{"start":0,"end":0}},"rect":"0,0,93.2,93.8","anchorY":0.81,"anchorX":-0.07,"children":{"instance21937":{"zIndex":0,"frames":"null|2.00,91.80,0.00,1.00,1.00,1.00","class":"adsfasdf22"},"instance21940":{"zIndex":1,"frames":"null|45.60,20.70,0.00,1.00,1.00,1.00","class":"aafd676j"},"instance21406":{"zIndex":0,"frames":"2.00,91.80,0.00,1.00,1.00,1.00|null","class":"hjx69543_43818"}},"totalFrames":2,"type":"button"},"a3":{"labels":{"selected":{"start":1,"end":1},"up":{"start":0,"end":0}},"rect":"0,0,93.2,93.8","anchorY":0.81,"anchorX":-0.07,"children":{"instance21411":{"zIndex":0,"frames":"2.00,91.80,0.00,1.00,1.00,1.00|null","class":"asdfakhjtu7"},"instance21945":{"zIndex":1,"frames":"null|45.60,20.70,0.00,1.00,1.00,1.00","class":"aafd676j"},"instance21942":{"zIndex":0,"frames":"null|2.00,91.80,0.00,1.00,1.00,1.00","class":"adsfasdf22"}},"totalFrames":2,"type":"button"},"a4":{"labels":{"selected":{"start":1,"end":1},"up":{"start":0,"end":0}},"rect":"0,0,93.2,93.8","anchorY":0.81,"anchorX":-0.07,"children":{"instance21947":{"zIndex":0,"frames":"null|2.00,91.80,0.00,1.00,1.00,1.00","class":"adsfasdf22"},"instance21416":{"zIndex":0,"frames":"2.00,91.80,0.00,1.00,1.00,1.00|null","class":"asdfasdf45"},"instance21950":{"zIndex":1,"frames":"null|45.60,20.70,0.00,1.00,1.00,1.00","class":"aafd676j"}},"totalFrames":2,"type":"button"},"ReplayButton":{"rect":"0,0,183.55,65.6","anchorY":1.19,"anchorX":-0.14,"children":{"instance2012":{"zIndex":0,"frames":"-46.75,77.20,0.00,1.00,1.00,1.00","class":"aaaca1"},"label__13":{"zIndex":1,"frames":"42.65,41.75,0.00,0.75,0.75,1.00","class":"afadfbbn6"}},"totalFrames":1,"type":"button"},"ControlBar":{"rect":"0,0,690.05,990.25","anchorY":0.05,"anchorX":0.04,"children":{"bg":{"zIndex":1,"frames":"-89.30,23.60,0.00,1.00,1.00,1.00","class":"asdfasdfa"},"continu":{"zIndex":6,"frames":"195.40,569.70,0.00,1.00,1.00,1.00","class":"ContinuButton"},"pauseBtn":{"zIndex":3,"frames":"538.75,914.10,0.00,1.00,1.00,1.00","class":"PauseButton"},"label__6":{"zIndex":7,"frames":"195.80,810.60,0.00,1.00,1.00,1.00","class":"asdfasdfasdfaac"},"moress":{"zIndex":5,"frames":"195.40,393.05,0.00,1.00,1.00,1.00","class":"mbt12"},"menu1":{"zIndex":4,"frames":"195.40,479.40,0.00,1.00,1.00,1.00","class":"MenuButton"},"soundBtn":{"zIndex":2,"frames":"601.95,918.45,0.00,1.00,1.00,1.00","class":"SoundButton"}},"totalFrames":1,"type":"ControlBar"},"a5":{"labels":{"selected":{"start":1,"end":1},"up":{"start":0,"end":0}},"rect":"0,0,93.2,93.8","anchorY":0.81,"anchorX":-0.07,"children":{"instance21421":{"zIndex":0,"frames":"2.00,91.80,0.00,1.00,1.00,1.00|null","class":"asdfasdf522"},"instance21952":{"zIndex":0,"frames":"null|2.00,91.80,0.00,1.00,1.00,1.00","class":"adsfasdf22"},"instance21955":{"zIndex":1,"frames":"null|45.60,20.70,0.00,1.00,1.00,1.00","class":"aafd676j"}},"totalFrames":2,"type":"button"},"a6":{"labels":{"selected":{"start":1,"end":1},"up":{"start":0,"end":0}},"rect":"0,0,93.2,93.8","anchorY":0.81,"anchorX":-0.07,"children":{"instance21426":{"zIndex":0,"frames":"2.00,91.80,0.00,1.00,1.00,1.00|null","class":"asfafd89"},"instance21960":{"zIndex":1,"frames":"null|45.60,20.70,0.00,1.00,1.00,1.00","class":"aafd676j"},"instance21957":{"zIndex":0,"frames":"null|2.00,91.80,0.00,1.00,1.00,1.00","class":"adsfasdf22"}},"totalFrames":2,"type":"button"},"SelectLevel":{"rect":"0,0,646.85,895.05","anchorY":0,"anchorX":0,"children":{"a23":{"zIndex":24,"frames":"333.25,126.80,0.00,1.00,1.00,1.00","class":"a23"},"a24":{"zIndex":23,"frames":"466.35,127.00,0.00,1.00,1.00,1.00","class":"a24"},"a3":{"zIndex":3,"frames":"337.60,762.55,0.00,1.00,1.00,1.00","class":"a3"},"a4":{"zIndex":6,"frames":"470.20,762.35,0.00,1.00,1.00,1.00","class":"a4"},"a5":{"zIndex":5,"frames":"63.55,636.15,0.00,1.00,1.00,1.00","class":"a5"},"a6":{"zIndex":4,"frames":"197.85,635.15,0.00,1.00,1.00,1.00","class":"a6"},"a7":{"zIndex":9,"frames":"337.60,635.15,0.00,1.00,1.00,1.00","class":"a7"},"a1":{"zIndex":1,"frames":"63.25,762.00,0.00,1.00,1.00,1.00","class":"a1"},"a8":{"zIndex":8,"frames":"471.15,634.65,0.00,1.00,1.00,1.00","class":"a8"},"a10":{"zIndex":10,"frames":"197.85,505.15,0.00,1.00,1.00,1.00","class":"a10"},"a9":{"zIndex":7,"frames":"62.95,505.25,0.00,1.00,1.00,1.00","class":"a9"},"a11":{"zIndex":12,"frames":"337.60,505.15,0.00,1.00,1.00,1.00","class":"a11"},"backssss":{"zIndex":25,"frames":"70.25,861.25,0.00,1.05,1.05,1.00","class":"backss"},"a12":{"zIndex":13,"frames":"471.75,504.15,0.00,1.00,1.00,1.00","class":"a12"},"a13":{"zIndex":15,"frames":"62.25,380.50,0.00,1.00,1.00,1.00","class":"a13"},"a14":{"zIndex":14,"frames":"199.30,378.50,0.00,1.00,1.00,1.00","class":"a14"},"a15":{"zIndex":11,"frames":"337.10,378.50,0.00,1.00,1.00,1.00","class":"a15"},"a16":{"zIndex":17,"frames":"470.20,378.50,0.00,1.00,1.00,1.00","class":"a16"},"instance2953":{"zIndex":0,"frames":"0.00,895.05,0.00,1.00,1.00,1.00","class":"hjx86018_92844"},"a18":{"zIndex":20,"frames":"197.85,253.70,0.00,1.00,1.00,1.00","class":"a18"},"a19":{"zIndex":19,"frames":"336.70,252.70,0.00,1.00,1.00,1.00","class":"a19"},"a17":{"zIndex":18,"frames":"64.25,255.70,0.00,1.00,1.00,1.00","class":"a17"},"a2":{"zIndex":2,"frames":"197.85,765.25,0.00,1.00,1.00,1.00","class":"a2"},"a20":{"zIndex":16,"frames":"470.20,252.70,0.00,1.00,1.00,1.00","class":"a20"},"a21":{"zIndex":21,"frames":"62.80,129.40,0.00,1.00,1.00,1.00","class":"a21"},"a22":{"zIndex":22,"frames":"194.75,126.80,0.00,1.00,1.00,1.00","class":"a22"}},"totalFrames":1,"type":"SelectLevel"},"a7":{"labels":{"selected":{"start":1,"end":1},"up":{"start":0,"end":0}},"rect":"0,0,93.2,93.8","anchorY":0.81,"anchorX":-0.07,"children":{"instance21965":{"zIndex":1,"frames":"null|45.60,20.70,0.00,1.00,1.00,1.00","class":"aafd676j"},"instance21431":{"zIndex":0,"frames":"2.00,91.80,0.00,1.00,1.00,1.00|null","class":"asfdasdfbb7"},"instance21962":{"zIndex":0,"frames":"null|2.00,91.80,0.00,1.00,1.00,1.00","class":"adsfasdf22"}},"totalFrames":2,"type":"button"},"a1":{"labels":{"selected":{"start":1,"end":1},"up":{"start":0,"end":0}},"rect":"0,0,93.2,93.8","anchorY":0.81,"anchorX":-0.07,"children":{"instance21324":{"zIndex":0,"frames":"2.00,91.80,0.00,1.00,1.00,1.00|null","class":"asfasd11"},"instance21857":{"zIndex":0,"frames":"null|2.00,91.80,0.00,1.00,1.00,1.00","class":"adsfasdf22"},"instance21860":{"zIndex":1,"frames":"null|45.60,20.70,0.00,1.00,1.00,1.00","class":"aafd676j"}},"totalFrames":2,"type":"button"},"ContinuButton":{"rect":"0,0,233.55,65.6","anchorY":0.95,"anchorX":-0.12,"children":{"instance1899":{"zIndex":0,"frames":"3.25,77.20,0.00,1.00,1.00,1.00","class":"aaaca"},"label__7":{"zIndex":1,"frames":"31.90,47.50,0.00,1.00,1.00,1.00","class":"adsf3"}},"totalFrames":1,"type":"button"},"a8":{"labels":{"selected":{"start":1,"end":1},"up":{"start":0,"end":0}},"rect":"0,0,93.2,93.8","anchorY":0.81,"anchorX":-0.07,"children":{"instance21967":{"zIndex":0,"frames":"null|2.00,91.80,0.00,1.00,1.00,1.00","class":"adsfasdf22"},"instance21970":{"zIndex":1,"frames":"null|45.60,20.70,0.00,1.00,1.00,1.00","class":"aafd676j"},"instance21436":{"zIndex":0,"frames":"2.00,91.80,0.00,1.00,1.00,1.00|null","class":"asdfasdfa112"}},"totalFrames":2,"type":"button"},"a10":{"labels":{"selected":{"start":1,"end":1},"up":{"start":0,"end":0}},"rect":"0,0,93.2,93.8","anchorY":0.81,"anchorX":-0.07,"children":{"instance21865":{"zIndex":1,"frames":"null|45.60,20.70,0.00,1.00,1.00,1.00","class":"aafd676j"},"instance21330":{"zIndex":0,"frames":"2.00,91.80,0.00,1.00,1.00,1.00|null","class":"hjx94798_8867"},"instance21862":{"zIndex":0,"frames":"null|2.00,91.80,0.00,1.00,1.00,1.00","class":"adsfasdf22"}},"totalFrames":2,"type":"button"},"a9":{"labels":{"selected":{"start":1,"end":1},"up":{"start":0,"end":0}},"rect":"0,0,93.2,93.8","anchorY":0.81,"anchorX":-0.07,"children":{"instance21975":{"zIndex":1,"frames":"null|45.60,20.70,0.00,1.00,1.00,1.00","class":"aafd676j"},"instance21972":{"zIndex":0,"frames":"null|2.00,91.80,0.00,1.00,1.00,1.00","class":"adsfasdf22"},"instance21441":{"zIndex":0,"frames":"2.00,91.80,0.00,1.00,1.00,1.00|null","class":"asdfasdf0o"}},"totalFrames":2,"type":"button"},"a11":{"labels":{"selected":{"start":1,"end":1},"up":{"start":0,"end":0}},"rect":"0,0,93.2,93.8","anchorY":0.81,"anchorX":-0.07,"children":{"instance21870":{"zIndex":1,"frames":"null|45.60,20.70,0.00,1.00,1.00,1.00","class":"aafd676j"},"instance21335":{"zIndex":0,"frames":"2.00,91.80,0.00,1.00,1.00,1.00|null","class":"hjx59293_75624"},"instance21867":{"zIndex":0,"frames":"null|2.00,91.80,0.00,1.00,1.00,1.00","class":"adsfasdf22"}},"totalFrames":2,"type":"button"},"a12":{"labels":{"selected":{"start":1,"end":1},"up":{"start":0,"end":0}},"rect":"0,0,93.2,93.8","anchorY":0.81,"anchorX":-0.07,"children":{"instance21872":{"zIndex":0,"frames":"null|2.00,91.80,0.00,1.00,1.00,1.00","class":"adsfasdf22"},"instance21875":{"zIndex":1,"frames":"null|45.60,20.70,0.00,1.00,1.00,1.00","class":"aafd676j"},"instance21340":{"zIndex":0,"frames":"2.00,91.80,0.00,1.00,1.00,1.00|null","class":"hjx19937_74908"}},"totalFrames":2,"type":"button"},"MenuButton":{"rect":"0,0,183.55,65.6","anchorY":0.95,"anchorX":-0.24,"children":{"label__12":{"zIndex":1,"frames":"47.30,44.00,0.00,1.00,1.00,1.00","class":"asdf78"},"instance1929":{"zIndex":0,"frames":"-46.75,77.20,0.00,1.00,1.00,1.00","class":"aaaca1"}},"totalFrames":1,"type":"button"},"backss":{"rect":"0,0,82.2,59.4","anchorY":0.84,"anchorX":0.47,"children":{"instance2769":{"zIndex":0,"frames":"6.00,53.40,0.00,1.00,1.00,1.00","class":"afafnkl"}},"totalFrames":1,"type":"button"},"a13":{"labels":{"selected":{"start":1,"end":1},"up":{"start":0,"end":0}},"rect":"0,0,93.2,93.8","anchorY":0.81,"anchorX":-0.07,"children":{"instance21345":{"zIndex":0,"frames":"2.00,91.80,0.00,1.00,1.00,1.00|null","class":"hjx79407_60920"},"instance21877":{"zIndex":0,"frames":"null|2.00,91.80,0.00,1.00,1.00,1.00","class":"adsfasdf22"},"instance21880":{"zIndex":1,"frames":"null|45.60,20.70,0.00,1.00,1.00,1.00","class":"aafd676j"}},"totalFrames":2,"type":"button"},"WinPanel":{"rect":"0,0,631.1,560.85","anchorY":-0.2,"anchorX":0.01,"children":{"replayBtn":{"zIndex":1,"frames":"98.70,175.30,0.00,1.00,1.00,1.00","class":"ReplayButton"},"instance3116":{"zIndex":0,"frames":"17.75,551.20,0.00,1.00,1.00,1.00","class":"resultbg"},"label__15":{"zIndex":5,"frames":"135.90,486.90,0.00,1.00,1.00,1.00","class":"you_win_txt"},"moressa":{"zIndex":4,"frames":"288.20,56.15,0.00,1.00,1.00,1.00","class":"mbt12"},"scoreTxt":{"align":"center","height":67,"zIndex":2,"text":"28","frames":"235.40,337.45,0.00,1.00,1.00,1.00","width":173,"class":"ScoreFont"},"nextBtn":{"zIndex":3,"frames":"286.50,175.55,0.00,1.00,1.00,1.00","class":"NextButton"}},"totalFrames":1,"type":"WinPanel"},"a14":{"labels":{"selected":{"start":1,"end":1},"up":{"start":0,"end":0}},"rect":"0,0,93.2,93.8","anchorY":0.81,"anchorX":-0.07,"children":{"instance21350":{"zIndex":0,"frames":"2.00,91.80,0.00,1.00,1.00,1.00|null","class":"hjx70341_43358"},"instance21882":{"zIndex":0,"frames":"null|2.00,91.80,0.00,1.00,1.00,1.00","class":"adsfasdf22"},"instance21885":{"zIndex":1,"frames":"null|45.60,20.70,0.00,1.00,1.00,1.00","class":"aafd676j"}},"totalFrames":2,"type":"button"},"mbt12":{"rect":"0,0,217.1,52.95","anchorY":1.06,"anchorX":-0.17,"children":{"instance1845":{"zIndex":0,"frames":"-61.50,61.75,0.00,1.00,1.00,1.00","class":"asdfasdfasdf455347a3"},"label__14":{"zIndex":1,"frames":"9.45,63.05,0.00,1.00,1.00,1.00","class":"asdfasdf04365ws"}},"totalFrames":1,"type":"MoreGameButton"},"a15":{"labels":{"selected":{"start":1,"end":1},"up":{"start":0,"end":0}},"rect":"0,0,93.2,93.8","anchorY":0.81,"anchorX":-0.07,"children":{"instance21355":{"zIndex":0,"frames":"2.00,91.80,0.00,1.00,1.00,1.00|null","class":"hjx64435_77543"},"instance21890":{"zIndex":1,"frames":"null|45.60,20.70,0.00,1.00,1.00,1.00","class":"aafd676j"},"instance21887":{"zIndex":0,"frames":"null|2.00,91.80,0.00,1.00,1.00,1.00","class":"adsfasdf22"}},"totalFrames":2,"type":"button"},"a16":{"labels":{"selected":{"start":1,"end":1},"up":{"start":0,"end":0}},"rect":"0,0,93.2,93.8","anchorY":0.81,"anchorX":-0.07,"children":{"instance21895":{"zIndex":1,"frames":"null|45.60,20.70,0.00,1.00,1.00,1.00","class":"aafd676j"},"instance21892":{"zIndex":0,"frames":"null|2.00,91.80,0.00,1.00,1.00,1.00","class":"adsfasdf22"},"instance21360":{"zIndex":0,"frames":"2.00,91.80,0.00,1.00,1.00,1.00|null","class":"hjx21514_72983"}},"totalFrames":2,"type":"button"},"PauseButton":{"labels":{"selected":{"start":2,"end":2},"down":{"start":1,"end":1},"up":{"start":0,"end":0}},"rect":"0,0,59.75,58.15","anchorY":0.76,"anchorX":0.29,"children":{"instance22229":{"zIndex":0,"frames":"null||12.30,45.85,0.00,1.00,1.00,1.00","class":"Symbol13"},"instance21841":{"zIndex":0,"frames":"null|11.10,50.90,0.00,1.00,1.00,1.00|null","class":"Symbol12"},"instance21317":{"zIndex":0,"frames":"14.40,47.20,0.00,1.00,1.00,1.00|null|","class":"Symbol11"}},"totalFrames":3,"type":"button"},"a17":{"labels":{"selected":{"start":1,"end":1},"up":{"start":0,"end":0}},"rect":"0,0,93.2,93.8","anchorY":0.81,"anchorX":-0.07,"children":{"instance21900":{"zIndex":1,"frames":"null|45.60,20.70,0.00,1.00,1.00,1.00","class":"aafd676j"},"instance21897":{"zIndex":0,"frames":"null|2.00,91.80,0.00,1.00,1.00,1.00","class":"adsfasdf22"},"instance21365":{"zIndex":0,"frames":"2.00,91.80,0.00,1.00,1.00,1.00|null","class":"hjx77553_81143"}},"totalFrames":2,"type":"button"},"NextButton":{"rect":"0,0,183.55,65.6","anchorY":1.2,"anchorX":-0.32,"children":{"instance1956":{"zIndex":0,"frames":"-46.75,77.20,0.00,1.00,1.00,1.00","class":"aaaca1"},"label__16":{"zIndex":1,"frames":"34.10,48.65,0.00,1.00,1.00,1.00","class":"asdcase3"}},"totalFrames":1,"type":"button"},"a18":{"labels":{"selected":{"start":1,"end":1},"up":{"start":0,"end":0}},"rect":"0,0,93.2,93.8","anchorY":0.81,"anchorX":-0.07,"children":{"instance21905":{"zIndex":1,"frames":"null|45.60,20.70,0.00,1.00,1.00,1.00","class":"aafd676j"},"instance21370":{"zIndex":0,"frames":"2.00,91.80,0.00,1.00,1.00,1.00|null","class":"hjx335_21209"},"instance21902":{"zIndex":0,"frames":"null|2.00,91.80,0.00,1.00,1.00,1.00","class":"adsfasdf22"}},"totalFrames":2,"type":"button"},"SoundButton":{"labels":{"selected":{"start":2,"end":2},"down":{"start":1,"end":1},"up":{"start":0,"end":0}},"rect":"0,0,59.75,58.15","anchorY":0.79,"anchorX":0.13,"children":{"instance21855":{"zIndex":0,"frames":"null|2.55,50.75,0.00,1.00,1.00,1.00|null","class":"Symbol15"},"instance22231":{"zIndex":0,"frames":"null||3.80,49.60,0.00,1.00,1.00,1.00","class":"Symbol16"},"instance21321":{"zIndex":0,"frames":"3.80,49.60,0.00,1.00,1.00,1.00|null|","class":"Symbol14"},"instance22234":{"zIndex":1,"frames":"null||26.30,25.75,0.00,1.00,1.00,1.00","class":"Symbol17"}},"totalFrames":3,"type":"button"},"a19":{"labels":{"selected":{"start":1,"end":1},"up":{"start":0,"end":0}},"rect":"0,0,93.2,93.8","anchorY":0.81,"anchorX":-0.07,"children":{"instance21375":{"zIndex":0,"frames":"2.00,91.80,0.00,1.00,1.00,1.00|null","class":"hjx84766_73952"},"instance21910":{"zIndex":1,"frames":"null|45.60,20.70,0.00,1.00,1.00,1.00","class":"aafd676j"},"instance21907":{"zIndex":0,"frames":"null|2.00,91.80,0.00,1.00,1.00,1.00","class":"adsfasdf22"}},"totalFrames":2,"type":"button"},"mb1":{"rect":"0,0,217.1,52.95","anchorY":1.36,"anchorX":-0.07,"children":{"instance1818":{"zIndex":0,"frames":"-61.50,61.75,0.00,1.00,1.00,1.00|","class":"asdfasdfasdf455347a3"},"label__50":{"zIndex":1,"frames":"9.30,65.30,0.00,1.00,1.00,1.00|","class":"asdfasdf04365ws"}},"totalFrames":2,"type":"MoreGameButton"},"a2":{"labels":{"selected":{"start":1,"end":1},"up":{"start":0,"end":0}},"rect":"0,0,93.3,94.7","anchorY":0.81,"anchorX":-0.07,"children":{"instance21915":{"zIndex":1,"frames":"null|45.60,21.60,0.00,1.00,1.00,1.00","class":"aafd676j"},"instance21380":{"zIndex":0,"frames":"2.10,91.80,0.00,1.00,1.00,1.00|null","class":"asdfasdfasf555"},"instance21912":{"zIndex":0,"frames":"null|2.00,92.70,0.00,1.00,1.00,1.00","class":"adsfasdf22"}},"totalFrames":2,"type":"button"},"a20":{"labels":{"selected":{"start":1,"end":1},"up":{"start":0,"end":0}},"rect":"0,0,93.2,93.8","anchorY":0.81,"anchorX":-0.07,"children":{"instance21386":{"zIndex":0,"frames":"2.00,91.80,0.00,1.00,1.00,1.00|null","class":"hjx65485_36781"},"instance21917":{"zIndex":0,"frames":"null|2.00,91.80,0.00,1.00,1.00,1.00","class":"adsfasdf22"},"instance21920":{"zIndex":1,"frames":"null|45.60,20.70,0.00,1.00,1.00,1.00","class":"aafd676j"}},"totalFrames":2,"type":"button"},"mbtn":{"rect":"0,0,368.8,89.95","anchorY":1.01,"anchorX":0.04,"children":{"label__11":{"zIndex":1,"frames":"16.10,107.10,0.00,1.70,1.70,1.00","class":"asdfasdf04365ws"},"instance1872":{"zIndex":0,"frames":"-104.45,104.90,0.00,1.70,1.70,1.00","class":"asdfasdfasdf455347a3"}},"totalFrames":1,"type":"MoreGameButton"},"BattlePanel":{"rect":"0,0,690.45,919.8","anchorY":0,"anchorX":0.02,"children":{"healthBar2":{"zIndex":4,"frames":"212.30,847.25,0.00,1.00,1.00,1.00","class":"HealthBar"},"plat":{"zIndex":6,"frames":"0.00,648.30,0.00,1.00,1.00,1.00","class":"platform"},"g":{"zIndex":5,"frames":"340.45,895.70,0.00,1.00,1.00,1.00","class":"asdfasdf"},"instance2805":{"zIndex":3,"frames":"202.15,846.25,0.00,1.00,1.00,1.00","class":"bar_back"},"scoreTxt":{"align":"left","height":42,"zIndex":7,"text":"00","frames":"65.90,865.20,0.00,1.00,1.00,1.00","width":105,"class":"ScoreFont3"},"healthBar":{"zIndex":2,"frames":"632.45,666.40,-89.99,1.00,1.00,1.00","class":"HealthBar1"},"instance2795":{"zIndex":0,"frames":"11.75,880.00,0.00,1.00,1.00,1.00","class":"battleBG"},"instance2802":{"zIndex":1,"frames":"633.50,656.20,-89.99,1.00,1.00,1.00","class":"bar_back"}},"totalFrames":1,"type":"BattlePanel"},"a21":{"labels":{"selected":{"start":1,"end":1},"up":{"start":0,"end":0}},"rect":"0,0,93.2,93.8","anchorY":0.81,"anchorX":-0.07,"children":{"instance21391":{"zIndex":0,"frames":"2.00,91.80,0.00,1.00,1.00,1.00|null","class":"hjx76299_81334"},"instance21922":{"zIndex":0,"frames":"null|2.00,91.80,0.00,1.00,1.00,1.00","class":"adsfasdf22"},"instance21925":{"zIndex":1,"frames":"null|45.60,20.70,0.00,1.00,1.00,1.00","class":"aafd676j"}},"totalFrames":2,"type":"button"},"a22":{"labels":{"selected":{"start":1,"end":1},"up":{"start":0,"end":0}},"rect":"0,0,93.2,93.8","anchorY":0.81,"anchorX":-0.07,"children":{"instance21396":{"zIndex":0,"frames":"2.00,91.80,0.00,1.00,1.00,1.00|null","class":"hjx6995_93603"},"instance21930":{"zIndex":1,"frames":"null|45.60,20.70,0.00,1.00,1.00,1.00","class":"aafd676j"},"instance21927":{"zIndex":0,"frames":"null|2.00,91.80,0.00,1.00,1.00,1.00","class":"adsfasdf22"}},"totalFrames":2,"type":"button"},"ResultPanel":{"rect":"0,0,631.1,558.65","anchorY":-0.32,"anchorX":-0.01,"children":{"instance2910":{"zIndex":0,"frames":"17.75,549.00,0.00,1.00,1.00,1.00","class":"resultbg"},"Menu":{"zIndex":4,"frames":"57.10,164.70,0.00,1.00,1.00,1.00","class":"MenuButton"},"moreBtn":{"zIndex":6,"frames":"301.25,72.00,0.00,1.00,1.00,1.00","class":"mb1"},"label__14":{"zIndex":3,"frames":"162.60,448.80,0.00,1.00,1.00,1.00","class":"you_killed_txt"},"replayBtn":{"zIndex":1,"frames":"322.65,179.65,0.00,1.00,1.00,1.00","class":"ReplayButton"},"scoreTxt":{"align":"center","height":67,"zIndex":5,"text":"28","frames":"242.60,332.90,0.00,1.00,1.00,1.00","width":173,"class":"ScoreFont"}},"totalFrames":1,"type":"ResultPanel"}},"displays":{"afafnkl":{"anchorX":0.07,"start":29,"type":"afafnkl","end":29,"anchorY":0.9},"asdcase3":{"anchorX":-0.03,"start":30,"type":"asdcase3","end":37,"anchorY":1.03},"asdf78":{"anchorX":0.05,"start":38,"type":"asdf78","end":45,"anchorY":0.91},"asdfakhjtu7":{"anchorX":0.02,"start":46,"type":"asdfakhjtu7","end":46,"anchorY":0.98},"platform":{"anchorX":0,"start":115,"type":"platform","end":115,"anchorY":1.3},"hjx19937_74908":{"anchorX":0.02,"start":98,"type":"hjx19937_74908","end":98,"anchorY":0.98},"asdfasdf":{"anchorX":0.03,"start":47,"type":"asdfasdf","end":47,"anchorY":1.85},"Symbol11":{"anchorX":-0.04,"start":2,"type":"Symbol11","end":2,"anchorY":1.06},"hjx21514_72983":{"anchorX":0.02,"start":99,"type":"hjx21514_72983","end":99,"anchorY":0.98},"asdfasdf04365ws":{"anchorX":-0.04,"start":48,"type":"asdfasdf04365ws","end":55,"anchorY":1.41},"Symbol12":{"anchorX":-0.04,"start":3,"type":"Symbol12","end":3,"anchorY":1.06},"HealthBar":{"anchorX":0,"start":0,"type":"HealthBar","end":0,"anchorY":0.55},"resultbg":{"anchorX":0.03,"start":116,"type":"resultbg","end":116,"anchorY":0.98},"asdfasdf0o":{"anchorX":0.02,"start":56,"type":"asdfasdf0o","end":56,"anchorY":0.98},"Symbol13":{"anchorX":-0.05,"start":4,"type":"Symbol13","end":4,"anchorY":1.06},"hjx335_21209":{"anchorX":0.02,"start":101,"type":"hjx335_21209","end":101,"anchorY":0.98},"you_killed_txt":{"anchorX":0.07,"start":117,"type":"you_killed_txt","end":124,"anchorY":0.75},"asdfasdf45":{"anchorX":0.02,"start":57,"type":"asdfasdf45","end":57,"anchorY":0.98},"Symbol14":{"anchorX":-0.17,"start":5,"type":"Symbol14","end":5,"anchorY":1.17},"hjx59293_75624":{"anchorX":0.02,"start":102,"type":"hjx59293_75624","end":102,"anchorY":0.98},"you_win_txt":{"anchorX":-0.04,"start":125,"type":"you_win_txt","end":132,"anchorY":1.09},"asdfasdf522":{"anchorX":0.02,"start":58,"type":"asdfasdf522","end":58,"anchorY":0.98},"Symbol15":{"anchorX":-0.16,"start":6,"type":"Symbol15","end":6,"anchorY":1.17},"hjx28768_39664":{"anchorX":-0.47,"start":100,"type":"hjx28768_39664","end":100,"anchorY":1.48},"hjx64435_77543":{"anchorX":0.02,"start":103,"type":"hjx64435_77543","end":103,"anchorY":0.98},"asdfasdf78":{"anchorX":-0.21,"start":59,"type":"asdfasdf78","end":59,"anchorY":1.89},"Symbol16":{"anchorX":-0.17,"start":7,"type":"Symbol16","end":7,"anchorY":1.17},"hjx65485_36781":{"anchorX":0.02,"start":104,"type":"hjx65485_36781","end":104,"anchorY":0.98},"asdfasdfa":{"anchorX":-0.13,"start":60,"type":"asdfasdfa","end":60,"anchorY":0.02},"hjx69543_43818":{"anchorX":0.02,"start":105,"type":"hjx69543_43818","end":105,"anchorY":0.98},"asdfasdfa112":{"anchorX":0.02,"start":61,"type":"asdfasdfa112","end":61,"anchorY":0.98},"hjx6995_93603":{"anchorX":0.02,"start":106,"type":"hjx6995_93603","end":106,"anchorY":0.98},"asdfasdfasdf455347a3":{"anchorX":-0.28,"start":62,"type":"asdfasdfasdf455347a3","end":62,"anchorY":1.17},"hjx70341_43358":{"anchorX":0.02,"start":107,"type":"hjx70341_43358","end":107,"anchorY":0.98},"asdfasdfasdfaac":{"anchorX":-0.04,"start":63,"type":"asdfasdfasdfaac","end":70,"anchorY":1.38},"hjx76299_81334":{"anchorX":0.02,"start":108,"type":"hjx76299_81334","end":108,"anchorY":0.98},"Symbol17":{"anchorX":0,"start":8,"type":"Symbol17","end":8,"anchorY":1},"hjx77553_81143":{"anchorX":0.02,"start":109,"type":"hjx77553_81143","end":109,"anchorY":0.98},"aaaca":{"anchorX":0.01,"start":9,"type":"aaaca","end":9,"anchorY":1.18},"asdfasdfasf555":{"anchorX":0.02,"start":71,"type":"asdfasdfasf555","end":71,"anchorY":0.98},"hjx79407_60920":{"anchorX":0.02,"start":110,"type":"hjx79407_60920","end":110,"anchorY":0.98},"aaaca1":{"anchorX":-0.25,"start":10,"type":"aaaca1","end":10,"anchorY":1.18},"asdfasf":{"anchorX":0,"start":72,"type":"asdfasf","end":72,"anchorY":1},"hjx84766_73952":{"anchorX":0.02,"start":111,"type":"hjx84766_73952","end":111,"anchorY":0.98},"aafd676j":{"anchorX":0.48,"start":11,"type":"aafd676j","end":11,"anchorY":0},"asfafd89":{"anchorX":0.02,"start":73,"type":"asfafd89","end":73,"anchorY":0.98},"hjx86018_92844":{"anchorX":0,"start":112,"type":"hjx86018_92844","end":112,"anchorY":1},"adsf3":{"anchorX":-0.06,"start":12,"type":"adsf3","end":19,"anchorY":1},"asfasd11":{"anchorX":0.02,"start":74,"type":"asfasd11","end":74,"anchorY":0.98},"HealthBar1":{"anchorX":0,"start":1,"type":"HealthBar1","end":1,"anchorY":0.55},"hjx94798_8867":{"anchorX":0.02,"start":113,"type":"hjx94798_8867","end":113,"anchorY":0.98},"asfdasdfbb7":{"anchorX":0.02,"start":75,"type":"asfdasdfbb7","end":75,"anchorY":0.98},"adsfasdf22":{"anchorX":0.02,"start":20,"type":"adsfasdf22","end":20,"anchorY":0.98},"hjx99742_96672":{"anchorX":0.02,"start":114,"type":"hjx99742_96672","end":114,"anchorY":0.98},"bar_back":{"anchorX":0,"start":76,"type":"bar_back","end":76,"anchorY":0.48},"afadfbbn6":{"anchorX":0.13,"start":21,"type":"afadfbbn6","end":28,"anchorY":0.77},"battleBG":{"anchorX":0,"start":77,"type":"battleBG","end":77,"anchorY":0.96}},"metadata":{"realTextureFileName":"ui2.png","format":2,"textureFileName":"ui2.png","size":"{1922,1922}"},"frames":{"ui2_000003":{"frame":"{{1867,870},{41,45}}","offset":"{2.00,-2.00}","sourceSize":"{37,41}","rotated":false},"ui2_000106":{"frame":"{{1771,1304},{97,98}}","offset":"{2.00,-2.00}","sourceSize":"{93,94}","rotated":false},"ui2_000007":{"frame":"{{1868,1244},{42,38}}","offset":"{2.00,-2.00}","sourceSize":"{38,34}","rotated":false},"ui2_000027":{"frame":"{{1544,924},{179,37}}","offset":"{0.35,-3.20}","sourceSize":"{186,50}","rotated":false},"ui2_000046":{"frame":"{{1383,1108},{97,98}}","offset":"{2.00,-2.00}","sourceSize":"{93,94}","rotated":false},"ui2_000011":{"frame":"{{1868,1108},{47,58}}","offset":"{2.00,-2.00}","sourceSize":"{43,54}","rotated":false},"ui2_000056":{"frame":"{{1480,1108},{97,98}}","offset":"{2.00,-2.00}","sourceSize":"{93,94}","rotated":false},"ui2_000080":{"frame":"{{651,1740},{30,36}}","offset":"{1.00,-2.00}","sourceSize":"{32,32}","rotated":false},"ui2_000051":{"frame":"{{1388,924},{156,42}}","offset":"{-1.10,0.20}","sourceSize":"{186.1,42.4}","rotated":false},"ui2_000030":{"frame":"{{651,1705},{86,35}}","offset":"{-2.25,-2.00}","sourceSize":"{117,34}","rotated":false},"ui2_000019":{"frame":"{{1669,1540},{144,31}}","offset":"{-1.15,-1.70}","sourceSize":"{156.5,32.5}","rotated":false},"ui2_000105":{"frame":"{{1674,1304},{97,98}}","offset":"{2.00,-2.00}","sourceSize":"{93,94}","rotated":false},"ui2_000087":{"frame":"{{826,1705},{29,35}}","offset":"{-0.50,-1.50}","sourceSize":"{32,32}","rotated":false},"ui2_000115":{"frame":"{{694,924},{694,44}}","offset":"{2.00,-2.00}","sourceSize":"{690,40}","rotated":false},"ui2_000066":{"frame":"{{1371,727},{211,79}}","offset":"{6.25,-2.75}","sourceSize":"{254.29999999999998,77.8}","rotated":false},"ui2_000096":{"frame":"{{1758,1500},{20,23}}","offset":"{1.00,-2.50}","sourceSize":"{20,20}","rotated":false},"ui2_000036":{"frame":"{{1593,1500},{100,29}}","offset":"{-0.25,-0.25}","sourceSize":"{117,34}","rotated":false},"ui2_000073":{"frame":"{{1383,1206},{97,98}}","offset":"{2.00,-2.00}","sourceSize":"{93,94}","rotated":false},"ui2_000130":{"frame":"{{1371,870},{249,54}}","offset":"{4.50,0.50}","sourceSize":"{352,71}","rotated":false},"ui2_000123":{"frame":"{{1371,668},{326,59}}","offset":"{10.85,-12.68}","sourceSize":"{364,76.35}","rotated":false},"ui2_000093":{"frame":"{{1888,1476},{20,23}}","offset":"{0.00,-2.50}","sourceSize":"{20,20}","rotated":false},"ui2_000092":{"frame":"{{1901,1438},{21,23}}","offset":"{0.50,-2.50}","sourceSize":"{20,20}","rotated":false},"ui2_000132":{"frame":"{{1620,870},{247,53}}","offset":"{5.50,1.00}","sourceSize":"{352,71}","rotated":false},"ui2_000079":{"frame":"{{1906,69},{16,34}}","offset":"{-6.00,-2.00}","sourceSize":"{32,32}","rotated":false},"ui2_000131":{"frame":"{{1286,1060},{226,48}}","offset":"{-6.00,-0.50}","sourceSize":"{352,71}","rotated":false},"ui2_000086":{"frame":"{{767,1705},{30,35}}","offset":"{1.00,-1.50}","sourceSize":"{32,32}","rotated":false},"ui2_000040":{"frame":"{{651,1669},{102,36}}","offset":"{1.93,-1.15}","sourceSize":"{98.14999999999999,33.7}","rotated":false},"ui2_000072":{"frame":"{{694,968},{192,22}}","offset":"{2.00,-2.00}","sourceSize":"{188,18}","rotated":false},"ui2_000065":{"frame":"{{1286,994},{235,66}}","offset":"{-9.65,5.90}","sourceSize":"{254.29999999999998,77.8}","rotated":false},"ui2_000045":{"frame":"{{1829,478},{89,35}}","offset":"{2.78,-1.30}","sourceSize":"{98.14999999999999,33.7}","rotated":false},"ui2_000114":{"frame":"{{651,1500},{97,98}}","offset":"{2.00,-2.00}","sourceSize":"{93,94}","rotated":false},"ui2_000060":{"frame":"{{0,0},{694,994}}","offset":"{2.00,-2.00}","sourceSize":"{690,990}","rotated":false},"ui2_000050":{"frame":"{{1512,1060},{172,38}}","offset":"{1.45,-2.85}","sourceSize":"{186.1,42.4}","rotated":false},"ui2_000055":{"frame":"{{1719,542},{172,40}}","offset":"{2.25,-5.20}","sourceSize":"{186.1,42.4}","rotated":false},"ui2_000094":{"frame":"{{1718,1500},{20,23}}","offset":"{1.00,-2.50}","sourceSize":"{20,20}","rotated":false},"ui2_000006":{"frame":"{{1868,1166},{44,40}}","offset":"{2.00,-2.00}","sourceSize":"{40,36}","rotated":false},"ui2_000026":{"frame":"{{1704,478},{125,54}}","offset":"{-0.60,-2.00}","sourceSize":"{186,50}","rotated":false},"ui2_000002":{"frame":"{{1868,1342},{35,38}}","offset":"{2.00,-2.00}","sourceSize":"{31,34}","rotated":false},"ui2_000104":{"frame":"{{1577,1304},{97,98}}","offset":"{2.00,-2.00}","sourceSize":"{93,94}","rotated":false},"ui2_000014":{"frame":"{{1218,1540},{155,33}}","offset":"{1.00,-0.70}","sourceSize":"{156.5,32.5}","rotated":false},"ui2_000035":{"frame":"{{787,1637},{100,31}}","offset":"{-0.05,-1.10}","sourceSize":"{117,34}","rotated":false},"ui2_000122":{"frame":"{{1371,478},{333,64}}","offset":"{14.50,-2.18}","sourceSize":"{364,76.35}","rotated":false},"ui2_000010":{"frame":"{{1718,69},{188,70}}","offset":"{2.00,-2.00}","sourceSize":"{184,66}","rotated":false},"ui2_000129":{"frame":"{{1371,350},{337,65}}","offset":"{-6.50,-7.00}","sourceSize":"{352,71}","rotated":false},"ui2_000022":{"frame":"{{748,1500},{160,40}}","offset":"{0.90,-2.95}","sourceSize":"{186,50}","rotated":false},"ui2_000113":{"frame":"{{1771,1402},{97,98}}","offset":"{2.00,-2.00}","sourceSize":"{93,94}","rotated":false},"ui2_000018":{"frame":"{{895,1598},{144,31}}","offset":"{3.25,-2.15}","sourceSize":"{156.5,32.5}","rotated":false},"ui2_000078":{"frame":"{{1868,1402},{35,36}}","offset":"{2.50,-2.00}","sourceSize":"{32,32}","rotated":false},"ui2_000095":{"frame":"{{1738,1500},{20,23}}","offset":"{1.00,-2.50}","sourceSize":"{20,20}","rotated":false},"ui2_000085":{"frame":"{{1891,542},{31,35}}","offset":"{0.50,-1.50}","sourceSize":"{32,32}","rotated":false},"ui2_000128":{"frame":"{{1371,69},{347,71}}","offset":"{1.50,-4.00}","sourceSize":"{352,71}","rotated":false},"ui2_000103":{"frame":"{{1480,1304},{97,98}}","offset":"{2.00,-2.00}","sourceSize":"{93,94}","rotated":false},"ui2_000126":{"frame":"{{1371,285},{356,65}}","offset":"{2.00,3.00}","sourceSize":"{352,71}","rotated":false},"ui2_000127":{"frame":"{{1371,140},{339,72}}","offset":"{-2.50,-0.50}","sourceSize":"{352,71}","rotated":false},"ui2_000039":{"frame":"{{753,1669},{96,36}}","offset":"{0.78,-2.85}","sourceSize":"{98.14999999999999,33.7}","rotated":false},"ui2_000071":{"frame":"{{1286,1206},{97,98}}","offset":"{2.00,-2.00}","sourceSize":"{93,94}","rotated":false},"ui2_000034":{"frame":"{{1813,1540},{106,30}}","offset":"{-0.10,0.80}","sourceSize":"{117,34}","rotated":false},"ui2_000064":{"frame":"{{1704,212},{217,61}}","offset":"{-8.75,-12.40}","sourceSize":"{254.29999999999998,77.8}","rotated":false},"ui2_000044":{"frame":"{{1134,1669},{94,35}}","offset":"{4.88,-1.25}","sourceSize":"{98.14999999999999,33.7}","rotated":false},"ui2_000125":{"frame":"{{1371,603},{324,65}}","offset":"{-6.00,0.00}","sourceSize":"{352,71}","rotated":false},"ui2_000091":{"frame":"{{1902,1060},{20,24}}","offset":"{0.00,-2.00}","sourceSize":"{20,20}","rotated":false},"ui2_000049":{"frame":"{{1373,1540},{148,32}}","offset":"{2.75,-2.30}","sourceSize":"{186.1,42.4}","rotated":false},"ui2_000059":{"frame":"{{1521,1540},{148,32}}","offset":"{2.00,-2.00}","sourceSize":"{144,28}","rotated":false},"ui2_000077":{"frame":"{{694,0},{677,924}}","offset":"{2.00,-2.00}","sourceSize":"{673,920}","rotated":false},"ui2_000102":{"frame":"{{1383,1304},{97,98}}","offset":"{2.00,-2.00}","sourceSize":"{93,94}","rotated":false},"ui2_000084":{"frame":"{{797,1705},{29,35}}","offset":"{-0.50,-1.50}","sourceSize":"{32,32}","rotated":false},"ui2_000054":{"frame":"{{1077,1500},{190,32}}","offset":"{2.05,-2.90}","sourceSize":"{186.1,42.4}","rotated":false},"ui2_000025":{"frame":"{{651,1598},{123,39}}","offset":"{3.80,-3.55}","sourceSize":"{186,50}","rotated":false},"ui2_000001":{"frame":"{{1713,459},{151,15}}","offset":"{2.00,-2.00}","sourceSize":"{147,11}","rotated":false},"ui2_000029":{"frame":"{{1820,727},{86,63}}","offset":"{2.00,-2.00}","sourceSize":"{82,59}","rotated":false},"ui2_000070":{"frame":"{{1710,140},{201,59}}","offset":"{9.65,0.70}","sourceSize":"{254.29999999999998,77.8}","rotated":false},"ui2_000005":{"frame":"{{1868,1206},{42,38}}","offset":"{2.00,-2.00}","sourceSize":"{38,34}","rotated":false},"ui2_000112":{"frame":"{{0,994},{651,899}}","offset":"{2.00,-2.00}","sourceSize":"{647,895}","rotated":false},"ui2_000009":{"frame":"{{1582,727},{238,70}}","offset":"{2.00,-2.00}","sourceSize":"{234,66}","rotated":false},"ui2_000101":{"frame":"{{1286,1304},{97,98}}","offset":"{2.00,-2.00}","sourceSize":"{93,94}","rotated":false},"ui2_000090":{"frame":"{{1868,1476},{20,23}}","offset":"{1.00,-2.50}","sourceSize":"{20,20}","rotated":false},"ui2_000013":{"frame":"{{1058,1540},{160,33}}","offset":"{1.75,-0.25}","sourceSize":"{156.5,32.5}","rotated":false},"ui2_000017":{"frame":"{{651,1637},{136,32}}","offset":"{0.50,-1.95}","sourceSize":"{156.5,32.5}","rotated":false},"ui2_000111":{"frame":"{{1674,1402},{97,98}}","offset":"{2.00,-2.00}","sourceSize":"{93,94}","rotated":false},"ui2_000063":{"frame":"{{1521,994},{231,65}}","offset":"{-9.45,4.25}","sourceSize":"{254.29999999999998,77.8}","rotated":false},"ui2_000021":{"frame":"{{1752,994},{147,44}}","offset":"{0.00,-4.75}","sourceSize":"{186,50}","rotated":false},"ui2_000110":{"frame":"{{1577,1402},{97,98}}","offset":"{2.00,-2.00}","sourceSize":"{93,94}","rotated":false},"ui2_000038":{"frame":"{{1228,1669},{95,34}}","offset":"{1.63,-1.85}","sourceSize":"{98.14999999999999,33.7}","rotated":false},"ui2_000120":{"frame":"{{1371,0},{368,69}}","offset":"{2.00,-5.33}","sourceSize":"{364,76.35}","rotated":false},"ui2_000121":{"frame":"{{1628,806},{288,48}}","offset":"{8.05,-9.43}","sourceSize":"{364,76.35}","rotated":false},"ui2_000033":{"frame":"{{774,1598},{121,38}}","offset":"{2.00,-2.00}","sourceSize":"{117,34}","rotated":false},"ui2_000119":{"frame":"{{1371,415},{342,63}}","offset":"{14.25,-2.13}","sourceSize":"{364,76.35}","rotated":false},"ui2_000048":{"frame":"{{1723,924},{188,35}}","offset":"{0.95,-2.05}","sourceSize":"{186.1,42.4}","rotated":false},"ui2_000062":{"frame":"{{1695,603},{221,57}}","offset":"{2.00,-2.00}","sourceSize":"{217,53}","rotated":false},"ui2_000043":{"frame":"{{1040,1669},{94,35}}","offset":"{5.43,-0.85}","sourceSize":"{98.14999999999999,33.7}","rotated":false},"ui2_000058":{"frame":"{{1674,1108},{97,98}}","offset":"{2.00,-2.00}","sourceSize":"{93,94}","rotated":false},"ui2_000053":{"frame":"{{903,1540},{155,35}}","offset":"{-1.80,-3.50}","sourceSize":"{186.1,42.4}","rotated":false},"ui2_000100":{"frame":"{{1874,1060},{28,25}}","offset":"{2.00,-2.00}","sourceSize":"{24,21}","rotated":false},"ui2_000069":{"frame":"{{1697,668},{222,48}}","offset":"{20.15,-3.60}","sourceSize":"{254.29999999999998,77.8}","rotated":false},"ui2_000083":{"frame":"{{737,1705},{30,35}}","offset":"{-1.00,-1.50}","sourceSize":"{32,32}","rotated":false},"ui2_000076":{"frame":"{{1421,1500},{172,29}}","offset":"{2.00,-2.00}","sourceSize":"{168,25}","rotated":false},"ui2_000109":{"frame":"{{1480,1402},{97,98}}","offset":"{2.00,-2.00}","sourceSize":"{93,94}","rotated":false},"ui2_000028":{"frame":"{{1684,1060},{190,34}}","offset":"{2.00,-2.30}","sourceSize":"{186,50}","rotated":false},"ui2_000089":{"frame":"{{1906,103},{13,22}}","offset":"{-2.50,-2.00}","sourceSize":"{20,20}","rotated":false},"ui2_000020":{"frame":"{{1286,1108},{97,98}}","offset":"{2.00,-2.00}","sourceSize":"{93,94}","rotated":false},"ui2_000000":{"frame":"{{1739,48},{151,15}}","offset":"{2.00,-2.00}","sourceSize":"{147,11}","rotated":false},"ui2_000099":{"frame":"{{1771,1206},{97,98}}","offset":"{2.00,-2.00}","sourceSize":"{93,94}","rotated":false},"ui2_000008":{"frame":"{{1693,1500},{25,26}}","offset":"{2.00,-2.00}","sourceSize":"{21,22}","rotated":false},"ui2_000004":{"frame":"{{1868,1438},{33,38}}","offset":"{2.00,-2.00}","sourceSize":"{29,34}","rotated":false},"ui2_000024":{"frame":"{{1713,415},{178,44}}","offset":"{1.45,-5.75}","sourceSize":"{186,50}","rotated":false},"ui2_000016":{"frame":"{{1039,1598},{142,31}}","offset":"{2.75,-1.05}","sourceSize":"{156.5,32.5}","rotated":false},"ui2_000032":{"frame":"{{1296,1598},{105,30}}","offset":"{2.15,-0.95}","sourceSize":"{117,34}","rotated":false},"ui2_000012":{"frame":"{{1267,1500},{154,32}}","offset":"{-0.50,-0.55}","sourceSize":"{156.5,32.5}","rotated":false},"ui2_000047":{"frame":"{{1868,1304},{36,38}}","offset":"{2.00,-2.00}","sourceSize":"{32,34}","rotated":false},"ui2_000042":{"frame":"{{946,1669},{94,35}}","offset":"{5.43,-0.85}","sourceSize":"{98.14999999999999,33.7}","rotated":false},"ui2_000057":{"frame":"{{1577,1108},{97,98}}","offset":"{2.00,-2.00}","sourceSize":"{93,94}","rotated":false},"ui2_000124":{"frame":"{{1371,806},{257,64}}","offset":"{10.30,-4.58}","sourceSize":"{364,76.35}","rotated":false},"ui2_000052":{"frame":"{{908,1500},{169,37}}","offset":"{0.70,-4.05}","sourceSize":"{186.1,42.4}","rotated":false},"ui2_000082":{"frame":"{{1891,415},{31,36}}","offset":"{-0.50,-2.00}","sourceSize":"{32,32}","rotated":false},"ui2_000098":{"frame":"{{1674,1206},{97,98}}","offset":"{2.00,-2.00}","sourceSize":"{93,94}","rotated":false},"ui2_000037":{"frame":"{{1181,1598},{115,30}}","offset":"{1.20,-0.40}","sourceSize":"{117,34}","rotated":false},"ui2_000117":{"frame":"{{1371,542},{348,61}}","offset":"{4.20,-5.48}","sourceSize":"{364,76.35}","rotated":false},"ui2_000061":{"frame":"{{1771,1108},{97,98}}","offset":"{2.00,-2.00}","sourceSize":"{93,94}","rotated":false},"ui2_000068":{"frame":"{{1708,350},{201,59}}","offset":"{9.65,0.70}","sourceSize":"{254.29999999999998,77.8}","rotated":false},"ui2_000118":{"frame":"{{1371,212},{333,73}}","offset":"{-0.15,1.67}","sourceSize":"{364,76.35}","rotated":false},"ui2_000107":{"frame":"{{1286,1402},{97,98}}","offset":"{2.00,-2.00}","sourceSize":"{93,94}","rotated":false},"ui2_000081":{"frame":"{{681,1740},{30,36}}","offset":"{-1.00,-2.00}","sourceSize":"{32,32}","rotated":false},"ui2_000097":{"frame":"{{1778,1500},{20,23}}","offset":"{1.00,-2.50}","sourceSize":"{20,20}","rotated":false},"ui2_000088":{"frame":"{{1899,994},{23,23}}","offset":"{2.50,-2.50}","sourceSize":"{20,20}","rotated":false},"ui2_000075":{"frame":"{{1577,1206},{97,98}}","offset":"{2.00,-2.00}","sourceSize":"{93,94}","rotated":false},"ui2_000067":{"frame":"{{1727,285},{195,57}}","offset":"{9.15,-0.35}","sourceSize":"{254.29999999999998,77.8}","rotated":false},"ui2_000074":{"frame":"{{1480,1206},{97,98}}","offset":"{2.00,-2.00}","sourceSize":"{93,94}","rotated":false},"ui2_000031":{"frame":"{{1323,1669},{91,32}}","offset":"{0.40,-1.50}","sourceSize":"{117,34}","rotated":false},"ui2_000116":{"frame":"{{651,994},{635,506}}","offset":"{2.00,-2.00}","sourceSize":"{631,502}","rotated":false},"ui2_000108":{"frame":"{{1383,1402},{97,98}}","offset":"{2.00,-2.00}","sourceSize":"{93,94}","rotated":false},"ui2_000023":{"frame":"{{1739,0},{171,48}}","offset":"{-1.65,-3.15}","sourceSize":"{186,50}","rotated":false},"ui2_000015":{"frame":"{{748,1540},{155,35}}","offset":"{4.75,-2.75}","sourceSize":"{156.5,32.5}","rotated":false},"ui2_000041":{"frame":"{{849,1669},{97,35}}","offset":"{4.58,-1.05}","sourceSize":"{98.14999999999999,33.7}","rotated":false}},"fonts":{"ScoreFont":{"start":78,"anchorY":1.53,"anchorX":-0.06,"chars":"0123456789","end":87,"size":45},"ScoreFont3":{"start":88,"anchorY":1.5,"anchorX":-0.1,"chars":"0123456789","end":97,"size":25}}}