{"fonts":{"ScoreFont":{"start":28,"chars":"0123456789","anchorY":1.53,"end":37,"anchorX":-0.06,"size":45},"ScoreFont3":{"start":38,"chars":"0123456789","anchorY":1.5,"end":47,"anchorX":-0.1,"size":25}},"metadata":{"realTextureFileName":"ui3.png","textureFileName":"ui3.png","format":2,"size":"{1746,1922}"},"frames":{"ui3_000044":{"frame":"{{1722,430},{20,23}}","offset":"{1.00,-2.50}","rotated":false,"sourceSize":"{20,20}"},"ui3_000039":{"frame":"{{1728,34},{13,22}}","offset":"{-2.50,-2.00}","rotated":false,"sourceSize":"{20,20}"},"ui3_000043":{"frame":"{{1720,383},{20,23}}","offset":"{0.00,-2.50}","rotated":false,"sourceSize":"{20,20}"},"ui3_000047":{"frame":"{{1724,483},{20,23}}","offset":"{1.00,-2.50}","rotated":false,"sourceSize":"{20,20}"},"ui3_000034":{"frame":"{{1626,483},{29,35}}","offset":"{-0.50,-1.50}","rotated":false,"sourceSize":"{32,32}"},"ui3_000035":{"frame":"{{1714,312},{31,35}}","offset":"{0.50,-1.50}","rotated":false,"sourceSize":"{32,32}"},"ui3_000033":{"frame":"{{1662,430},{30,35}}","offset":"{-1.00,-1.50}","rotated":false,"sourceSize":"{32,32}"},"ui3_000029":{"frame":"{{1728,0},{16,34}}","offset":"{-6.00,-2.00}","rotated":false,"sourceSize":"{32,32}"},"ui3_000045":{"frame":"{{1684,483},{20,23}}","offset":"{1.00,-2.50}","rotated":false,"sourceSize":"{20,20}"},"ui3_000024":{"frame":"{{1320,70},{239,67}}","offset":"{2.00,-1.50}","rotated":false,"sourceSize":"{235,66}"},"ui3_000021":{"frame":"{{1544,137},{178,44}}","offset":"{-1.60,-0.30}","rotated":false,"sourceSize":"{235,66}"},"ui3_000018":{"frame":"{{1555,0},{173,64}}","offset":"{5.70,-1.00}","rotated":false,"sourceSize":"{235,66}"},"ui3_000008":{"frame":"{{1320,617},{107,54}}","offset":"{1.15,-3.43}","rotated":false,"sourceSize":"{218,52.849999999999994}"},"ui3_000005":{"frame":"{{1320,430},{126,53}}","offset":"{0.85,-3.68}","rotated":false,"sourceSize":"{218,52.849999999999994}"},"ui3_000010":{"frame":"{{1320,531},{188,35}}","offset":"{0.95,-2.05}","rotated":false,"sourceSize":"{186.1,42.4}"},"ui3_000015":{"frame":"{{1427,617},{155,35}}","offset":"{-1.80,-3.50}","rotated":false,"sourceSize":"{186.1,42.4}"},"ui3_000019":{"frame":"{{1463,360},{121,60}}","offset":"{4.65,-3.30}","rotated":false,"sourceSize":"{235,66}"},"ui3_000017":{"frame":"{{1542,312},{172,40}}","offset":"{2.25,-5.20}","rotated":false,"sourceSize":"{186.1,42.4}"},"ui3_000006":{"frame":"{{1320,312},{222,48}}","offset":"{2.00,-1.78}","rotated":false,"sourceSize":"{218,52.849999999999994}"},"ui3_000003":{"frame":"{{1320,566},{121,51}}","offset":"{2.95,-1.88}","rotated":false,"sourceSize":"{218,52.849999999999994}"},"ui3_000016":{"frame":"{{1508,531},{190,32}}","offset":"{2.05,-2.90}","rotated":false,"sourceSize":"{186.1,42.4}"},"ui3_000013":{"frame":"{{1446,430},{156,42}}","offset":"{-1.10,0.20}","rotated":false,"sourceSize":"{186.1,42.4}"},"ui3_000002":{"frame":"{{1584,360},{136,51}}","offset":"{6.40,-2.88}","rotated":false,"sourceSize":"{218,52.849999999999994}"},"ui3_000000":{"frame":"{{1320,0},{235,70}}","offset":"{2.00,-2.00}","rotated":false,"sourceSize":"{231,66}"},"ui3_000004":{"frame":"{{1547,198},{139,54}}","offset":"{8.90,-0.58}","rotated":false,"sourceSize":"{218,52.849999999999994}"},"ui3_000001":{"frame":"{{0,0},{660,910}}","offset":"{2.00,-2.00}","rotated":false,"sourceSize":"{656,906}"},"ui3_000014":{"frame":"{{1441,566},{169,37}}","offset":"{0.70,-4.05}","rotated":false,"sourceSize":"{186.1,42.4}"},"ui3_000011":{"frame":"{{1582,617},{148,32}}","offset":"{2.75,-2.30}","rotated":false,"sourceSize":"{186.1,42.4}"},"ui3_000026":{"frame":"{{1320,255},{221,57}}","offset":"{2.00,-2.00}","rotated":false,"sourceSize":"{217,53}"},"ui3_000023":{"frame":"{{1320,137},{224,61}}","offset":"{4.95,1.65}","rotated":false,"sourceSize":"{235,66}"},"ui3_000020":{"frame":"{{1559,70},{170,51}}","offset":"{-17.85,2.15}","rotated":false,"sourceSize":"{235,66}"},"ui3_000025":{"frame":"{{1320,360},{143,70}}","offset":"{8.10,-2.00}","rotated":false,"sourceSize":"{235,66}"},"ui3_000007":{"frame":"{{1320,483},{134,48}}","offset":"{9.95,-1.73}","rotated":false,"sourceSize":"{218,52.849999999999994}"},"ui3_000012":{"frame":"{{1454,483},{172,38}}","offset":"{1.45,-2.85}","rotated":false,"sourceSize":"{186.1,42.4}"},"ui3_000009":{"frame":"{{1541,255},{154,48}}","offset":"{6.85,-1.68}","rotated":false,"sourceSize":"{218,52.849999999999994}"},"ui3_000048":{"frame":"{{660,0},{660,900}}","offset":"{2.00,-2.00}","rotated":false,"sourceSize":"{656,896}"},"ui3_000041":{"frame":"{{1726,255},{20,24}}","offset":"{0.00,-2.00}","rotated":false,"sourceSize":"{20,20}"},"ui3_000042":{"frame":"{{1721,198},{21,23}}","offset":"{0.50,-2.50}","rotated":false,"sourceSize":"{20,20}"},"ui3_000032":{"frame":"{{1695,255},{31,36}}","offset":"{-0.50,-2.00}","rotated":false,"sourceSize":"{32,32}"},"ui3_000028":{"frame":"{{1686,198},{35,36}}","offset":"{2.50,-2.00}","rotated":false,"sourceSize":"{32,32}"},"ui3_000022":{"frame":"{{1320,198},{227,57}}","offset":"{3.10,-1.20}","rotated":false,"sourceSize":"{235,66}"},"ui3_000027":{"frame":"{{1320,671},{86,63}}","offset":"{2.00,-2.00}","rotated":false,"sourceSize":"{82,59}"},"ui3_000037":{"frame":"{{1655,483},{29,35}}","offset":"{-0.50,-1.50}","rotated":false,"sourceSize":"{32,32}"},"ui3_000036":{"frame":"{{1692,430},{30,35}}","offset":"{1.00,-1.50}","rotated":false,"sourceSize":"{32,32}"},"ui3_000030":{"frame":"{{1602,430},{30,36}}","offset":"{1.00,-2.00}","rotated":false,"sourceSize":"{32,32}"},"ui3_000040":{"frame":"{{1720,360},{20,23}}","offset":"{1.00,-2.50}","rotated":false,"sourceSize":"{20,20}"},"ui3_000038":{"frame":"{{1722,137},{23,23}}","offset":"{2.50,-2.50}","rotated":false,"sourceSize":"{20,20}"},"ui3_000046":{"frame":"{{1704,483},{20,23}}","offset":"{1.00,-2.50}","rotated":false,"sourceSize":"{20,20}"},"ui3_000031":{"frame":"{{1632,430},{30,36}}","offset":"{-1.00,-2.00}","rotated":false,"sourceSize":"{32,32}"},"ui3_000049":{"frame":"{{0,910},{644,884}}","offset":"{2.00,-2.00}","rotated":false,"sourceSize":"{640,880}"}},"displays":{"hjx60213_64486":{"anchorY":1,"start":48,"end":48,"anchorX":0,"type":"hjx60213_64486"},"asdfasdf04365ws":{"anchorY":1.41,"start":10,"end":17,"anchorX":-0.04,"type":"asdfasdf04365ws"},"333123fytry":{"anchorY":1.18,"start":0,"end":0,"anchorX":0.05,"type":"333123fytry"},"asfasdf33aacc":{"anchorY":0.9,"start":27,"end":27,"anchorX":0.07,"type":"asfasdf33aacc"},"mainbg":{"anchorY":1,"start":49,"end":49,"anchorX":0,"type":"mainbg"},"asdfasdfaaxxxxxxxx":{"anchorY":0.78,"start":18,"end":25,"anchorX":0.26,"type":"asdfasdfaaxxxxxxxx"},"ASDFAS00CC5":{"anchorY":0.86,"start":2,"end":9,"anchorX":0.24,"type":"ASDFAS00CC5"},"asdfasdfasdf455347a3":{"anchorY":1.17,"start":26,"end":26,"anchorX":-0.28,"type":"asdfasdfasdf455347a3"},"ASDFAFOOP5":{"anchorY":0.99,"start":1,"end":1,"anchorX":0,"type":"ASDFAFOOP5"}},"mcs":{"shopBack":{"rect":"0,0,82.2,59.4","anchorY":0.84,"children":{"instance686":{"zIndex":0,"frames":"6.00,53.40,0.00,1.00,1.00,1.00","class":"asfasdf33aacc"}},"totalFrames":1,"anchorX":0.47,"type":"button"},"mbtn":{"rect":"0,0,368.8,89.95","anchorY":1.01,"children":{"instance631":{"zIndex":0,"frames":"-104.45,104.90,0.00,1.70,1.70,1.00","class":"asdfasdfasdf455347a3"},"label__11":{"zIndex":1,"frames":"16.10,107.10,0.00,1.70,1.70,1.00","class":"asdfasdf04365ws"}},"totalFrames":1,"anchorX":0.04,"type":"MoreGameButton"},"StartButton":{"rect":"0,0,324.15,92.05","anchorY":0.95,"children":{"label__10":{"zIndex":1,"frames":"102.70,61.90,0.00,1.00,1.00,1.00","class":"ASDFAS00CC5"},"instance658":{"zIndex":0,"frames":"16.65,108.35,0.00,1.40,1.40,1.00","class":"333123fytry"}},"totalFrames":1,"anchorX":-0.09,"type":"button"},"Listbg":{"rect":"0,0,656.2,906.1","anchorY":0,"children":{"scoreTxt":{"align":"left","height":67,"frames":"108.30,878.35,0.00,1.00,1.00,1.00","text":"28","class":"ScoreFont","zIndex":3,"width":151},"instance712":{"zIndex":0,"frames":"1.70,901.10,0.00,1.00,1.00,1.00","class":"ASDFAFOOP5"},"label__3":{"zIndex":2,"frames":"273.20,758.15,0.00,1.00,1.00,1.00","class":"asdfasdfaaxxxxxxxx"},"back":{"zIndex":1,"frames":"467.10,861.10,0.00,1.05,1.05,1.00","class":"shopBack"}},"totalFrames":1,"anchorX":0,"type":"Listbg"},"MainMenu":{"rect":"0,0,640,880","anchorY":0,"children":{"startBtn":{"zIndex":1,"frames":"10.50,208.50,0.00,1.00,1.00,1.00","class":"StartButton"},"instance744":{"zIndex":0,"frames":"0.00,880.00,0.00,1.00,1.00,1.00","class":"mainbg"},"moreBtn":{"zIndex":2,"frames":"33.70,107.00,0.00,1.00,1.00,1.00","class":"mbtn"}},"totalFrames":1,"anchorX":0,"type":"MainMenu"},"ShopWin":{"rect":"0,0,656.2,895.55","anchorY":0,"children":{"instance777":{"zIndex":0,"frames":"1.70,895.60,0.00,1.00,1.00,1.00","class":"hjx60213_64486"}},"totalFrames":1,"anchorX":0,"type":"ShopWin"}}}