{"displays":{"Combo4":{"anchorX":0.51,"anchorY":0.38,"type":"Combo4","start":5,"end":5},"LevelUpText":{"anchorX":0.48,"anchorY":0.43,"type":"LevelUpText","start":19,"end":26},"ReadyText":{"anchorX":0.45,"anchorY":0.49,"type":"ReadyText","start":27,"end":34},"Combo5":{"anchorX":0.49,"anchorY":0.41,"type":"Combo5","start":6,"end":6},"Combo2":{"anchorX":0.53,"anchorY":0.41,"type":"Combo2","start":3,"end":3},"Combo9":{"anchorX":0.52,"anchorY":0.48,"type":"Combo9","start":10,"end":10},"Combo8":{"anchorX":0.52,"anchorY":0.48,"type":"Combo8","start":9,"end":9},"powerupTip":{"anchorX":-5.56,"anchorY":1.24,"type":"powerupTip","start":81,"end":81},"Combo3":{"anchorX":0.51,"anchorY":0.41,"type":"Combo3","start":4,"end":4},"Combo7":{"anchorX":0.48,"anchorY":0.41,"type":"Combo7","start":8,"end":8},"Combo1":{"anchorX":0.53,"anchorY":0.44,"type":"Combo1","start":1,"end":1},"StartText":{"anchorX":0.5,"anchorY":0.53,"type":"StartText","start":55,"end":62},"Combo6":{"anchorX":0.51,"anchorY":0.44,"type":"Combo6","start":7,"end":7},"Combo10":{"anchorX":0.5,"anchorY":0.5,"type":"Combo10","start":2,"end":2},"SparkleEffect":{"anchorX":0.51,"anchorY":0.5,"type":"SparkleEffect","start":35,"end":54},"explosion":{"anchorX":0.51,"anchorY":0.48,"type":"explosion","start":63,"end":72},"moneyTip":{"anchorX":0.03,"anchorY":1.06,"type":"moneyTip","start":73,"end":80},"GameOverText":{"anchorX":0.46,"anchorY":0.65,"type":"GameOverText","start":11,"end":18},"ClickRect":{"anchorX":0.5,"anchorY":0.5,"type":"ClickRect","start":0,"end":0}},"frames":{"effect1_000027":{"sourceSize":"{235,60}","frame":"{{951,324},{211,59}}","rotated":false,"offset":"{-5.15,0.50}"},"effect1_000070":{"sourceSize":"{106,96}","frame":"{{216,632},{105,94}}","rotated":false,"offset":"{2.95,-2.10}"},"effect1_000008":{"sourceSize":"{136,51}","frame":"{{690,632},{140,55}}","rotated":false,"offset":"{2.00,-2.00}"},"effect1_000007":{"sourceSize":"{128,53}","frame":"{{476,732},{132,57}}","rotated":false,"offset":"{2.00,-2.00}"},"effect1_000036":{"sourceSize":"{105,105}","frame":"{{1142,0},{47,47}}","rotated":false,"offset":"{1.90,-2.10}"},"effect1_000050":{"sourceSize":"{105,105}","frame":"{{600,632},{90,85}}","rotated":false,"offset":"{-4.05,-3.35}"},"effect1_000029":{"sourceSize":"{235,60}","frame":"{{741,732},{129,52}}","rotated":false,"offset":"{-3.15,-1.00}"},"effect1_000012":{"sourceSize":"{366,68}","frame":"{{240,324},{237,59}}","rotated":false,"offset":"{0.50,4.50}"},"effect1_000032":{"sourceSize":"{235,60}","frame":"{{381,386},{239,50}}","rotated":false,"offset":"{2.00,0.00}"},"effect1_000006":{"sourceSize":"{132,51}","frame":"{{830,632},{136,55}}","rotated":false,"offset":"{2.00,-2.00}"},"effect1_000071":{"sourceSize":"{106,96}","frame":"{{110,632},{106,97}}","rotated":false,"offset":"{1.80,-2.00}"},"effect1_000020":{"sourceSize":"{412,65}","frame":"{{0,69},{387,61}}","rotated":false,"offset":"{16.50,-2.00}"},"effect1_000039":{"sourceSize":"{105,105}","frame":"{{85,912},{86,80}}","rotated":false,"offset":"{3.60,-4.85}"},"effect1_000045":{"sourceSize":"{105,105}","frame":"{{343,912},{85,63}}","rotated":false,"offset":"{-4.05,-0.20}"},"effect1_000052":{"sourceSize":"{105,105}","frame":"{{421,632},{90,89}}","rotated":false,"offset":"{-5.80,-2.10}"},"effect1_000004":{"sourceSize":"{129,51}","frame":"{{608,732},{133,55}}","rotated":false,"offset":"{2.00,-2.00}"},"effect1_000048":{"sourceSize":"{105,105}","frame":"{{0,835},{91,77}}","rotated":false,"offset":"{-1.50,-4.75}"},"effect1_000043":{"sourceSize":"{105,105}","frame":"{{0,732},{103,103}}","rotated":false,"offset":"{2.15,-2.20}"},"effect1_000068":{"sourceSize":"{106,96}","frame":"{{0,912},{85,81}}","rotated":false,"offset":"{2.10,-4.70}"},"effect1_000057":{"sourceSize":"{236,69}","frame":"{{0,324},{240,62}}","rotated":false,"offset":"{2.00,1.50}"},"effect1_000042":{"sourceSize":"{105,105}","frame":"{{103,732},{96,96}}","rotated":false,"offset":"{1.90,-2.35}"},"effect1_000035":{"sourceSize":"{105,105}","frame":"{{1155,69},{31,31}}","rotated":false,"offset":"{2.35,-1.75}"},"effect1_000015":{"sourceSize":"{366,68}","frame":"{{249,255},{253,61}}","rotated":false,"offset":"{0.50,-1.50}"},"effect1_000028":{"sourceSize":"{235,60}","frame":"{{345,565},{153,60}}","rotated":false,"offset":"{-1.15,-4.00}"},"effect1_000031":{"sourceSize":"{235,60}","frame":"{{1000,732},{130,51}}","rotated":false,"offset":"{-3.65,-1.50}"},"effect1_000058":{"sourceSize":"{236,69}","frame":"{{167,565},{178,60}}","rotated":false,"offset":"{29.15,4.50}"},"effect1_000066":{"sourceSize":"{106,96}","frame":"{{298,993},{66,65}}","rotated":false,"offset":"{1.85,-4.85}"},"effect1_000022":{"sourceSize":"{412,65}","frame":"{{370,0},{389,62}}","rotated":false,"offset":"{-0.50,-0.50}"},"effect1_000060":{"sourceSize":"{236,69}","frame":"{{0,565},{167,67}}","rotated":false,"offset":"{14.65,-3.00}"},"effect1_000051":{"sourceSize":"{105,105}","frame":"{{511,632},{89,87}}","rotated":false,"offset":"{-4.30,-2.85}"},"effect1_000010":{"sourceSize":"{156,52}","frame":"{{498,565},{160,56}}","rotated":false,"offset":"{2.00,-2.00}"},"effect1_000038":{"sourceSize":"{105,105}","frame":"{{76,993},{81,75}}","rotated":false,"offset":"{4.05,-5.45}"},"effect1_000013":{"sourceSize":"{366,68}","frame":"{{477,324},{237,59}}","rotated":false,"offset":"{0.50,4.50}"},"effect1_000055":{"sourceSize":"{236,69}","frame":"{{176,386},{205,58}}","rotated":false,"offset":"{-7.45,-0.50}"},"effect1_000065":{"sourceSize":"{106,96}","frame":"{{1101,632},{53,52}}","rotated":false,"offset":"{3.15,-4.80}"},"effect1_000017":{"sourceSize":"{366,68}","frame":"{{0,0},{370,69}}","rotated":false,"offset":"{2.00,-1.50}"},"effect1_000011":{"sourceSize":"{366,68}","frame":"{{0,199},{319,56}}","rotated":false,"offset":"{-0.50,2.00}"},"effect1_000033":{"sourceSize":"{235,60}","frame":"{{816,565},{151,50}}","rotated":false,"offset":"{-1.15,0.00}"},"effect1_000053":{"sourceSize":"{105,105}","frame":"{{0,993},{76,80}}","rotated":false,"offset":"{1.70,-6.60}"},"effect1_000069":{"sourceSize":"{106,96}","frame":"{{321,632},{100,91}}","rotated":false,"offset":"{2.10,-2.05}"},"effect1_000062":{"sourceSize":"{236,69}","frame":"{{0,386},{176,70}}","rotated":false,"offset":"{14.15,-3.50}"},"effect1_000034":{"sourceSize":"{235,60}","frame":"{{978,130},{171,51}}","rotated":false,"offset":"{-3.15,-1.50}"},"effect1_000046":{"sourceSize":"{105,105}","frame":"{{258,912},{85,68}}","rotated":false,"offset":"{-2.95,-1.75}"},"effect1_000072":{"sourceSize":"{106,96}","frame":"{{0,632},{110,100}}","rotated":false,"offset":"{2.00,-2.00}"},"effect1_000067":{"sourceSize":"{106,96}","frame":"{{157,993},{74,73}}","rotated":false,"offset":"{1.45,-5.00}"},"effect1_000049":{"sourceSize":"{105,105}","frame":"{{382,732},{94,80}}","rotated":false,"offset":"{-1.95,-4.60}"},"effect1_000002":{"sourceSize":"{162,52}","frame":"{{650,456},{166,56}}","rotated":false,"offset":"{2.00,-2.00}"},"effect1_000044":{"sourceSize":"{105,105}","frame":"{{0,456},{109,109}}","rotated":false,"offset":"{2.00,-2.00}"},"effect1_000009":{"sourceSize":"{122,34}","frame":"{{967,565},{126,38}}","rotated":false,"offset":"{2.00,-2.00}"},"effect1_000005":{"sourceSize":"{131,51}","frame":"{{966,632},{135,55}}","rotated":false,"offset":"{2.00,-2.00}"},"effect1_000080":{"sourceSize":"{450,33}","frame":"{{920,255},{252,33}}","rotated":false,"offset":"{1.10,-4.00}"},"effect1_000040":{"sourceSize":"{105,105}","frame":"{{294,732},{88,86}}","rotated":false,"offset":"{3.70,-3.05}"},"effect1_000056":{"sourceSize":"{236,69}","frame":"{{487,456},{163,59}}","rotated":false,"offset":"{3.65,1.00}"},"effect1_000077":{"sourceSize":"{450,33}","frame":"{{853,386},{316,35}}","rotated":false,"offset":"{2.10,-2.00}"},"effect1_000078":{"sourceSize":"{450,33}","frame":"{{502,255},{418,37}}","rotated":false,"offset":"{2.45,-2.00}"},"effect1_000026":{"sourceSize":"{412,65}","frame":"{{754,69},{401,51}}","rotated":false,"offset":"{1.50,-6.00}"},"effect1_000081":{"sourceSize":"{35,26}","frame":"{{1149,130},{39,30}}","rotated":false,"offset":"{2.00,-2.00}"},"effect1_000063":{"sourceSize":"{106,96}","frame":"{{217,835},{47,44}}","rotated":false,"offset":"{3.20,-3.60}"},"effect1_000041":{"sourceSize":"{105,105}","frame":"{{199,732},{95,93}}","rotated":false,"offset":"{4.05,-3.25}"},"effect1_000016":{"sourceSize":"{366,68}","frame":"{{0,255},{249,69}}","rotated":false,"offset":"{-2.50,-2.50}"},"effect1_000000":{"sourceSize":"{63,62}","frame":"{{231,993},{67,66}}","rotated":false,"offset":"{2.00,-2.00}"},"effect1_000021":{"sourceSize":"{412,65}","frame":"{{607,130},{371,52}}","rotated":false,"offset":"{4.50,6.50}"},"effect1_000076":{"sourceSize":"{450,33}","frame":"{{773,199},{329,36}}","rotated":false,"offset":"{2.50,-2.50}"},"effect1_000047":{"sourceSize":"{105,105}","frame":"{{171,912},{87,73}}","rotated":false,"offset":"{-1.80,-2.25}"},"effect1_000030":{"sourceSize":"{235,60}","frame":"{{658,565},{158,51}}","rotated":false,"offset":"{0.35,-0.50}"},"effect1_000001":{"sourceSize":"{122,48}","frame":"{{91,835},{126,52}}","rotated":false,"offset":"{2.00,-2.00}"},"effect1_000037":{"sourceSize":"{105,105}","frame":"{{428,912},{60,60}}","rotated":false,"offset":"{2.30,-2.70}"},"effect1_000025":{"sourceSize":"{412,65}","frame":"{{288,130},{319,62}}","rotated":false,"offset":"{-14.50,-4.50}"},"effect1_000018":{"sourceSize":"{366,68}","frame":"{{0,130},{288,69}}","rotated":false,"offset":"{0.00,-3.50}"},"effect1_000079":{"sourceSize":"{450,33}","frame":"{{109,515},{307,29}}","rotated":false,"offset":"{2.50,-1.00}"},"effect1_000014":{"sourceSize":"{366,68}","frame":"{{714,324},{237,59}}","rotated":false,"offset":"{0.50,4.50}"},"effect1_000059":{"sourceSize":"{236,69}","frame":"{{310,456},{177,59}}","rotated":false,"offset":"{14.65,1.00}"},"effect1_000003":{"sourceSize":"{126,47}","frame":"{{870,732},{130,51}}","rotated":false,"offset":"{2.00,-2.00}"},"effect1_000064":{"sourceSize":"{106,96}","frame":"{{1130,732},{49,45}}","rotated":false,"offset":"{3.40,-3.45}"},"effect1_000023":{"sourceSize":"{412,65}","frame":"{{387,69},{367,61}}","rotated":false,"offset":"{0.50,-6.00}"},"effect1_000054":{"sourceSize":"{105,105}","frame":"{{1102,199},{42,28}}","rotated":false,"offset":"{-14.40,-33.55}"},"effect1_000073":{"sourceSize":"{450,33}","frame":"{{416,515},{272,29}}","rotated":false,"offset":"{1.10,-1.00}"},"effect1_000061":{"sourceSize":"{236,69}","frame":"{{109,456},{201,59}}","rotated":false,"offset":"{13.65,1.00}"},"effect1_000074":{"sourceSize":"{450,33}","frame":"{{816,456},{327,30}}","rotated":false,"offset":"{2.45,-0.50}"},"effect1_000024":{"sourceSize":"{412,65}","frame":"{{759,0},{383,62}}","rotated":false,"offset":"{-14.50,-0.50}"},"effect1_000075":{"sourceSize":"{450,33}","frame":"{{319,199},{454,36}}","rotated":false,"offset":"{2.00,-2.50}"},"effect1_000019":{"sourceSize":"{412,65}","frame":"{{620,386},{233,48}}","rotated":false,"offset":"{-3.50,-7.50}"}},"mcs":{"TextAnim":{"children":{"label__0":{"frames":"145.50,46.75,0.00,0.42,0.42,1.00|145.50,46.75,0.00,0.73,0.69,1.00|145.50,46.75,0.00,1.04,0.95,1.00|145.50,46.75,0.00,1.35,1.22,1.00|145.50,46.70,0.00,1.22,1.14,1.00|145.55,46.75,0.00,1.10,1.06,1.00|145.50,46.75,0.00,0.97,0.97,1.00|145.50,46.75,0.00,0.99,0.99,1.00|145.50,46.75,0.00,1.02,1.02,1.00|145.50,46.75,0.00,1.04,1.04,1.00|145.50,46.75,0.00,1.06,1.06,1.00|||||145.50,46.75,0.00,1.01,1.01,1.00|145.45,46.75,0.00,0.96,0.96,1.00|145.50,46.80,0.00,0.91,0.91,1.00|145.50,46.75,0.00,0.86,0.86,1.00|145.50,46.80,0.00,0.95,0.95,0.75|145.50,46.75,0.00,1.05,1.05,0.50|145.50,46.80,0.00,1.14,1.14,0.25|145.50,46.75,0.00,1.24,1.24,0.00","zIndex":0,"class":"ReadyText"}},"totalFrames":23,"anchorX":0.48,"anchorY":0.52,"type":"TextAnim","rect":"0,0,305.65,90.55"},"TipAnim":{"children":{"label__0":{"frames":"32.80,31.90,0.00,0.50,0.50,1.00|2.15,34.80,0.00,0.72,0.72,1.00|-28.55,37.70,0.00,0.94,0.94,1.00|-59.25,40.50,0.00,1.16,1.16,1.00|-51.90,39.80,0.00,1.11,1.11,1.00|-44.55,39.10,0.00,1.05,1.05,1.00|-37.20,38.45,0.00,1.00,1.00,1.00||||||||||||||||||||||||||||","zIndex":0,"class":"moneyTip"}},"totalFrames":35,"anchorX":0.46,"anchorY":0.38,"type":"TipAnim","rect":"0,0,399.45,46.25"}},"metadata":{"realTextureFileName":"effect1.png","size":"{1190,1190}","textureFileName":"effect1.png","format":2}}