{"metadata":{"realTextureFileName":"levelMap.png","textureFileName":"levelMap.png","size":"{2114,2326}","format":2},"fonts":{"LevelFont":{"size":40,"start":4,"anchorX":-0.14,"anchorY":1.41,"chars":"0123456789","end":13}},"frames":{"levelMap_000012":{"sourceSize":"{21,29}","frame":"{{1184,21},{25,32}}","rotated":false,"offset":"{2.00,-2.50}"},"levelMap_000018":{"sourceSize":"{57,17}","frame":"{{1109,0},{61,21}}","rotated":false,"offset":"{2.00,-2.00}"},"levelMap_000010":{"sourceSize":"{21,29}","frame":"{{1159,21},{25,32}}","rotated":false,"offset":"{2.00,-2.50}"},"levelMap_000015":{"sourceSize":"{57,17}","frame":"{{1170,0},{61,21}}","rotated":false,"offset":"{2.00,-2.00}"},"levelMap_000008":{"sourceSize":"{21,29}","frame":"{{1134,21},{25,32}}","rotated":false,"offset":"{2.00,-2.50}"},"levelMap_000000":{"sourceSize":"{88,91}","frame":"{{804,0},{92,95}}","rotated":false,"offset":"{2.00,-2.00}"},"levelMap_000006":{"sourceSize":"{21,29}","frame":"{{1209,21},{24,32}}","rotated":false,"offset":"{1.50,-2.50}"},"levelMap_000016":{"sourceSize":"{57,17}","frame":"{{1231,0},{61,21}}","rotated":false,"offset":"{2.00,-2.00}"},"levelMap_000013":{"sourceSize":"{21,29}","frame":"{{1281,21},{24,32}}","rotated":false,"offset":"{1.50,-2.50}"},"levelMap_000011":{"sourceSize":"{21,29}","frame":"{{804,95},{24,33}}","rotated":false,"offset":"{1.50,-2.00}"},"levelMap_000009":{"sourceSize":"{21,29}","frame":"{{1257,21},{24,32}}","rotated":false,"offset":"{1.50,-2.50}"},"levelMap_000001":{"sourceSize":"{73,68}","frame":"{{896,0},{77,72}}","rotated":false,"offset":"{2.00,-2.00}"},"levelMap_000014":{"sourceSize":"{55,55}","frame":"{{1050,0},{59,59}}","rotated":false,"offset":"{2.00,-2.00}"},"levelMap_000002":{"sourceSize":"{800,2200}","frame":"{{0,0},{804,2204}}","rotated":false,"offset":"{2.00,-2.00}"},"levelMap_000004":{"sourceSize":"{21,29}","frame":"{{1109,21},{25,33}}","rotated":false,"offset":"{2.00,-2.00}"},"levelMap_000007":{"sourceSize":"{21,29}","frame":"{{1233,21},{24,32}}","rotated":false,"offset":"{1.50,-2.50}"},"levelMap_000005":{"sourceSize":"{21,29}","frame":"{{1305,21},{18,32}}","rotated":false,"offset":"{1.50,-2.50}"},"levelMap_000017":{"sourceSize":"{57,17}","frame":"{{1292,0},{61,21}}","rotated":false,"offset":"{2.00,-2.00}"},"levelMap_000003":{"sourceSize":"{73,68}","frame":"{{973,0},{77,72}}","rotated":false,"offset":"{2.00,-2.00}"}},"mcs":{"LevelButton":{"children":{"instance494196":{"class":"Symbol10","frames":"34.40,56.70,0.00,1.00,1.00,1.00|34.40,56.70,0.00,0.95,0.95,1.00|null","zIndex":1},"star":{"class":"stars","frames":"27.45,67.75,0.00,1.00,1.00,1.00||","zIndex":0},"pointer":{"class":"hjx67164_73553副本","frames":"5.45,136.30,0.33,1.00,1.00,1.00||","zIndex":3},"instance499742":{"class":"Symbol2","frames":"null||34.40,56.70,0.00,1.00,1.00,1.00","zIndex":1},"txt":{"text":"99","zIndex":2,"class":"LevelFont","frames":"5.45,90.00,0.00,1.00,1.00,1.00||","width":58.8,"align":"center","height":52.05}},"totalFrames":3,"labels":{"up":{"start":0,"end":0},"disabled":{"start":2,"end":2},"down":{"start":1,"end":1}},"anchorY":0.73,"type":"button","anchorX":-0.02,"rect":"0,0,68.85,132.3"},"LevelMap":{"colliders":{"view":"Rect,400.00,250.00,800.00,500.00,0"},"children":{"a23":{"class":"LevelButton","frames":"416.95,2101.75,0.00,0.82,0.82,1.00","zIndex":24},"a22":{"class":"LevelButton","frames":"242.95,1978.75,0.00,0.82,0.82,1.00","zIndex":23},"a21":{"class":"LevelButton","frames":"339.35,1820.75,0.00,0.82,0.82,1.00","zIndex":22},"a20":{"class":"LevelButton","frames":"489.45,1754.75,0.00,0.82,0.82,1.00","zIndex":21},"a2":{"class":"LevelButton","frames":"368.95,306.65,0.00,0.82,0.82,1.00","zIndex":3},"a19":{"class":"LevelButton","frames":"642.15,1691.55,0.00,0.82,0.82,1.00","zIndex":20},"a18":{"class":"LevelButton","frames":"660.10,1544.45,0.00,0.82,0.82,1.00","zIndex":19},"a17":{"class":"LevelButton","frames":"502.10,1477.45,0.00,0.82,0.82,1.00","zIndex":18},"a16":{"class":"LevelButton","frames":"333.20,1445.55,0.00,0.82,0.82,1.00","zIndex":17},"instance443056":{"class":"Symbol11","frames":"400.10,1100.20,0.00,1.00,1.00,1.00","zIndex":0},"a14":{"class":"LevelButton","frames":"25.20,1185.75,0.00,0.82,0.82,1.00","zIndex":15},"a13":{"class":"LevelButton","frames":"84.85,1030.10,0.00,0.82,0.82,1.00","zIndex":14},"a15":{"class":"LevelButton","frames":"141.25,1355.70,0.00,0.82,0.82,1.00","zIndex":16},"a12":{"class":"LevelButton","frames":"299.35,997.75,0.00,0.82,0.82,1.00","zIndex":13},"a11":{"class":"LevelButton","frames":"513.50,973.75,0.00,0.82,0.82,1.00","zIndex":12},"a9":{"class":"LevelButton","frames":"461.15,774.60,0.00,0.82,0.82,1.00","zIndex":10},"a10":{"class":"LevelButton","frames":"642.15,879.75,0.00,0.82,0.82,1.00","zIndex":11},"a8":{"class":"LevelButton","frames":"272.15,718.75,0.00,0.82,0.82,1.00","zIndex":9},"a1":{"class":"LevelButton","frames":"204.00,177.50,0.00,0.82,0.82,1.00","zIndex":2},"a7":{"class":"LevelButton","frames":"127.20,610.75,0.00,0.82,0.82,1.00","zIndex":8},"a0":{"class":"LevelButton","frames":"34.55,274.60,0.00,0.82,0.82,1.00","zIndex":1},"a6":{"class":"LevelButton","frames":"368.95,592.75,0.00,0.82,0.82,1.00","zIndex":7},"a5":{"class":"LevelButton","frames":"591.15,583.40,0.00,0.82,0.82,1.00","zIndex":6},"a4":{"class":"LevelButton","frames":"721.50,448.90,0.00,0.82,0.82,1.00","zIndex":5},"a3":{"class":"LevelButton","frames":"572.15,311.35,0.00,0.82,0.82,1.00","zIndex":4}},"totalFrames":1,"rect":"0,0,800.1,2200.2","anchorY":0,"type":"scrollPane","anchorX":0},"LevelSelect":{"children":{"map":{"class":"LevelMap","frames":"0.10,0.20,0.00,1.00,1.00,1.00","zIndex":0},"returnBtn":{"class":"Symbol12","frames":"51.60,58.45,0.00,1.00,1.00,1.00","zIndex":1}},"totalFrames":1,"rect":"0,0,800.1,2200.2","anchorY":0,"type":"LevelSelect","anchorX":0},"Symbol12":{"children":{"instance443027":{"class":"Symbol1","frames":"41.25,41.25,0.00,1.00,1.00,1.00|39.75,42.40,0.00,0.95,0.95,1.00","zIndex":0}},"totalFrames":2,"labels":{"up":{"start":0,"end":0},"down":{"start":1,"end":1}},"anchorY":0.5,"type":"button","anchorX":0.5,"rect":"0,0,82.5,82.5"}},"displays":{"Symbol11":{"start":2,"end":2,"type":"Symbol11","anchorX":0.5,"anchorY":0.5},"Symbol1":{"start":0,"end":0,"type":"Symbol1","anchorX":0.48,"anchorY":0.54},"stars":{"start":15,"end":18,"type":"stars","anchorX":0.39,"anchorY":3.97},"Symbol10":{"start":1,"end":1,"type":"Symbol10","anchorX":0.47,"anchorY":0.54},"hjx67164_73553副本":{"start":14,"end":14,"type":"hjx67164_73553副本","anchorX":0.02,"anchorY":1.07},"Symbol2":{"start":3,"end":3,"type":"Symbol2","anchorX":0.47,"anchorY":0.54}}}