{"frames": [

{
	"filename": "active_page",
	"frame": {"x":1,"y":1,"w":13,"h":14},
	"rotated": false,
	"trimmed": false,
	"spriteSourceSize": {"x":0,"y":0,"w":13,"h":14},
	"sourceSize": {"w":13,"h":14}
},
{
	"filename": "back_button",
	"frame": {"x":638,"y":1,"w":66,"h":66},
	"rotated": false,
	"trimmed": false,
	"spriteSourceSize": {"x":0,"y":0,"w":66,"h":66},
	"sourceSize": {"w":66,"h":66}
},
{
	"filename": "button_continue",
	"frame": {"x":135,"y":68,"w":300,"h":84},
	"rotated": false,
	"trimmed": false,
	"spriteSourceSize": {"x":0,"y":0,"w":300,"h":84},
	"sourceSize": {"w":300,"h":84}
},
{
	"filename": "credits_button",
	"frame": {"x":504,"y":1,"w":66,"h":65},
	"rotated": false,
	"trimmed": false,
	"spriteSourceSize": {"x":0,"y":0,"w":66,"h":65},
	"sourceSize": {"w":66,"h":65}
},
{
	"filename": "level_button_back",
	"frame": {"x":436,"y":68,"w":107,"h":112},
	"rotated": false,
	"trimmed": false,
	"spriteSourceSize": {"x":0,"y":0,"w":107,"h":112},
	"sourceSize": {"w":107,"h":112}
},
{
	"filename": "level_page_arrow",
	"frame": {"x":544,"y":68,"w":50,"h":113},
	"rotated": false,
	"trimmed": false,
	"spriteSourceSize": {"x":0,"y":0,"w":50,"h":113},
	"sourceSize": {"w":50,"h":113}
},
{
	"filename": "levels_screen_button",
	"frame": {"x":68,"y":68,"w":66,"h":66},
	"rotated": false,
	"trimmed": false,
	"spriteSourceSize": {"x":0,"y":0,"w":66,"h":66},
	"sourceSize": {"w":66,"h":66}
},
{
	"filename": "lock",
	"frame": {"x":65,"y":1,"w":31,"h":37},
	"rotated": false,
	"trimmed": false,
	"spriteSourceSize": {"x":0,"y":0,"w":31,"h":37},
	"sourceSize": {"w":31,"h":37}
},
{
	"filename": "play_button",
	"frame": {"x":595,"y":68,"w":222,"h":165},
	"rotated": false,
	"trimmed": false,
	"spriteSourceSize": {"x":0,"y":0,"w":222,"h":165},
	"sourceSize": {"w":222,"h":165}
},
{
	"filename": "restart_level_button",
	"frame": {"x":1,"y":68,"w":66,"h":66},
	"rotated": false,
	"trimmed": false,
	"spriteSourceSize": {"x":0,"y":0,"w":66,"h":66},
	"sourceSize": {"w":66,"h":66}
},
{
	"filename": "sound_off_button",
	"frame": {"x":705,"y":1,"w":66,"h":66},
	"rotated": false,
	"trimmed": false,
	"spriteSourceSize": {"x":0,"y":0,"w":66,"h":66},
	"sourceSize": {"w":66,"h":66}
},
{
	"filename": "sound_on_button",
	"frame": {"x":571,"y":1,"w":66,"h":66},
	"rotated": false,
	"trimmed": false,
	"spriteSourceSize": {"x":0,"y":0,"w":66,"h":66},
	"sourceSize": {"w":66,"h":66}
},
{
	"filename": "star_empty",
	"frame": {"x":40,"y":1,"w":24,"h":24},
	"rotated": false,
	"trimmed": false,
	"spriteSourceSize": {"x":0,"y":0,"w":24,"h":24},
	"sourceSize": {"w":24,"h":24}
},
{
	"filename": "star_filled",
	"frame": {"x":15,"y":1,"w":24,"h":23},
	"rotated": false,
	"trimmed": false,
	"spriteSourceSize": {"x":0,"y":0,"w":24,"h":23},
	"sourceSize": {"w":24,"h":23}
},
{
	"filename": "stats",
	"frame": {"x":97,"y":1,"w":406,"h":64},
	"rotated": false,
	"trimmed": false,
	"spriteSourceSize": {"x":0,"y":0,"w":406,"h":64},
	"sourceSize": {"w":406,"h":64}
}],
"meta": {
	"app": "http://www.codeandweb.com/texturepacker ",
	"version": "1.0",
	"image": "gui.png",
	"format": "RGBA8888",
	"size": {"w":818,"h":234},
	"scale": "1",
	"smartupdate": "$TexturePacker:SmartUpdate:369bfb4721241df7b027c5f73d87281a:66fb1a83cee136e14f45497f0b6ed3d4:788b34ed4e778d63c84b2c3df4d44949$"
}
}
