{"frameRate":15,"textureGroups":[{"atlases":[{"textures":[{"rect":[1,1,180,180],"origin":[90,90],"symbol":"feathers_flipbook_7"},{"rect":[184,1,180,180],"origin":[90,90],"symbol":"feathers_flipbook_8"},{"rect":[367,1,180,180],"origin":[90,90],"symbol":"feathers_flipbook_5"},{"rect":[550,1,180,180],"origin":[90,90],"symbol":"feathers_flipbook_15"},{"rect":[733,1,180,180],"origin":[90,90],"symbol":"feathers_flipbook_6"},{"rect":[1,183,180,180],"origin":[90,90],"symbol":"feathers_flipbook_13"},{"rect":[184,183,180,180],"origin":[90,90],"symbol":"feathers_flipbook_12"},{"rect":[367,183,180,180],"origin":[90,90],"symbol":"feathers_flipbook_0"},{"rect":[550,183,180,180],"origin":[90,90],"symbol":"feathers_flipbook_1"},{"rect":[733,183,180,180],"origin":[90,90],"symbol":"feathers_flipbook_2"},{"rect":[1,365,180,180],"origin":[90,90],"symbol":"feathers_flipbook_3"},{"rect":[184,365,180,180],"origin":[90,90],"symbol":"feathers_flipbook_4"},{"rect":[367,365,180,180],"origin":[90,90],"symbol":"feathers_flipbook_10"},{"rect":[550,365,180,180],"origin":[90,90],"symbol":"feathers_flipbook_14"},{"rect":[733,365,180,180],"origin":[90,90],"symbol":"feathers_flipbook_9"},{"rect":[1,547,180,180],"origin":[90,90],"symbol":"feathers_flipbook_11"},{"rect":[183,547,134,120],"origin":[67.1,60],"symbol":"blink_flipbook_0"},{"rect":[319,547,134,120],"origin":[68.1,60],"symbol":"down_flipbook_3"},{"rect":[455,547,134,120],"origin":[67.1,60],"symbol":"blink_flipbook_6"},{"rect":[591,547,134,120],"origin":[67.1,60],"symbol":"blink_flipbook_9"},{"rect":[727,547,134,120],"origin":[67.1,60],"symbol":"down_flipbook_0"},{"rect":[863,547,134,120],"origin":[67.1,60],"symbol":"blink_flipbook_12"},{"rect":[183,669,134,120],"origin":[67.1,60],"symbol":"blink_flipbook_3"},{"rect":[319,669,134,120],"origin":[67.1,60],"symbol":"final_flipbook_0"},{"rect":[455,669,134,120],"origin":[67.1,60],"symbol":"final_flipbook_3"},{"rect":[591,669,134,120],"origin":[67.1,60],"symbol":"loud_flipbook_0"},{"rect":[727,669,134,120],"origin":[67.1,60],"symbol":"loud_flipbook_3"},{"rect":[863,669,134,120],"origin":[67.1,60],"symbol":"loud_flipbook_6"},{"rect":[1,729,134,120],"origin":[67.1,61],"symbol":"normal_flipbook_0"}],"file":"atlas0.png"}],"scaleFactor":1}],"movies":[{"id":"blink","layers":[{"flipbook":true,"name":"flipbook","keyframes":[{"duration":3,"ref":"blink_flipbook_0","pivot":[67.1,60],"index":0,"tweened":false},{"duration":3,"ref":"blink_flipbook_3","pivot":[67.1,60],"index":3,"tweened":false},{"duration":3,"ref":"blink_flipbook_6","pivot":[67.1,60],"index":6,"tweened":false},{"duration":3,"ref":"blink_flipbook_9","pivot":[67.1,60],"index":9,"tweened":false},{"duration":3,"ref":"blink_flipbook_12","pivot":[67.1,60],"index":12,"tweened":false}]}]},{"id":"down","layers":[{"flipbook":true,"name":"flipbook","keyframes":[{"duration":3,"ref":"down_flipbook_0","pivot":[67.1,60],"index":0,"tweened":false},{"duration":3,"ref":"down_flipbook_3","pivot":[68.1,60],"index":3,"tweened":false}]}]},{"id":"feathers","layers":[{"flipbook":true,"name":"flipbook","keyframes":[{"duration":1,"ref":"feathers_flipbook_0","pivot":[90,90],"index":0,"tweened":false},{"duration":1,"ref":"feathers_flipbook_1","pivot":[90,90],"index":1,"tweened":false},{"duration":1,"ref":"feathers_flipbook_2","pivot":[90,90],"index":2,"tweened":false},{"duration":1,"ref":"feathers_flipbook_3","pivot":[90,90],"index":3,"tweened":false},{"duration":1,"ref":"feathers_flipbook_4","pivot":[90,90],"index":4,"tweened":false},{"duration":1,"ref":"feathers_flipbook_5","pivot":[90,90],"index":5,"tweened":false},{"duration":1,"ref":"feathers_flipbook_6","pivot":[90,90],"index":6,"tweened":false},{"duration":1,"ref":"feathers_flipbook_7","pivot":[90,90],"index":7,"tweened":false},{"duration":1,"ref":"feathers_flipbook_8","pivot":[90,90],"index":8,"tweened":false},{"duration":1,"ref":"feathers_flipbook_9","pivot":[90,90],"index":9,"tweened":false},{"duration":1,"ref":"feathers_flipbook_10","pivot":[90,90],"index":10,"tweened":false},{"duration":1,"ref":"feathers_flipbook_11","pivot":[90,90],"index":11,"tweened":false},{"duration":1,"ref":"feathers_flipbook_12","pivot":[90,90],"index":12,"tweened":false},{"duration":1,"ref":"feathers_flipbook_13","pivot":[90,90],"index":13,"tweened":false},{"duration":1,"ref":"feathers_flipbook_14","pivot":[90,90],"index":14,"tweened":false},{"duration":1,"ref":"feathers_flipbook_15","pivot":[90,90],"index":15,"tweened":false}]}]},{"id":"final","layers":[{"flipbook":true,"name":"flipbook","keyframes":[{"duration":3,"ref":"final_flipbook_0","pivot":[67.1,60],"index":0,"tweened":false},{"duration":3,"ref":"final_flipbook_3","pivot":[67.1,60],"index":3,"tweened":false}]}]},{"id":"loud","layers":[{"flipbook":true,"name":"flipbook","keyframes":[{"duration":3,"ref":"loud_flipbook_0","pivot":[67.1,60],"index":0,"tweened":false},{"duration":3,"ref":"loud_flipbook_3","pivot":[67.1,60],"index":3,"tweened":false},{"duration":3,"ref":"loud_flipbook_6","pivot":[67.1,60],"index":6,"tweened":false}]}]},{"id":"normal","layers":[{"flipbook":true,"name":"flipbook","keyframes":[{"duration":1,"ref":"normal_flipbook_0","pivot":[67.1,61],"index":0,"tweened":false}]}]}],"md5":"52da5d7686ee445d74044fc5a3ca31ee"}